;ann_to_longer;ann_to_shorter;announcements;as_path_avg;as_path_max;class;dups;edit_distance_avg;edit_distance_dict_0_;edit_distance_dict_10_;edit_distance_dict_11_;edit_distance_dict_12_;edit_distance_dict_13_;edit_distance_dict_14_;edit_distance_dict_15_;edit_distance_dict_16_;edit_distance_dict_17_;edit_distance_dict_18_;edit_distance_dict_19_;edit_distance_dict_1_;edit_distance_dict_20_;edit_distance_dict_21_;edit_distance_dict_22_;edit_distance_dict_23_;edit_distance_dict_24_;edit_distance_dict_25_;edit_distance_dict_2_;edit_distance_dict_3_;edit_distance_dict_4_;edit_distance_dict_5_;edit_distance_dict_6_;edit_distance_dict_7_;edit_distance_dict_8_;edit_distance_dict_9_;edit_distance_max;edit_distance_unique_dict_0_;edit_distance_unique_dict_10_;edit_distance_unique_dict_11_;edit_distance_unique_dict_12_;edit_distance_unique_dict_13_;edit_distance_unique_dict_14_;edit_distance_unique_dict_15_;edit_distance_unique_dict_16_;edit_distance_unique_dict_17_;edit_distance_unique_dict_18_;edit_distance_unique_dict_19_;edit_distance_unique_dict_1_;edit_distance_unique_dict_20_;edit_distance_unique_dict_21_;edit_distance_unique_dict_22_;edit_distance_unique_dict_23_;edit_distance_unique_dict_24_;edit_distance_unique_dict_25_;edit_distance_unique_dict_2_;edit_distance_unique_dict_3_;edit_distance_unique_dict_4_;edit_distance_unique_dict_5_;edit_distance_unique_dict_6_;edit_distance_unique_dict_7_;edit_distance_unique_dict_8_;edit_distance_unique_dict_9_;flaps;imp_wd_dpath;imp_wd_spath;nadas;news;number_rare_ases;origin_0_;origin_1_;origin_2_;origin_changes;rare_ases_avg;rare_ases_max;timestamp;timestamp2;unique_as_path_avg;unique_as_path_max
0;653;786;7851;4;17;0;199;1.1930141523637459;1387;2;2;0;0;5;0;0;0;0;0;727;0;0;0;0;0;0;687;391;68;25;17;6;1;3;14;1387;2;2;0;0;5;0;0;0;0;0;727;0;0;0;0;0;0;687;391;68;25;17;6;1;3;26;1856;1090;150;4439;275;1877;0;252;44;0.04013426736719206;8;2001-09-20 00:09:35;1000944575;4;11
1;1024;829;9954;5;16;0;216;1.1139896373056994;2720;1;0;0;0;1;0;0;0;0;0;1208;0;0;0;0;0;0;680;283;187;187;89;33;4;11;14;2720;1;0;0;0;1;0;0;0;0;0;1208;0;0;0;0;0;0;680;283;187;187;89;33;4;11;92;2472;2257;367;4211;815;3452;0;240;93;0.0818766325095439;4;2001-09-20 00:14:35;1000944875;3;11
2;1384;1268;9110;7;16;0;439;1.4070431472081217;2368;16;2;1;1;0;0;0;0;0;0;1915;0;0;0;0;0;0;659;649;289;213;117;49;8;17;13;2368;16;2;1;1;0;0;0;0;0;0;1915;0;0;0;0;0;0;659;649;289;213;117;49;8;17;161;3569;1560;575;2588;191;2551;0;264;125;0.02096597145993414;4;2001-09-20 00:19:35;1000945175;4;12
3;951;949;6307;5;17;0;320;1.554480980012895;2004;21;3;0;0;1;6;0;0;0;0;997;0;0;0;0;0;0;497;503;207;176;112;43;42;41;15;2004;21;3;0;0;1;6;0;0;0;0;997;0;0;0;0;0;0;497;503;207;176;112;43;42;41;144;2196;1311;682;1420;168;2332;0;234;43;0.026637069922308545;3;2001-09-20 00:24:35;1000945475;5;9
4;736;2266;7419;4;16;0;386;1.654445165476963;2340;3;0;0;1;0;0;0;0;0;0;1372;0;0;0;0;0;0;745;495;585;362;190;60;1;10;13;2340;3;0;0;1;0;0;0;0;0;0;1372;0;0;0;0;0;0;745;495;585;362;190;60;1;10;233;2983;1501;1061;663;128;1986;0;282;114;0.017252999056476613;3;2001-09-20 00:29:35;1000945775;4;9
5;1431;1190;6323;9;15;0;158;1.9716366423917209;1575;65;12;3;0;0;0;0;0;0;0;1436;0;0;0;0;0;0;688;547;220;298;191;56;34;93;12;1575;65;12;3;0;0;0;0;0;0;0;1436;0;0;0;0;0;0;688;547;220;298;191;56;34;93;148;3203;1198;511;1024;270;2580;0;268;158;0.04270124940692709;3;2001-09-20 00:34:35;1000946075;4;11
6;1115;1292;5980;5;13;0;302;1.828225362451826;1967;3;9;3;0;0;0;0;0;0;0;1280;0;0;0;0;0;0;861;277;220;343;263;87;42;94;12;1967;3;9;3;0;0;0;0;0;0;0;1280;0;0;0;0;0;0;861;277;220;343;263;87;42;94;173;3152;1288;534;471;109;2110;0;186;79;0.01822742474916388;2;2001-09-20 00:39:35;1000946375;3;11
7;473;570;4911;3;15;0;268;0.885492089031912;1750;1;0;0;0;0;0;0;0;0;0;1308;0;0;0;0;0;0;385;130;69;36;20;5;12;13;10;1750;1;0;0;0;0;0;0;0;0;0;1308;0;0;0;0;0;0;385;130;69;36;20;5;12;13;149;1734;1241;337;1140;152;1716;0;227;22;0.030950926491549582;3;2001-09-20 00:44:35;1000946675;3;11
8;978;950;6302;3;17;0;249;1.3158651870119193;1969;1;2;0;0;1;0;0;0;0;0;1356;0;0;0;0;0;0;626;345;261;200;73;27;2;3;14;1969;1;2;0;0;1;0;0;0;0;0;1356;0;0;0;0;0;0;626;345;261;200;73;27;2;3;198;2451;1395;573;1292;200;1911;0;206;63;0.031735956839098696;3;2001-09-20 00:49:35;1000946975;3;11
9;1179;1065;8186;3;16;0;222;1.6583303980274744;1504;12;2;0;2;0;0;0;0;0;0;2078;0;0;0;0;0;0;972;421;209;137;100;133;61;47;13;1504;12;2;0;2;0;0;0;0;0;0;2078;0;0;0;0;0;0;972;421;209;137;100;133;61;47;170;3834;1014;438;2354;615;2827;0;229;77;0.07512826777424872;3;2001-09-20 00:54:35;1000947275;3;11
10;1378;1033;8776;4;15;0;270;1.5053264604810996;1533;10;1;0;0;0;0;0;0;0;0;2666;0;0;0;0;0;0;613;251;107;394;138;85;14;8;11;1533;10;1;0;0;0;0;0;0;0;0;2666;0;0;0;0;0;0;613;251;107;394;138;85;14;8;142;3952;1018;438;2883;519;2788;0;276;114;0.05913855970829535;4;2001-09-20 00:59:35;1000947575;4;10
11;1018;941;6233;6;15;0;214;1.3174301463600075;1829;6;7;2;0;0;0;0;0;0;0;1998;0;0;0;0;0;0;611;292;132;204;146;26;4;4;12;1829;6;7;2;0;0;0;0;0;0;0;1998;0;0;0;0;0;0;611;292;132;204;146;26;4;4;168;3076;1342;461;897;141;2092;0;255;100;0.02262153056313172;2;2001-09-20 01:04:35;1000947875;6;9
12;1053;1316;5862;4;17;0;233;2.0770540655598126;1585;85;5;2;1;0;2;0;0;0;0;1040;0;0;0;0;0;0;785;358;177;154;103;241;121;39;15;1585;85;5;2;1;0;2;0;0;0;0;1040;0;0;0;0;0;0;785;358;177;154;103;241;121;39;150;2600;1102;613;1042;160;1985;0;129;64;0.027294438758103036;2;2001-09-20 01:09:35;1000948175;3;9
13;956;934;4922;9;17;0;264;1.5938961906883493;1665;12;17;5;3;3;0;0;0;0;0;1413;0;0;0;0;0;0;521;290;93;161;77;125;68;36;14;1665;12;17;5;3;3;0;0;0;0;0;1413;0;0;0;0;0;0;521;290;93;161;77;125;68;36;176;2482;1097;470;329;112;2023;0;209;106;0.022754977651361235;3;2001-09-20 01:14:35;1000948475;4;12
14;776;764;5661;4;16;0;335;1.2351437699680512;1934;2;14;2;3;0;0;0;0;0;0;1522;0;0;0;0;0;0;567;232;157;124;46;58;26;8;13;1934;2;14;2;3;0;0;0;0;0;0;1522;0;0;0;0;0;0;567;232;157;124;46;58;26;8;146;2392;1359;463;908;87;2260;0;375;81;0.015368309485956544;4;2001-09-20 01:19:35;1000948775;4;11
15;811;1375;8017;4;16;0;471;1.1674723218462497;2910;14;0;0;0;0;0;0;0;0;0;1721;0;0;0;0;0;0;792;508;166;103;97;77;7;18;10;2910;14;0;0;0;0;0;0;0;0;0;1721;0;0;0;0;0;0;792;508;166;103;97;77;7;18;200;2996;2090;656;1365;62;2424;0;298;109;0.007733566171884745;3;2001-09-20 01:24:35;1000949075;4;10
16;970;1001;5889;4;18;0;284;1.4940598115526424;1837;2;6;0;0;0;0;0;0;0;0;1188;0;0;0;0;0;0;879;399;228;133;63;93;27;27;11;1837;2;6;0;0;0;0;0;0;0;0;1188;0;0;0;0;0;0;879;399;228;133;63;93;27;27;181;2671;1185;561;856;160;1903;0;197;294;0.0271692986924775;7;2001-09-20 01:29:35;1000949375;4;10
17;856;889;5390;4;17;0;337;1.2888327205882353;1835;2;2;0;0;0;0;0;0;0;0;930;0;0;0;0;0;0;940;290;130;98;45;40;33;7;11;1835;2;2;0;0;0;0;0;0;0;0;930;0;0;0;0;0;0;940;290;130;98;45;40;33;7;181;2169;1132;533;863;127;1832;11;210;241;0.023562152133580705;2;2001-09-20 01:34:35;1000949675;4;11
18;836;1038;5468;3;15;0;333;1.44;1592;1;0;0;2;0;0;0;0;0;0;1446;0;0;0;0;0;0;620;351;237;55;105;53;50;13;13;1592;1;0;0;2;0;0;0;0;0;0;1446;0;0;0;0;0;0;620;351;237;55;105;53;50;13;190;2435;983;584;866;59;1726;1;177;63;0.010520684736091298;3;2001-09-20 01:39:35;1000949975;3;10
19;1192;794;5767;3;17;0;254;1.441538794035012;1594;4;0;0;0;0;0;0;0;0;0;1334;0;0;0;0;0;0;760;425;269;104;70;55;8;4;10;1594;4;0;0;0;0;0;0;0;0;0;1334;0;0;0;0;0;0;760;425;269;104;70;55;8;4;146;2659;1071;497;1006;108;2382;0;127;64;0.01872724119993064;2;2001-09-20 01:44:35;1000950275;3;12
20;947;1508;6675;4;16;0;324;1.4579923166861533;2182;18;0;0;0;0;0;0;0;0;0;1516;0;0;0;0;0;0;1134;578;222;128;51;105;15;38;10;2182;18;0;0;0;0;0;0;0;0;0;1516;0;0;0;0;0;0;1134;578;222;128;51;105;15;38;238;2935;1457;1033;380;94;2422;0;196;182;0.014082397003745318;2;2001-09-20 01:49:35;1000950575;2;9
21;691;1061;5328;8;17;0;418;1.2269565217391305;1928;2;0;5;0;0;0;0;0;0;0;1112;0;0;0;0;0;0;841;390;171;83;18;10;37;3;12;1928;2;0;5;0;0;0;0;0;0;0;1112;0;0;0;0;0;0;841;390;171;83;18;10;37;3;267;2131;1140;644;626;148;2214;0;208;106;0.027777777777777776;3;2001-09-20 01:54:35;1000950875;6;10
22;864;954;5999;4;20;0;290;1.2084222782844944;2005;0;2;3;0;0;0;0;0;0;0;1628;0;0;0;0;0;0;758;346;204;116;60;20;8;3;12;2005;0;2;3;0;0;0;0;0;0;0;1628;0;0;0;0;0;0;758;346;204;116;60;20;8;3;232;2727;1254;650;746;233;2358;0;268;156;0.038839806634439075;3;2001-09-20 01:59:35;1000951175;4;10
23;618;613;4276;3;18;0;233;1.257694459988808;1445;6;2;0;0;0;0;0;0;0;0;1094;0;0;0;0;0;0;577;165;101;35;26;65;42;16;11;1445;6;2;0;0;0;0;0;0;0;0;1094;0;0;0;0;0;0;577;165;101;35;26;65;42;16;166;1875;941;359;679;72;1743;0;172;46;0.01683816651075772;4;2001-09-20 02:04:35;1000951475;3;13
24;1114;1014;5781;3;15;0;161;1.260702746365105;1849;13;0;0;0;0;0;0;0;0;0;1369;0;0;0;0;0;0;1032;375;201;36;22;19;18;18;10;1849;13;0;0;0;0;0;0;0;0;0;1369;0;0;0;0;0;0;1032;375;201;36;22;19;18;18;217;2360;1317;897;518;38;1697;0;68;32;0.006573257221933922;2;2001-09-20 02:09:35;1000951775;3;11
25;538;518;3614;3;17;0;161;1.0817830817830818;1218;5;0;0;0;0;0;0;0;0;0;828;0;0;0;0;0;0;443;239;58;15;26;5;5;7;10;1218;5;0;0;0;0;0;0;0;0;0;828;0;0;0;0;0;0;443;239;58;15;26;5;5;7;143;1437;860;248;717;126;1276;0;141;31;0.034864416159380185;3;2001-09-20 02:14:35;1000952075;3;10
26;1882;1220;16835;3;13;0;378;0.889169536930731;6545;3;0;0;0;0;0;0;0;0;0;3973;0;0;0;0;0;0;1178;766;380;66;24;90;24;16;10;6545;3;0;0;0;0;0;0;0;0;0;3973;0;0;0;0;0;0;1178;766;380;66;24;90;24;16;168;6046;5876;597;3691;360;2827;0;166;39;0.021378941742383754;3;2001-09-20 02:19:35;1000952375;3;10
27;1060;936;9653;6;16;0;340;0.98432944606414;3754;1;1;1;0;0;0;0;0;0;0;2706;0;0;0;0;0;0;743;586;215;139;62;7;9;8;12;3754;1;1;1;0;0;0;0;0;0;0;2706;0;0;0;0;0;0;743;586;215;139;62;7;9;8;254;4039;3029;570;1339;109;2509;0;133;140;0.01129065672260203;2;2001-09-20 02:24:35;1000952675;3;12
28;533;639;7992;5;15;0;477;0.6824016563146998;4089;1;1;0;0;0;0;0;0;0;0;2264;0;0;0;0;0;0;497;160;92;64;50;21;4;2;11;4089;1;1;0;0;0;0;0;0;0;0;2264;0;0;0;0;0;0;497;160;92;64;50;21;4;2;136;2915;3356;361;690;93;2074;0;156;22;0.011636636636636636;2;2001-09-20 02:29:35;1000952975;5;11
29;747;874;4598;2;16;0;249;1.4572554816457255;1837;3;0;0;3;3;0;0;0;0;0;869;0;0;0;0;0;0;504;255;143;174;174;83;4;7;14;1837;3;0;0;3;3;0;0;0;0;0;869;0;0;0;0;0;0;504;255;143;174;174;83;4;7;267;1750;1221;572;504;73;1497;0;151;28;0.015876468029578077;3;2001-09-20 02:34:35;1000953275;2;10
30;444;435;4393;3;15;0;139;0.8677835051546392;2041;3;0;0;9;0;0;0;0;0;0;1199;0;0;0;0;0;0;300;145;63;44;38;24;8;6;13;2041;3;0;0;9;0;0;0;0;0;0;1199;0;0;0;0;0;0;300;145;63;44;38;24;8;6;118;1626;1715;282;468;72;1446;0;37;14;0.01638971090371045;2;2001-09-20 02:39:35;1000953575;3;11
31;1034;1010;7481;6;15;0;122;1.2111510229579885;2592;2;13;0;0;0;0;0;0;0;0;2159;0;0;0;0;0;0;700;408;139;251;53;26;42;18;11;2592;2;13;0;0;0;0;0;0;0;0;2159;0;0;0;0;0;0;700;408;139;251;53;26;42;18;184;3221;2121;755;769;153;2256;0;123;41;0.020451811255179787;2;2001-09-20 02:44:35;1000953875;4;10
32;966;1083;5076;5;18;0;127;1.666591371131692;1451;1;7;4;0;0;0;2;0;0;0;1233;0;0;0;0;0;0;573;562;161;250;97;32;40;14;16;1451;1;7;4;0;0;0;2;0;0;0;1233;0;0;0;0;0;0;573;562;161;250;97;32;40;14;246;2438;956;660;629;55;1912;0;128;53;0.010835303388494878;2;2001-09-20 02:49:35;1000954175;4;12
33;1363;1297;10440;5;15;0;176;1.3605600933488915;2793;0;12;1;3;0;0;0;0;0;0;1901;0;0;0;0;0;0;851;619;193;188;174;54;52;15;13;2793;0;12;1;3;0;0;0;0;0;0;1901;0;0;0;0;0;0;851;619;193;188;174;54;52;15;195;3665;2232;588;3457;557;3352;0;257;84;0.053342271595479794;3;2001-09-20 02:54:35;1000954475;5;9
34;916;4335;14425;7;20;0;552;1.4140354164714701;3089;3;9;2;0;0;0;0;0;0;0;3078;0;0;0;0;0;0;3101;762;300;49;115;103;41;21;12;3089;3;9;2;0;0;0;0;0;0;0;3078;0;0;0;0;0;0;3101;762;300;49;115;103;41;21;202;7084;2161;674;3566;469;2877;0;337;122;0.03250398503014762;2;2001-09-20 02:59:35;1000954775;4;9
35;4460;6625;31147;4;18;0;1297;1.5929861849096705;5158;8;0;0;0;0;0;0;0;0;0;4249;0;0;0;0;0;0;6016;1716;519;836;143;69;80;26;10;5158;8;0;0;0;0;0;0;0;0;0;4249;0;0;0;0;0;0;6016;1716;519;836;143;69;80;26;249;13231;3408;635;12135;1457;6829;4;557;98;0.046776679080518815;3;2001-09-20 03:04:35;1000955075;4;10
36;1512;4881;13440;3;16;0;1068;1.4055366682855754;3616;7;7;3;1;0;0;0;0;0;0;3840;0;0;0;0;0;0;2970;1069;484;94;129;87;31;16;13;3616;7;7;3;1;0;0;0;0;0;0;3840;0;0;0;0;0;0;2970;1069;484;94;129;87;31;16;190;8391;2244;461;1011;56;3775;0;266;135;0.004166666666666667;2;2001-09-20 03:09:35;1000955375;3;11
37;11068;2825;26795;4;17;0;503;2.1326049811008128;3850;6;4;1;6;0;0;0;0;0;0;3232;0;0;0;0;0;0;7487;1567;449;1055;825;588;238;5;13;3850;6;4;1;6;0;0;0;0;0;0;3232;0;0;0;0;0;0;7487;1567;449;1055;825;588;238;5;169;13049;3122;2470;5638;1047;6463;6;475;109;0.0390686219635061;5;2001-09-20 03:14:35;1000955675;4;13
38;1695;11679;47629;3;20;0;875;1.6382823162409827;5145;4;14;16;0;0;0;0;0;0;0;3399;0;0;0;0;0;0;8680;1788;875;227;182;133;33;20;12;5145;4;14;16;0;0;0;0;0;0;0;3399;0;0;0;0;0;0;8680;1788;875;227;182;133;33;20;2088;14796;1911;846;1550;765;15468;42;1233;163;0.016060968696857088;2;2001-09-20 03:19:35;1000955975;3;11
39;1161;2759;65707;4;20;0;506;1.3565590687690912;4867;5;8;6;0;1;1;0;0;0;0;3533;0;0;0;0;0;0;1193;1207;438;438;287;70;32;27;15;4867;5;8;6;0;1;1;0;0;0;0;3533;0;0;0;0;0;0;1193;1207;438;438;287;70;32;27;2387;6323;1679;1218;1396;0;20252;30;1713;217;0.0;0;2001-09-20 03:24:35;1000956275;4;11
40;1006;1213;6555;3;14;0;464;1.3668402082498998;1661;1;3;0;0;0;0;0;0;0;0;1424;0;0;0;0;0;0;1040;524;180;57;53;29;17;5;11;1661;1;3;0;0;0;0;0;0;0;0;1424;0;0;0;0;0;0;1040;524;180;57;53;29;17;5;76;2920;1060;474;1326;0;1913;2;390;259;0.0;0;2001-09-20 03:29:35;1000956575;3;10
41;2527;1281;8301;6;16;0;533;1.4158377964804896;2815;12;38;9;10;0;0;0;0;0;0;2460;0;0;0;0;0;0;1175;609;300;90;267;24;27;6;13;2815;12;38;9;10;0;0;0;0;0;0;2460;0;0;0;0;0;0;1175;609;300;90;267;24;27;6;279;4566;1875;589;418;0;2253;0;249;73;0.0;0;2001-09-20 03:34:35;1000956875;6;14
42;1960;2629;9785;7;17;0;418;1.812775579423403;2893;17;8;2;1;0;3;0;0;0;0;2159;0;0;0;0;0;0;1382;825;526;370;437;73;132;17;15;2893;17;8;2;1;0;3;0;0;0;0;2159;0;0;0;0;0;0;1382;825;526;370;437;73;132;17;451;4853;1801;1322;746;0;3611;0;197;94;0.0;0;2001-09-20 03:39:35;1000957175;5;12
43;2488;3288;11223;6;18;0;478;1.4693333333333334;3252;12;32;13;8;0;2;0;0;0;0;3806;0;0;0;0;0;0;1460;1087;223;175;204;138;70;18;15;3252;12;32;13;8;0;2;0;0;0;0;3806;0;0;0;0;0;0;1460;1087;223;175;204;138;70;18;376;6560;2168;918;574;0;3277;0;257;88;0.0;0;2001-09-20 03:44:35;1000957475;5;12
44;875;1476;5839;4;19;0;382;1.4929794191190613;2034;1;12;9;3;0;2;0;2;0;0;1361;0;0;0;0;0;0;752;401;175;193;158;49;38;9;17;2034;1;12;9;3;0;2;0;2;0;0;1361;0;0;0;0;0;0;752;401;175;193;158;49;38;9;310;2474;1203;830;509;0;2032;0;210;102;0.0;0;2001-09-20 03:49:35;1000957775;4;11
45;849;1073;5028;4;18;0;272;1.4326067615658362;1792;7;13;0;4;6;0;0;0;0;0;1213;0;0;0;0;0;0;580;423;175;77;140;25;19;22;14;1792;7;13;0;4;6;0;0;0;0;0;1213;0;0;0;0;0;0;580;423;175;77;140;25;19;22;244;2204;1131;645;498;0;2020;0;233;101;0.0;0;2001-09-20 03:54:35;1000958075;4;12
46;1113;932;5349;4;17;0;245;1.5790172642762283;1583;11;2;1;0;0;0;0;0;0;0;1252;0;0;0;0;0;0;671;404;163;172;175;61;12;11;12;1583;11;2;1;0;0;0;0;0;0;0;1252;0;0;0;0;0;0;671;404;163;172;175;61;12;11;209;2460;979;625;757;0;2236;0;215;88;0.0;0;2001-09-20 03:59:35;1000958375;4;13
47;1443;1725;9230;10;14;0;428;1.3671428571428572;3240;3;2;0;0;0;0;0;0;0;0;1790;0;0;0;0;0;0;1149;651;342;194;254;31;41;3;11;3240;3;2;0;0;0;0;0;0;0;0;1790;0;0;0;0;0;0;1149;651;342;194;254;31;41;3;299;3734;2342;897;1443;0;2625;0;326;118;0.0;0;2001-09-20 04:04:35;1000958675;5;12
48;2095;1652;13441;6;15;0;545;1.488197784987135;3037;3;0;0;0;1;0;0;0;0;0;2580;0;0;0;0;0;0;1687;596;408;202;249;54;95;27;14;3037;3;0;0;0;1;0;0;0;0;0;2580;0;0;0;0;0;0;1687;596;408;202;249;54;95;27;267;5210;1988;929;4407;0;3805;2;310;118;0.0;0;2001-09-20 04:09:35;1000958975;6;9
49;2096;3282;9075;4;17;0;228;1.4058370676778122;2096;17;6;4;11;2;0;0;0;0;0;4128;0;0;0;0;0;0;1346;449;152;99;292;60;31;10;14;2096;17;6;4;11;2;0;0;0;0;0;4128;0;0;0;0;0;0;1346;449;152;99;292;60;31;10;170;6209;1619;477;283;0;3290;2;309;136;0.0;0;2001-09-20 04:14:35;1000959275;4;13
50;876;3394;9536;4;16;0;368;1.3833275603279067;2911;7;1;0;6;0;0;0;0;0;0;2744;0;0;0;0;0;0;1226;1168;262;110;113;72;27;14;13;2911;7;1;0;6;0;0;0;0;0;0;2744;0;0;0;0;0;0;1226;1168;262;110;113;72;27;14;441;4271;1836;1745;544;0;2723;0;379;119;0.0;0;2001-09-20 04:19:35;1000959575;4;11
51;1425;946;7136;3;16;0;307;1.12573673870334;2801;15;2;0;4;0;0;0;0;0;0;1981;0;0;0;0;0;0;1086;384;147;50;46;33;37;31;13;2801;15;2;0;4;0;0;0;0;0;0;1981;0;0;0;0;0;0;1086;384;147;50;46;33;37;31;198;3391;2019;702;421;0;2614;0;256;114;0.0;0;2001-09-20 04:24:35;1000959875;3;13
52;1282;1361;6231;4;16;0;197;1.536951909476662;1649;0;1;1;0;0;0;0;0;0;0;1914;0;0;0;0;0;0;1160;346;126;93;189;125;48;4;12;1649;0;1;1;0;0;0;0;0;0;0;1914;0;0;0;0;0;0;1160;346;126;93;189;125;48;4;207;3263;1073;916;495;0;2470;0;248;133;0.0;0;2001-09-20 04:29:35;1000960175;4;11
53;1045;1681;8455;9;18;0;283;1.405294386125057;2783;10;39;9;11;1;0;0;0;0;0;1632;0;0;0;0;0;0;1015;415;265;86;185;56;50;16;14;2783;10;39;9;11;1;0;0;0;0;0;1632;0;0;0;0;0;0;1015;415;265;86;185;56;50;16;230;3069;2156;835;1720;0;2201;0;271;90;0.0;0;2001-09-20 04:34:35;1000960475;4;12
54;1665;1478;8670;10;18;0;529;1.409268847076651;3164;11;23;1;9;1;0;0;0;0;0;1920;0;0;0;0;0;0;1368;464;575;126;175;47;18;17;14;3164;11;23;1;9;1;0;0;0;0;0;1920;0;0;0;0;0;0;1368;464;575;126;175;47;18;17;262;4248;2231;649;653;0;2409;0;231;183;0.0;0;2001-09-20 04:39:35;1000960775;5;14
55;3017;1904;13109;4;16;0;330;1.4975450081833062;4460;8;3;2;3;0;1;0;0;0;0;2631;0;0;0;0;0;0;1645;1049;1288;288;131;55;42;3;15;4460;8;3;2;3;0;1;0;0;0;0;2631;0;0;0;0;0;0;1645;1049;1288;288;131;55;42;3;254;5370;3714;1941;1445;0;2451;0;275;113;0.0;0;2001-09-20 04:44:35;1000961075;4;11
56;1429;902;5798;3;17;0;275;1.2456631225517627;1789;1;19;3;7;0;0;0;0;0;0;2081;0;0;0;0;0;0;790;320;155;139;27;13;10;7;13;1789;1;19;3;7;0;0;0;0;0;0;2081;0;0;0;0;0;0;790;320;155;139;27;13;10;7;258;3142;1133;553;369;0;1947;0;220;125;0.0;0;2001-09-20 04:49:35;1000961375;3;12
57;1820;1307;6401;6;19;0;259;1.669284467713787;1758;0;6;1;0;0;0;0;0;0;0;1656;0;0;0;0;0;0;1007;554;274;102;160;127;65;20;12;1758;0;6;1;0;0;0;0;0;0;0;1656;0;0;0;0;0;0;1007;554;274;102;160;127;65;20;224;3201;1162;884;657;0;2285;15;277;122;0.0;0;2001-09-20 04:54:35;1000961675;3;13
58;2740;2001;8785;3;19;0;347;1.671461945161687;2266;6;1;2;16;1;0;0;0;0;0;2522;0;0;0;0;0;0;1093;1456;213;167;273;71;35;11;14;2266;6;1;2;16;1;0;0;0;0;0;2522;0;0;0;0;0;0;1093;1456;213;167;273;71;35;11;370;5246;1345;825;550;0;2526;2;348;149;0.0;0;2001-09-20 04:59:35;1000961975;3;10
59;8062;4435;27639;4;17;0;1159;1.5414858898061048;9032;23;20;17;4;1;1;0;0;0;0;4542;0;0;0;0;0;0;7172;2682;1508;295;411;220;85;32;15;9032;23;20;17;4;1;1;0;0;0;0;4542;0;0;0;0;0;0;7172;2682;1508;295;411;220;85;32;4826;16542;2574;944;1354;13;8696;11;728;182;0.00047031583517238883;2;2001-09-20 05:04:35;1000962275;4;12
60;1116;6292;82334;6;20;0;598;0.28804919391757294;71497;21;11;23;3;1;1;0;0;0;0;1937;0;0;0;0;0;0;4170;1765;668;271;248;154;36;17;15;71497;21;11;23;3;1;1;0;0;0;0;1937;0;0;0;0;0;0;4170;1765;668;271;248;154;36;17;65966;8648;1114;4497;960;5;26388;63;2364;131;6.0726040540704665e-05;3;2001-09-20 05:09:35;1000962575;6;12
61;1382;2379;17529;4;18;0;424;0.8011016644713208;11781;17;8;4;4;0;0;1;0;0;0;1585;0;0;0;0;0;0;1143;876;557;317;251;99;36;23;16;11781;17;8;4;4;0;0;1;0;0;0;1585;0;0;0;0;0;0;1143;876;557;317;251;99;36;23;8757;4334;1755;1432;731;5;6011;2;480;142;0.0002852253280091272;2;2001-09-20 05:14:35;1000962875;4;12
62;2985;1590;12724;11;17;0;899;1.7717679621727598;2753;2;4;1;0;0;0;0;0;0;0;2045;0;0;0;0;0;0;1321;934;902;339;186;116;45;23;12;2753;2;4;1;0;0;0;0;0;0;0;2045;0;0;0;0;0;0;1321;934;902;339;186;116;45;23;292;5381;1328;771;3944;7;2893;0;789;114;0.0005501414649481296;1;2001-09-20 05:19:35;1000963175;7;12
63;1759;1910;9848;4;18;0;963;1.4076680417374423;2947;8;1;1;1;0;4;1;0;0;0;2193;0;0;0;0;0;0;1646;709;284;162;183;73;18;11;16;2947;8;1;1;1;0;4;1;0;0;0;2193;0;0;0;0;0;0;1646;709;284;162;183;73;18;11;403;4565;1394;917;1583;12;2686;0;587;229;0.001218274111675127;2;2001-09-20 05:24:35;1000963475;4;12
64;915;2209;10624;6;18;0;3075;1.1864724245577523;5359;0;0;0;0;0;4;2;0;0;0;1254;0;0;0;0;0;0;1196;391;939;247;89;71;53;5;16;5359;0;0;0;0;0;4;2;0;0;0;1254;0;0;0;0;0;0;1196;391;939;247;89;71;53;5;229;3935;1883;488;916;1;2409;0;744;86;9.38790837401427e-05;1;2001-09-20 05:29:35;1000963775;3;11
65;2172;1417;9345;4;18;0;2311;1.129685576815486;4021;11;7;1;0;0;0;0;0;0;0;2429;0;0;0;0;0;0;1155;559;537;103;34;33;40;7;12;4021;11;7;1;0;0;0;0;0;0;0;2429;0;0;0;0;0;0;1155;559;537;103;34;33;40;7;350;4619;1239;418;360;2;2523;0;433;138;0.00021312872975277067;1;2001-09-20 05:34:35;1000964075;4;13
66;1550;1656;8637;5;19;0;260;1.4015557939914163;2753;2;1;0;0;0;0;0;0;0;0;2120;0;0;0;0;0;0;931;695;569;309;28;28;13;7;11;2753;2;1;0;0;0;0;0;0;0;0;2120;0;0;0;0;0;0;931;695;569;309;28;28;13;7;229;4163;2123;681;1122;4;2749;0;183;136;0.00046307015512850195;1;2001-09-20 05:39:35;1000964375;4;12
67;2516;2319;10466;6;18;0;511;1.7578597339782345;2144;6;0;0;0;0;0;0;0;0;0;3172;0;0;0;0;0;0;1159;2249;968;145;45;17;9;10;10;2144;6;0;0;0;0;0;0;0;0;0;3172;0;0;0;0;0;0;1159;2249;968;145;45;17;9;10;351;7280;1116;666;465;0;2178;0;279;127;0.0;0;2001-09-20 05:44:35;1000964675;4;9
68;2871;4745;15180;4;18;0;787;1.389590562109646;4942;9;4;0;6;0;0;0;0;0;0;3762;0;0;0;0;0;0;3891;699;372;121;294;188;100;22;13;4942;9;4;0;6;0;0;0;0;0;0;3762;0;0;0;0;0;0;3891;699;372;121;294;188;100;22;463;9089;3442;629;722;0;4003;0;263;84;0.0;0;2001-09-20 05:49:35;1000964975;4;12
69;1086;1179;6773;5;19;0;542;1.4063539587491682;2725;4;0;0;0;0;0;0;0;0;0;1312;0;0;0;0;0;0;800;362;379;94;85;120;98;33;10;2725;4;0;0;0;0;0;0;0;0;0;1312;0;0;0;0;0;0;800;362;379;94;85;120;98;33;356;2754;1686;674;728;1;2499;0;75;28;0.00014764506127270044;1;2001-09-20 05:54:35;1000965275;2;11
70;1404;1147;8859;5;21;0;848;1.066776360894008;3753;12;2;0;1;1;0;0;1;0;0;1881;0;0;0;0;0;0;587;525;194;82;103;86;27;38;17;3753;12;2;0;1;1;0;0;1;0;0;1881;0;0;0;0;0;0;587;525;194;82;103;86;27;38;341;3213;2466;425;1549;23;2362;1;235;90;0.0025962298227790947;1;2001-09-20 05:59:35;1000965575;2;13
71;1600;1333;6653;4;19;0;350;1.4850771294433267;1927;1;5;1;8;0;0;0;0;0;0;1926;0;0;0;0;0;0;1048;370;276;175;71;117;31;8;13;1927;1;5;1;8;0;0;0;0;0;0;1926;0;0;0;0;0;0;1048;370;276;175;71;117;31;8;281;3614;1185;534;611;0;2610;0;197;101;0.0;0;2001-09-20 06:04:35;1000965875;4;11
72;1641;2110;10926;4;18;0;698;1.1474854932301741;4406;7;1;8;2;0;0;0;0;0;0;3229;0;0;0;0;0;0;1116;865;317;147;135;76;18;13;13;4406;7;1;8;2;0;0;0;0;0;0;3229;0;0;0;0;0;0;1116;865;317;147;135;76;18;13;479;4956;3095;1112;410;1;2951;0;431;151;9.152480322167308e-05;1;2001-09-20 06:09:35;1000966175;4;10
73;1280;1133;6490;4;16;0;569;1.5147475420763206;2088;3;6;6;1;0;0;0;0;0;0;1764;0;0;0;0;0;0;864;426;473;146;121;43;50;10;13;2088;3;6;6;1;0;0;0;0;0;0;1764;0;0;0;0;0;0;864;426;473;146;121;43;50;10;285;3491;1099;557;467;0;2813;0;226;92;0.0;0;2001-09-20 06:14:35;1000966475;4;11
74;1439;1392;8418;3;16;0;1126;1.0948756976154237;3988;15;0;8;3;0;0;1;0;0;1;1736;0;0;0;0;0;0;839;772;225;187;55;24;21;9;19;3988;15;0;8;3;0;0;1;0;0;1;1736;0;0;0;0;0;0;839;772;225;187;55;24;21;9;334;3442;2282;700;500;1;2394;19;210;147;0.00011879306248515087;1;2001-09-20 06:19:35;1000966775;3;13
75;1959;1934;10525;12;16;0;585;1.3103703703703704;2850;10;2;1;0;0;0;0;0;0;0;2781;0;0;0;0;0;0;1076;770;248;103;145;67;32;15;12;2850;10;2;1;0;0;0;0;0;0;0;2781;0;0;0;0;0;0;1076;770;248;103;145;67;32;15;296;4908;1821;490;2363;3;3424;0;361;141;0.0002850356294536817;1;2001-09-20 06:24:35;1000967075;5;11
76;2276;2235;9982;8;16;0;563;1.2484633816022503;3802;4;0;0;6;0;0;0;0;0;0;3044;0;0;0;0;0;0;1150;796;306;144;270;49;25;3;13;3802;4;0;0;6;0;0;0;0;0;0;3044;0;0;0;0;0;0;1150;796;306;144;270;49;25;3;265;5432;2812;527;356;4;2729;5;275;114;0.0004007212983370066;1;2001-09-20 06:29:35;1000967375;4;11
77;1695;2597;11857;4;18;0;890;1.346777233320769;3814;2;1;1;0;0;0;0;0;0;0;2932;0;0;0;0;0;0;2030;916;526;114;152;72;49;3;12;3814;2;1;1;0;0;0;0;0;0;0;2932;0;0;0;0;0;0;2030;916;526;114;152;72;49;3;293;5809;2410;1210;1182;2;3431;0;251;568;0.00016867673104495234;1;2001-09-20 06:34:35;1000967675;4;11
78;1469;1501;9396;14;21;0;1129;1.0017385257301807;3827;4;1;3;0;1;0;0;1;0;0;2677;0;0;0;0;0;0;1161;585;206;82;35;35;8;2;17;3827;4;1;3;0;1;0;0;1;0;0;2677;0;0;0;0;0;0;1161;585;206;82;35;35;8;2;386;4110;2136;867;633;1;2449;0;226;131;0.00010642826734780758;1;2001-09-20 06:39:35;1000967975;8;11
79;1019;1040;5494;3;15;0;484;1.2731354939476767;2059;0;0;0;0;0;0;0;0;0;0;1553;0;0;0;0;0;0;709;370;155;65;64;78;56;13;9;2059;0;0;0;0;0;0;0;0;0;0;1553;0;0;0;0;0;0;709;370;155;65;64;78;56;13;177;2641;1311;509;348;8;2044;2;246;117;0.0014558689717925387;1;2001-09-20 06:44:35;1000968275;3;10
80;993;1284;6563;5;18;0;853;1.065458700620307;2750;10;4;0;0;0;0;1;0;0;1;1702;0;0;0;0;0;0;944;400;171;64;42;12;7;18;19;2750;10;4;0;0;0;0;1;0;0;1;1702;0;0;0;0;0;0;944;400;171;64;42;12;7;18;225;2916;1545;587;379;0;1630;28;229;120;0.0;0;2001-09-20 06:49:35;1000968575;5;11
81;423;439;3150;2;16;0;480;0.917900403768506;1536;1;0;0;0;0;0;0;0;0;0;729;0;0;0;0;0;0;370;209;68;18;31;7;2;1;10;1536;1;0;0;0;0;0;0;0;0;0;729;0;0;0;0;0;0;370;209;68;18;31;7;2;1;198;1213;786;295;170;3;1539;0;124;74;0.0009523809523809524;1;2001-09-20 06:54:35;1000968875;2;10
82;1773;1389;10084;3;17;0;520;1.0567350790280727;4059;3;0;0;0;0;0;0;0;0;0;2116;0;0;0;0;0;0;1226;479;256;241;26;43;23;6;10;4059;3;0;0;0;0;0;0;0;0;0;2116;0;0;0;0;0;0;1226;479;256;241;26;43;23;6;324;4169;3010;455;1573;8;2494;0;227;110;0.0007932573128408527;1;2001-09-20 06:59:35;1000969175;3;10
83;2544;2649;13788;4;17;0;589;1.2791100337633106;4384;1;2;6;1;0;0;0;0;0;0;3247;0;0;0;0;0;0;1998;1013;475;169;176;63;10;6;13;4384;1;2;6;1;0;0;0;0;0;0;3247;0;0;0;0;0;0;1998;1013;475;169;176;63;10;6;438;6348;3068;1108;2047;5;3588;19;317;330;0.00036255528968167646;1;2001-09-20 07:04:35;1000969475;4;11
84;2245;2399;14294;5;14;0;441;1.1566423237876426;4475;1;2;1;0;0;0;0;0;0;0;4078;0;0;0;0;0;0;2131;755;477;120;109;25;7;6;12;4475;1;2;1;0;0;0;0;0;0;0;4078;0;0;0;0;0;0;2131;755;477;120;109;25;7;6;521;6917;3059;1249;1988;8;3494;0;406;360;0.0005596753882748006;1;2001-09-20 07:09:35;1000969775;5;12
85;3414;3466;19850;4;18;0;430;1.1892481156170187;7203;14;3;6;0;0;0;0;0;0;0;4244;0;0;0;0;0;0;2455;746;417;421;295;121;88;40;12;7203;14;3;6;0;0;0;0;0;0;0;4244;0;0;0;0;0;0;2455;746;417;421;295;121;88;40;506;7951;6027;1139;3761;1;4596;8;623;391;5.0377833753148616e-05;1;2001-09-20 07:14:35;1000970075;4;11
86;1960;2058;9838;6;18;0;448;1.257902220277808;3155;12;0;0;0;0;0;0;0;0;0;3083;0;0;0;0;0;0;1418;1014;164;143;86;32;15;21;10;3155;12;0;0;0;0;0;0;0;0;0;3083;0;0;0;0;0;0;1418;1014;164;143;86;32;15;21;228;5281;2214;972;613;3;2965;5;428;421;0.00030494002846106935;1;2001-09-20 07:19:35;1000970375;5;10
87;3014;3128;15814;5;15;0;678;1.524155137219324;3758;13;0;1;0;0;0;0;0;0;0;3469;0;0;0;0;0;0;2895;2420;293;136;104;102;15;21;12;3758;13;0;1;0;0;0;0;0;0;0;3469;0;0;0;0;0;0;2895;2420;293;136;104;102;15;21;365;8956;2389;839;2372;2;3141;0;538;202;0.00012639828098337863;1;2001-09-20 07:24:35;1000970675;5;10
88;1299;1391;6835;2;14;0;289;1.4081632653061225;1843;4;0;0;0;0;0;0;0;0;0;1689;0;0;0;0;0;0;1149;608;268;144;47;26;1;3;10;1843;4;0;0;0;0;0;0;0;0;0;1689;0;0;0;0;0;0;1149;608;268;144;47;26;1;3;299;3410;1086;698;996;9;2685;4;388;278;0.0013167520117044623;1;2001-09-20 07:29:35;1000970975;2;11
89;922;1661;7347;4;15;0;420;1.2526640926640926;2546;7;3;0;0;0;0;0;0;0;0;1795;0;0;0;0;0;0;1136;491;241;125;60;53;14;4;11;2546;7;3;0;0;0;0;0;0;0;0;1795;0;0;0;0;0;0;1136;491;241;125;60;53;14;4;251;3363;1698;743;813;13;2648;0;296;83;0.001769429699196951;2;2001-09-20 07:34:35;1000971275;4;12
90;1543;1284;8854;5;16;0;515;1.3287948234025344;2851;8;6;1;2;0;0;0;0;0;0;2472;0;0;0;0;0;0;824;534;251;236;49;74;35;75;13;2851;8;6;1;2;0;0;0;0;0;0;2472;0;0;0;0;0;0;824;534;251;236;49;74;35;75;342;4100;1811;650;1308;16;2790;16;245;139;0.0018070928393946238;1;2001-09-20 07:39:35;1000971575;5;12
91;2047;2706;12909;4;15;0;866;1.198039878337276;5054;0;2;0;0;0;0;0;0;0;0;3344;0;0;0;0;0;0;1589;863;360;283;232;83;15;11;11;5054;0;2;0;0;0;0;0;0;0;0;3344;0;0;0;0;0;0;1589;863;360;283;232;83;15;11;497;5773;3430;1270;882;6;4163;32;309;167;0.00046479200557750407;1;2001-09-20 07:44:35;1000971875;4;10
92;1580;1661;8788;5;15;0;460;1.381604954539465;2829;16;10;0;0;0;0;0;0;0;0;2068;0;0;0;0;0;0;1514;485;255;175;49;99;19;70;11;2829;16;10;0;0;0;0;0;0;0;0;2068;0;0;0;0;0;0;1514;485;255;175;49;99;19;70;312;4334;1882;601;1184;67;3124;2;341;111;0.007624032771961766;2;2001-09-20 07:49:35;1000972175;5;10
93;1963;1671;8709;3;17;0;457;1.65560323069157;2501;22;19;6;0;0;0;0;0;0;0;2402;0;0;0;0;0;0;1514;526;293;165;82;83;259;52;12;2501;22;19;6;0;0;0;0;0;0;0;2402;0;0;0;0;0;0;1514;526;293;165;82;83;259;52;351;4902;1518;696;702;8;2817;0;365;151;0.0009185899644046389;1;2001-09-20 07:54:35;1000972475;3;11
94;1159;1170;5538;3;17;0;335;1.603236498342757;1924;33;24;12;3;0;0;0;0;0;0;1374;0;0;0;0;0;0;803;336;196;118;165;75;25;41;13;1924;33;24;12;3;0;0;0;0;0;0;1374;0;0;0;0;0;0;803;336;196;118;165;75;25;41;288;2850;1150;506;380;6;2315;0;268;127;0.0010834236186348862;1;2001-09-20 07:59:35;1000972775;3;10
95;2403;1811;11084;13;16;0;1307;1.4606741573033708;3430;5;0;0;4;4;0;0;0;0;0;2109;0;0;0;0;0;0;1430;1187;402;260;138;53;39;17;14;3430;5;0;0;4;4;0;0;0;0;0;2109;0;0;0;0;0;0;1430;1187;402;260;138;53;39;17;404;4923;1538;906;1638;58;2977;35;375;178;0.005231352033913592;2;2001-09-20 08:04:35;1000973075;4;11
96;1306;1986;8173;5;15;0;480;1.1758543930862904;3025;4;0;0;0;0;0;0;0;0;0;2147;0;0;0;0;0;0;1355;696;228;83;48;34;11;6;10;3025;4;0;0;0;0;0;0;0;0;0;2147;0;0;0;0;0;0;1355;696;228;83;48;34;11;6;422;3655;1706;1374;368;2;2474;18;263;72;0.0002447081854888046;1;2001-09-20 08:09:35;1000973375;3;10
97;989;1322;7457;2;15;0;779;1.2330495591365156;2475;0;0;6;1;0;0;0;0;0;0;2170;0;0;0;0;0;0;894;563;181;173;39;56;16;4;13;2475;0;0;6;1;0;0;0;0;0;0;2170;0;0;0;0;0;0;894;563;181;173;39;56;16;4;275;3379;1265;880;843;30;2413;24;337;129;0.004023065575968888;1;2001-09-20 08:14:35;1000973675;2;11
98;3411;3445;23628;4;21;0;1746;0.8133855893880012;10812;0;0;6;0;0;0;0;5;6;0;8470;0;0;0;0;0;0;2527;921;223;143;64;14;7;21;18;10812;0;0;6;0;0;0;0;5;6;0;8470;0;0;0;0;0;0;2527;921;223;143;64;14;7;21;384;11460;8561;1068;339;4;4262;30;454;144;0.00016927634363097757;1;2001-09-20 08:19:35;1000973975;4;10
99;1120;2002;7972;4;15;0;454;1.4207821866971169;2491;12;2;1;0;0;0;0;4;3;1;1962;0;0;0;0;0;0;1236;612;365;117;89;86;17;8;19;2491;12;2;1;0;0;0;0;4;3;1;1962;0;0;0;0;0;0;1236;612;365;117;89;86;17;8;478;3874;1372;828;876;19;2923;5;361;173;0.0023833416959357753;1;2001-09-20 08:24:35;1000974275;4;10
100;1431;2649;10251;3;15;0;832;1.2180742554059567;3046;0;9;10;2;0;0;0;0;0;0;4062;0;0;0;0;0;0;1544;580;268;142;52;25;38;26;13;3046;0;9;10;2;0;0;0;0;0;0;4062;0;0;0;0;0;0;1544;580;268;142;52;25;38;26;319;6163;1672;818;349;7;3254;39;241;239;0.0006825273010920437;2;2001-09-20 08:29:35;1000974575;3;11
101;2247;1622;8969;5;18;0;1188;1.2968603561387066;2944;3;1;0;24;0;0;0;0;0;0;2727;0;0;0;0;0;0;1558;711;306;141;69;24;22;6;13;2944;3;1;0;24;0;0;0;0;0;0;2727;0;0;0;0;0;0;1558;711;306;141;69;24;22;6;267;5162;1362;557;404;2;3410;0;305;78;0.00022294058633374206;1;2001-09-20 08:34:35;1000974875;5;12
102;1190;1228;6693;5;13;0;387;1.3606065392513031;2227;10;1;0;0;0;0;0;0;0;0;1821;0;0;0;0;0;0;1342;414;257;61;44;94;39;21;11;2227;10;1;0;0;0;0;0;0;0;0;1821;0;0;0;0;0;0;1342;414;257;61;44;94;39;21;487;3779;1198;480;295;5;2644;3;365;117;0.0007470491558344539;1;2001-09-20 08:39:35;1000975175;3;10
103;2701;2607;15407;8;14;0;1273;0.9811511275664759;6358;1;16;8;0;0;0;0;0;0;0;4637;0;0;0;0;0;0;2761;616;251;94;56;13;11;33;12;6358;1;16;8;0;0;0;0;0;0;0;4637;0;0;0;0;0;0;2761;616;251;94;56;13;11;33;688;8091;4266;537;453;34;3347;2;347;142;0.002206789121827741;1;2001-09-20 08:44:35;1000975475;5;10
104;7686;45504;232047;4;24;0;15361;1.6396126023793867;26998;81;8;5;8;1;0;0;0;0;6;5253;3;0;1;0;0;0;32768;13291;2705;1459;568;280;88;112;22;26998;81;8;5;8;1;0;0;0;0;6;5253;3;0;1;0;0;0;32768;13291;2705;1459;568;280;88;112;645;56300;10828;501;148064;2986;56570;62;4852;319;0.012867140099282956;2;2001-09-20 08:49:35;1000975775;4;11
105;3782;4657;16594;5;23;0;781;1.6221423241299777;3144;3;1;0;7;0;0;0;0;0;0;4901;0;0;0;0;0;0;3176;2465;558;103;321;37;25;0;13;3144;3;1;0;7;0;0;0;0;0;0;4901;0;0;0;0;0;0;3176;2465;558;103;321;37;25;0;419;11259;1839;443;1828;5;4504;11;436;249;0.000301313727853441;1;2001-09-20 08:54:35;1000976075;5;10
106;2482;4732;13214;3;18;0;658;1.612913410687505;4003;1;5;0;5;0;0;0;0;0;0;3462;0;0;0;0;0;0;2169;1311;649;612;313;98;18;23;13;4003;1;5;0;5;0;0;0;0;0;0;3462;0;0;0;0;0;0;2169;1311;649;612;313;98;18;23;682;7940;2505;884;528;3;3313;19;433;276;0.00022703193582563946;1;2001-09-20 08:59:35;1000976375;3;12
107;2669;1364;8293;6;16;0;216;1.3390246898415428;2854;0;1;0;6;0;0;0;0;0;0;2728;0;0;0;0;0;0;1122;752;270;59;271;51;17;10;13;2854;0;1;0;6;0;0;0;0;0;0;2728;0;0;0;0;0;0;1122;752;270;59;271;51;17;10;396;4767;2045;717;141;2;2474;0;295;167;0.0002411672494875196;1;2001-09-20 09:04:35;1000976675;5;11
108;846;2657;7387;5;17;0;222;1.2371627502175806;2488;3;7;8;8;0;0;0;0;0;0;2552;0;0;0;0;0;0;918;422;195;103;111;40;24;15;13;2488;3;7;8;8;0;0;0;0;0;0;2552;0;0;0;0;0;0;918;422;195;103;111;40;24;15;324;4051;1767;530;477;14;2894;45;360;182;0.0018952213347773114;1;2001-09-20 09:09:35;1000976975;4;11
109;1203;1332;7034;7;14;0;411;1.182125359013347;2448;21;14;4;0;0;0;0;0;0;0;1759;0;0;0;0;0;0;845;511;163;53;52;28;11;10;12;2448;21;14;4;0;0;0;0;0;0;0;1759;0;0;0;0;0;0;845;511;163;53;52;28;11;10;333;3125;1514;536;1055;14;2496;27;229;80;0.00199033266988911;1;2001-09-20 09:14:35;1000977275;4;12
110;1127;1297;6506;2;16;0;375;1.4078862314156433;2379;40;11;0;0;0;0;0;0;0;0;1525;0;0;0;0;0;0;1138;615;222;76;70;69;13;30;11;2379;40;11;0;0;0;0;0;0;0;0;1525;0;0;0;0;0;0;1138;615;222;76;70;69;13;30;258;3336;1602;617;277;13;2182;0;432;117;0.0019981555487242546;1;2001-09-20 09:19:35;1000977575;2;10
111;1338;1418;7978;5;14;0;870;1.386892177589852;3006;3;1;0;0;0;0;0;0;0;0;1979;0;0;0;0;0;0;981;790;339;222;131;54;44;18;11;3006;3;1;0;0;0;0;0;0;0;0;1979;0;0;0;0;0;0;981;790;339;222;131;54;44;18;368;4136;1664;530;384;8;2983;0;328;224;0.0010025062656641604;1;2001-09-20 09:24:35;1000977875;5;10
112;1418;1476;7329;6;14;0;447;1.3923657345761207;2500;2;4;0;0;0;0;0;0;0;0;1885;0;0;0;0;0;0;982;616;434;183;88;52;10;3;11;2500;2;4;0;0;0;0;0;0;0;0;1885;0;0;0;0;0;0;982;616;434;183;88;52;10;3;291;3469;1570;982;440;6;2131;0;300;52;0.0008185538881309686;1;2001-09-20 09:29:35;1000978175;6;12
113;1274;1546;8947;7;13;0;672;1.233255147250456;2307;1;0;0;0;0;0;0;0;0;0;2982;0;0;0;0;0;0;1335;729;141;68;80;21;6;4;10;2307;1;0;0;0;0;0;0;0;0;0;2982;0;0;0;0;0;0;1335;729;141;68;80;21;6;4;321;4939;1207;535;1258;14;2586;13;236;388;0.0015647703140717558;1;2001-09-20 09:34:35;1000978475;4;10
114;1777;1489;8050;4;17;0;408;1.6857294853038969;2804;40;8;4;0;0;1;1;0;0;0;1822;0;0;0;0;0;0;1104;660;229;312;263;178;39;54;16;2804;40;8;4;0;0;1;1;0;0;0;1822;0;0;0;0;0;0;1104;660;229;312;263;178;39;54;309;4084;1956;762;439;1;2603;9;319;173;0.00012422360248447205;1;2001-09-20 09:39:35;1000978775;4;11
115;856;1063;5386;4;16;0;627;1.5152382900388628;1754;13;3;1;1;0;0;0;0;0;0;1432;0;0;0;0;0;0;737;384;154;86;197;91;27;9;13;1754;13;3;1;1;0;0;0;0;0;0;1432;0;0;0;0;0;0;737;384;154;86;197;91;27;9;258;2686;764;554;479;4;2020;0;331;234;0.0007426661715558856;1;2001-09-20 09:44:35;1000979075;4;14
116;1988;1284;7850;6;14;0;444;1.483987747145642;2478;1;0;1;0;0;0;0;0;0;0;1989;0;0;0;0;0;0;1066;744;569;141;86;79;19;9;12;2478;1;0;1;0;0;0;0;0;0;0;1989;0;0;0;0;0;0;1066;744;569;141;86;79;19;9;401;3850;1394;1093;536;0;2056;0;369;276;0.0;0;2001-09-20 09:49:35;1000979375;6;12
117;1446;1839;7301;3;12;0;366;1.7328221763491596;2406;3;0;0;0;0;0;0;0;0;0;1660;0;0;0;0;0;0;904;537;403;417;265;140;47;0;10;2406;3;0;0;0;0;0;0;0;0;0;1660;0;0;0;0;0;0;904;537;403;417;265;140;47;0;192;3796;1717;711;485;5;2423;0;321;222;0.0006848376934666484;1;2001-09-20 09:54:35;1000979675;3;10
118;1203;1279;10513;6;16;0;549;1.2447800977343404;3982;1;0;0;1;0;0;0;0;0;0;2464;0;0;0;0;0;0;944;752;257;229;237;119;13;5;13;3982;1;0;0;1;0;0;0;0;0;0;2464;0;0;0;0;0;0;944;752;257;229;237;119;13;5;298;4507;3034;616;1455;5;2364;0;363;335;0.0004755564009891573;1;2001-09-20 09:59:35;1000979975;4;10
119;1311;1311;10515;5;19;0;596;1.1652320174136737;4130;30;8;15;0;0;1;1;0;0;0;3775;0;0;0;0;0;0;960;477;185;174;154;96;63;38;16;4130;30;8;15;0;0;1;1;0;0;0;3775;0;0;0;0;0;0;960;477;185;174;154;96;63;38;411;5369;2947;784;373;13;2525;0;236;84;0.0012363290537327628;1;2001-09-20 10:04:35;1000980275;5;16
120;1113;1524;6792;4;17;0;250;1.4717470191809228;2080;11;2;1;0;0;0;0;0;0;0;1477;0;0;0;0;0;0;950;703;211;172;110;45;17;8;12;2080;11;2;1;0;0;0;0;0;0;0;1477;0;0;0;0;0;0;950;703;211;172;110;45;17;8;266;3342;1449;480;967;12;2150;0;259;87;0.001766264350897851;1;2001-09-20 10:09:35;1000980575;4;17
121;1072;1491;5914;7;15;0;332;1.7582938388625593;1726;2;10;15;0;0;0;0;0;0;0;1638;0;0;0;0;0;0;830;351;166;451;116;108;43;30;12;1726;2;10;15;0;0;0;0;0;0;0;1638;0;0;0;0;0;0;830;351;166;451;116;108;43;30;181;3464;1139;370;382;7;1758;0;193;106;0.0011836320595197836;1;2001-09-20 10:14:35;1000980875;5;10
122;925;865;5111;4;16;0;598;1.3035130718954249;2280;3;0;0;0;0;0;0;0;0;0;1046;0;0;0;0;0;0;589;367;347;113;63;24;48;16;10;2280;3;0;0;0;0;0;0;0;0;0;1046;0;0;0;0;0;0;589;367;347;113;63;24;48;16;168;2254;1428;448;209;6;1781;0;158;122;0.0011739385638818234;1;2001-09-20 10:19:35;1000981175;4;12
123;1954;1804;8756;6;14;0;451;1.5516989404457435;3086;7;4;0;0;0;0;0;0;0;0;2020;0;0;0;0;0;0;1239;798;355;239;225;150;72;16;11;3086;7;4;0;0;0;0;0;0;0;0;2020;0;0;0;0;0;0;1239;798;355;239;225;150;72;16;220;4396;2321;823;534;3;2269;0;300;175;0.00034262220191868436;1;2001-09-20 10:24:35;1000981475;4;11
124;2570;2105;9662;8;15;0;362;1.689297124600639;2784;7;1;1;0;0;0;0;0;0;0;2414;0;0;0;0;0;0;1486;661;325;609;384;50;34;8;12;2784;7;1;1;0;0;0;0;0;0;0;2414;0;0;0;0;0;0;1486;661;325;609;384;50;34;8;183;5496;2102;621;840;67;2841;0;358;189;0.006922202706891208;1;2001-09-20 10:29:35;1000981775;5;10
125;666;1264;5346;4;16;0;267;1.2138177486599167;2260;7;4;0;0;0;0;0;0;0;0;1351;0;0;0;0;0;0;593;353;156;189;73;19;24;8;11;2260;7;4;0;0;0;0;0;0;0;0;1351;0;0;0;0;0;0;593;353;156;189;73;19;24;8;259;2465;1652;394;295;10;1961;0;216;67;0.0018705574261129816;1;2001-09-20 10:34:35;1000982075;4;12
126;1465;1383;6619;4;17;0;379;1.4727152098192071;2005;4;8;2;1;2;0;0;0;0;0;1983;0;0;0;0;0;0;902;476;207;136;202;66;26;9;14;2005;4;8;2;1;2;0;0;0;0;0;1983;0;0;0;0;0;0;902;476;207;136;202;66;26;9;293;3677;1268;412;578;7;2405;0;358;132;0.0010575615651911164;1;2001-09-20 10:39:35;1000982375;4;10
127;1218;1066;5536;3;15;0;405;1.3798583189737699;1885;1;0;0;6;0;0;0;0;0;0;1604;0;0;0;0;0;0;876;367;120;57;262;36;8;1;13;1885;1;0;0;6;0;0;0;0;0;0;1604;0;0;0;0;0;0;876;367;120;57;262;36;8;1;205;3052;1177;384;299;8;2157;0;209;76;0.001444043321299639;1;2001-09-20 10:44:35;1000982675;3;10
128;2212;974;6778;4;18;0;337;1.276661040355992;2297;4;0;0;0;0;0;0;0;0;0;2330;0;0;0;0;0;0;921;493;148;69;153;61;22;19;10;2297;4;0;0;0;0;0;0;0;0;0;2330;0;0;0;0;0;0;921;493;148;69;153;61;22;19;331;4019;1538;292;252;0;2252;0;232;68;0.0;0;2001-09-20 10:49:35;1000982975;4;12
129;1610;2777;8405;5;13;0;599;1.292311501795221;2797;0;0;0;0;0;0;0;0;0;0;2769;0;0;0;0;0;0;1297;557;231;174;184;43;20;5;9;2797;0;0;0;0;0;0;0;0;0;0;2769;0;0;0;0;0;0;1297;557;231;174;184;43;20;5;168;4976;1901;433;316;0;2951;0;313;168;0.0;0;2001-09-20 10:54:35;1000983275;5;11
130;1253;1370;6909;3;15;0;642;1.301363422661025;2734;5;0;2;0;0;0;0;0;0;0;1500;0;0;0;0;0;0;1153;340;134;307;152;20;25;9;12;2734;5;0;2;0;0;0;0;0;0;0;1500;0;0;0;0;0;0;1153;340;134;307;152;20;25;9;217;3099;1756;667;509;7;2345;15;473;246;0.0010131712259371835;1;2001-09-20 10:59:35;1000983575;3;10
131;5149;2117;16065;3;18;0;866;1.3828548212351028;5135;2;6;8;6;0;8;0;0;0;0;4820;0;0;0;0;0;0;2162;1337;421;287;378;116;50;32;15;5135;2;6;8;6;0;8;0;0;0;0;4820;0;0;0;0;0;0;2162;1337;421;287;378;116;50;32;330;8892;3777;903;1192;51;3322;0;471;702;0.0031746031746031746;1;2001-09-20 11:04:35;1000983875;3;10
132;1262;2079;7143;3;18;0;416;1.3744824413433523;2324;4;1;12;22;2;0;6;0;0;0;2133;0;0;0;0;0;0;945;502;263;123;146;23;10;5;16;2324;4;1;12;22;2;0;6;0;0;0;2133;0;0;0;0;0;0;945;502;263;123;146;23;10;5;216;3850;1533;506;602;15;2454;0;379;116;0.0020999580008399833;1;2001-09-20 11:09:35;1000984175;3;12
133;873;802;4792;6;18;0;299;1.3595606366285586;1682;0;4;0;5;0;0;0;0;0;0;1331;0;0;0;0;0;0;676;309;143;193;56;32;21;9;13;1682;0;4;0;5;0;0;0;0;0;0;1331;0;0;0;0;0;0;676;309;143;193;56;32;21;9;214;2489;1086;373;307;12;1650;0;242;96;0.0025041736227045075;1;2001-09-20 11:14:35;1000984475;6;11
134;720;1059;4971;3;18;0;378;1.2595354783720434;2073;3;1;0;0;5;0;0;0;0;0;1171;0;0;0;0;0;0;648;315;213;113;107;26;15;3;14;2073;3;1;0;0;5;0;0;0;0;0;1171;0;0;0;0;0;0;648;315;213;113;107;26;15;3;236;2131;1341;607;240;7;1792;0;303;87;0.001408167370750352;1;2001-09-20 11:19:35;1000984775;3;9
135;1007;909;5108;4;14;0;172;1.4275256222547583;1716;3;0;0;0;0;0;0;0;0;0;1501;0;0;0;0;0;0;685;290;221;157;131;29;36;12;10;1716;3;0;0;0;0;0;0;0;0;0;1501;0;0;0;0;0;0;685;290;221;157;131;29;36;12;235;2492;1199;683;313;1;1663;0;272;113;0.00019577133907595928;1;2001-09-20 11:24:35;1000985075;4;10
136;971;692;3785;3;15;0;205;1.3639135254988914;1346;3;0;0;0;0;0;0;0;0;0;870;0;0;0;0;0;0;759;271;219;77;37;9;9;8;10;1346;3;0;0;0;0;0;0;0;0;0;870;0;0;0;0;0;0;759;271;219;77;37;9;9;8;152;1945;924;382;156;2;1373;0;224;233;0.0005284015852047556;1;2001-09-20 11:29:35;1000985375;3;10
137;888;1029;4757;5;15;0;373;1.2937652540492568;1761;0;0;1;1;0;0;0;0;0;0;1173;0;0;0;0;0;0;827;351;169;135;63;12;13;1;13;1761;0;0;1;1;0;0;0;0;0;0;1173;0;0;0;0;0;0;827;351;169;135;63;12;13;1;265;2333;1014;522;238;9;1950;2;241;56;0.0018919487071683834;1;2001-09-20 11:34:35;1000985675;5;10
138;1602;2096;8825;7;16;0;366;1.8834431630971993;2400;7;12;35;26;7;2;8;0;0;0;1588;0;0;0;0;0;0;1142;839;511;369;234;35;45;24;16;2400;7;12;35;26;7;2;8;0;0;0;1588;0;0;0;0;0;0;1142;839;511;369;234;35;45;24;213;3857;1644;1204;1408;12;2804;0;333;109;0.0013597733711048158;1;2001-09-20 11:39:35;1000985975;4;10
139;2398;1659;11829;11;18;0;548;1.5568618321499244;3002;12;5;3;5;1;0;0;0;0;0;2213;0;0;0;0;0;0;1508;738;443;306;204;103;37;11;14;3002;12;5;3;5;1;0;0;0;0;0;2213;0;0;0;0;0;0;1508;738;443;306;204;103;37;11;253;4892;2085;813;3210;65;2896;3;513;125;0.00549496998901006;1;2001-09-20 11:44:35;1000986275;11;13
140;1980;1723;9356;7;19;0;220;1.4901635458639488;2953;5;2;0;0;0;0;0;0;0;0;2107;0;0;0;0;0;0;1710;771;285;336;126;76;49;18;11;2953;5;2;0;0;0;0;0;0;0;0;2107;0;0;0;0;0;0;1710;771;285;336;126;76;49;18;189;4852;2439;738;893;0;2178;0;295;146;0.0;0;2001-09-20 11:49:35;1000986575;5;12
141;1895;1389;7910;3;13;0;317;1.437351934719663;2733;14;0;0;0;0;0;0;0;0;0;1995;0;0;0;0;0;0;1286;746;391;267;106;43;13;4;10;2733;14;0;0;0;0;0;0;0;0;0;1995;0;0;0;0;0;0;1286;746;391;267;106;43;13;4;182;4358;2128;613;301;1;1909;0;259;114;0.00012642225031605562;1;2001-09-20 11:54:35;1000986875;3;12
142;1332;1395;6366;4;15;0;247;1.5909090909090908;1522;1;1;0;0;0;0;0;0;0;0;1433;0;0;0;0;0;0;1279;514;357;159;87;25;7;5;11;1522;1;1;0;0;0;0;0;0;0;0;1433;0;0;0;0;0;0;1279;514;357;159;87;25;7;5;290;3010;882;961;760;0;1771;0;282;174;0.0;0;2001-09-20 11:59:35;1000987175;4;11
143;2252;2289;11733;11;18;0;535;1.3520710059171597;4292;15;1;9;0;13;0;0;0;0;0;3146;0;0;0;0;0;0;1736;1516;335;202;109;35;75;8;14;4292;15;1;9;0;13;0;0;0;0;0;3146;0;0;0;0;0;0;1736;1516;335;202;109;35;75;8;418;6513;3208;818;188;35;3187;6;414;113;0.0029830392908889456;1;2001-09-20 12:04:35;1000987475;6;10
144;791;799;4214;5;16;0;203;1.3711010397227406;1295;0;0;0;0;0;0;0;0;0;0;1130;0;0;0;0;0;0;647;340;183;81;20;16;21;18;9;1295;0;0;0;0;0;0;0;0;0;0;1130;0;0;0;0;0;0;647;340;183;81;20;16;21;18;185;2077;817;469;424;11;1462;1;372;105;0.0026103464641670624;1;2001-09-20 12:09:35;1000987775;5;9
145;1464;1166;6024;4;13;0;252;1.6326390084351867;1923;2;0;0;0;0;0;0;0;0;0;1425;0;0;0;0;0;0;1103;386;404;382;157;13;10;4;10;1923;2;0;0;0;0;0;0;0;0;0;1425;0;0;0;0;0;0;1103;386;404;382;157;13;10;4;294;3444;1296;523;161;11;1899;1;407;166;0.0018260292164674634;2;2001-09-20 12:14:35;1000988075;4;10
146;1429;1485;6750;6;15;0;235;1.5994681735083929;1744;3;0;1;0;0;0;0;0;0;0;1625;0;0;0;0;0;0;1298;638;336;220;95;28;24;5;12;1744;3;0;1;0;0;0;0;0;0;0;1625;0;0;0;0;0;0;1298;638;336;220;95;28;24;5;265;3823;1140;554;637;40;2695;0;356;175;0.005925925925925926;1;2001-09-20 12:19:35;1000988375;5;10
147;1536;1485;5849;3;14;0;336;1.8319744771357676;1787;1;0;0;0;0;0;0;0;0;0;1277;0;0;0;0;0;0;1046;456;316;351;317;66;19;6;10;1787;1;0;0;0;0;0;0;0;0;0;1277;0;0;0;0;0;0;1046;456;316;351;317;66;19;6;189;3459;1179;479;177;6;2180;0;307;121;0.0010258163788681826;1;2001-09-20 12:24:35;1000988675;3;11
148;1378;1693;7300;6;13;0;387;1.649400058530875;2617;0;0;0;0;0;0;0;0;0;0;1383;0;0;0;0;0;0;1035;703;302;418;241;122;5;8;9;2617;0;0;0;0;0;0;0;0;0;0;1383;0;0;0;0;0;0;1035;703;302;418;241;122;5;8;382;2942;1685;1438;458;2;1982;0;355;662;0.000273972602739726;1;2001-09-20 12:29:35;1000988975;6;12
149;3181;2481;12120;5;13;0;1497;1.37972016183412;3630;27;0;0;0;0;0;0;0;0;0;4229;0;0;0;0;0;0;1644;1410;590;202;29;46;27;30;10;3630;27;0;0;0;0;0;0;0;0;0;4229;0;0;0;0;0;0;1644;1410;590;202;29;46;27;30;347;7555;1684;781;246;6;3187;0;317;708;0.0004950495049504951;1;2001-09-20 12:34:35;1000989275;5;11
150;1058;1127;4453;10;27;0;199;1.9524271844660195;1227;16;17;7;1;0;7;5;2;0;10;867;7;0;0;0;4;0;1105;349;166;89;90;51;75;25;24;1227;16;17;7;1;0;7;5;2;0;10;867;7;0;0;0;4;0;1105;349;166;89;90;51;75;25;224;2449;737;511;297;18;2155;0;308;138;0.004042218728946777;1;2001-09-20 12:39:35;1000989575;10;10
151;1445;1184;7283;10;16;0;491;1.3190562067929066;2860;25;18;15;2;0;0;0;0;0;0;1586;0;0;0;0;0;0;1143;505;167;147;64;45;59;18;13;2860;25;18;15;2;0;0;0;0;0;0;1586;0;0;0;0;0;0;1143;505;167;147;64;45;59;18;274;3260;1945;684;556;14;2607;0;319;131;0.0019222847727584787;1;2001-09-20 12:44:35;1000989875;5;12
152;1145;1417;8120;5;20;0;786;1.2599865501008742;3278;4;8;0;1;0;0;0;0;1;10;2004;8;2;0;0;0;0;1000;402;295;248;84;51;25;14;21;3278;4;8;0;1;0;0;0;0;1;10;2004;8;2;0;0;0;0;1000;402;295;248;84;51;25;14;439;3370;1800;1040;667;17;3081;9;302;129;0.0020935960591133003;1;2001-09-20 12:49:35;1000990175;5;12
153;1359;2174;9650;4;25;0;574;1.5125591554423008;3232;4;0;0;0;0;0;0;4;6;0;1902;0;1;0;0;0;0;1174;866;453;179;332;31;49;8;21;3232;4;0;0;0;0;0;0;4;6;0;1902;0;1;0;0;0;0;1174;866;453;179;332;31;49;8;708;3957;1643;1359;1386;57;2927;0;519;611;0.005906123717749456;2;2001-09-20 12:54:35;1000990475;4;12
154;1056;621;4482;5;27;0;357;1.2953416883423978;1771;19;0;0;0;0;0;0;0;0;0;1110;0;0;0;0;0;0;648;356;124;65;54;18;33;31;10;1771;19;0;0;0;0;0;0;0;0;0;1110;0;0;0;0;0;0;648;356;124;65;54;18;33;31;244;2004;1084;540;249;3;1941;0;394;80;0.0006688963210702341;1;2001-09-20 12:59:35;1000990775;5;12
155;1222;970;5909;8;19;0;249;1.2037133437445775;2016;7;2;1;0;0;0;0;1;0;0;2151;0;0;0;0;0;0;717;467;263;85;33;11;3;6;17;2016;7;2;1;0;0;0;0;1;0;0;2151;0;0;0;0;0;0;717;467;263;85;33;11;3;6;258;3164;1387;705;129;7;1900;0;357;145;0.0011836320595197836;1;2001-09-20 13:04:35;1000991075;6;13
156;870;1453;4889;5;14;0;371;1.6414378209421745;1441;1;4;1;0;0;0;0;0;0;0;1130;0;0;0;0;0;0;763;594;272;82;86;32;47;26;12;1441;1;4;1;0;0;0;0;0;0;0;1130;0;0;0;0;0;0;763;594;272;82;86;32;47;26;251;2635;736;486;394;5;1915;0;310;67;0.0010227040294538761;1;2001-09-20 13:09:35;1000991375;5;12
157;856;913;4392;5;13;0;260;1.3979470040582478;1586;0;1;0;0;0;0;0;0;0;0;1008;0;0;0;0;0;0;787;342;180;244;15;10;7;9;11;1586;0;1;0;0;0;0;0;0;0;0;1008;0;0;0;0;0;0;787;342;180;244;15;10;7;9;244;2255;951;479;183;5;1792;0;374;91;0.001138433515482696;1;2001-09-20 13:14:35;1000991675;3;9
158;1367;1180;5785;3;14;0;208;1.5754322111010008;1944;7;0;0;0;0;0;0;0;0;0;1506;0;0;0;0;0;0;694;569;173;401;156;9;34;2;10;1944;7;0;0;0;0;0;0;0;0;0;1506;0;0;0;0;0;0;694;569;173;401;156;9;34;2;308;2905;1243;831;190;2;1734;0;322;132;0.00034572169403630077;1;2001-09-20 13:19:35;1000991975;3;10
159;1778;2097;8722;4;22;0;481;1.6234680257250333;2777;45;34;10;0;0;4;6;0;0;1;2183;1;0;0;0;0;0;1456;942;324;169;86;39;87;77;20;2777;45;34;10;0;0;4;6;0;0;1;2183;1;0;0;0;0;0;1456;942;324;169;86;39;87;77;658;4814;1446;842;430;9;2810;0;406;479;0.0010318734235267141;1;2001-09-20 13:24:35;1000992275;4;11
160;1927;1497;8514;4;26;0;626;1.460238326848249;3240;1;1;0;0;0;0;0;3;6;1;1818;0;0;0;0;0;0;1257;887;515;335;77;55;17;11;19;3240;1;1;0;0;0;0;0;3;6;1;1818;0;0;0;0;0;0;1257;887;515;335;77;55;17;11;338;4600;2134;526;286;1;2891;0;428;963;0.00011745360582569885;1;2001-09-20 13:29:35;1000992575;4;11
161;1329;1354;7496;7;28;0;574;1.434680726420621;2792;1;1;3;1;1;0;1;5;5;1;1611;0;3;0;0;0;0;990;595;347;236;178;36;14;7;21;2792;1;1;3;1;1;0;1;5;5;1;1611;0;3;0;0;0;0;990;595;347;236;178;36;14;7;379;3531;1651;693;652;7;2600;0;376;183;0.0009328358208955224;1;2001-09-20 13:34:35;1000992875;5;12
162;1644;1972;9888;4;24;0;312;1.5135210872915792;1766;2;5;1;0;0;0;0;1;0;1;2825;0;0;0;0;0;0;1205;606;367;136;139;33;37;13;19;1766;2;5;1;0;0;0;0;1;0;1;2825;0;0;0;0;0;0;1205;606;367;136;139;33;37;13;246;4946;1084;549;2731;22;2708;0;490;926;0.0022240194096239383;1;2001-09-20 13:39:35;1000993175;4;15
163;2744;1256;9811;10;14;0;264;1.4148217441014448;1886;0;0;0;0;0;0;0;0;5;2;4855;2;0;1;0;0;0;1637;448;296;293;124;34;24;14;22;1886;0;0;0;0;0;0;0;0;5;2;4855;2;0;1;0;0;0;1637;448;296;293;124;34;24;14;246;7357;1232;522;158;2;2984;0;436;116;0.0002038528182652125;1;2001-09-20 13:44:35;1000993475;6;10
164;1834;2492;9480;11;28;0;711;1.557045479941893;3121;12;4;1;0;0;0;0;0;0;6;2664;10;2;0;4;4;2;1316;767;341;322;180;60;104;29;25;3121;12;4;1;0;0;0;0;0;0;6;2664;10;2;0;4;4;2;1316;767;341;322;180;60;104;29;473;5066;1736;963;488;10;3048;0;509;187;0.0010548523206751054;1;2001-09-20 13:49:35;1000993775;6;11
165;2185;1242;9190;4;15;0;1366;1.483190883190883;2878;53;13;0;0;0;0;0;0;0;0;2767;0;0;0;0;0;0;1322;834;502;218;88;43;11;46;11;2878;53;13;0;0;0;0;0;0;0;0;2767;0;0;0;0;0;0;1322;834;502;218;88;43;11;46;175;5678;1287;269;399;10;3000;0;355;1123;0.001088139281828074;1;2001-09-20 13:54:35;1000994075;4;10
166;662;1083;4487;3;13;0;324;1.374473067915691;1732;4;10;0;0;0;0;0;2;7;1;1262;0;0;0;0;0;0;638;254;97;58;50;37;59;59;19;1732;4;10;0;0;0;0;0;2;7;1;1262;0;0;0;0;0;0;638;254;97;58;50;37;59;59;309;2169;967;501;184;9;1773;0;253;107;0.0020057945174949856;1;2001-09-20 13:59:35;1000994375;3;11
167;4541;1349;74435;3;17;0;461;1.636202548899339;2246;3;0;0;0;0;0;0;0;0;0;5456;0;0;0;0;0;0;4662;1218;447;242;295;58;44;2;10;2246;3;0;0;0;0;0;0;0;0;0;5456;0;0;0;0;0;0;4662;1218;447;242;295;58;44;2;430;8709;1225;3848;39636;1041;21646;50;1975;179;0.013982163004351797;1;2001-09-20 14:04:35;1000994675;3;10
168;2718;1129;12351;3;26;0;604;1.441320608718081;2081;2;0;3;0;0;0;0;5;3;0;2472;0;2;0;0;0;0;2073;672;159;109;98;64;11;0;21;2081;2;0;3;0;0;0;0;5;3;0;2472;0;2;0;0;0;0;2073;672;159;109;98;64;11;0;245;4508;1143;1254;201;24;3448;17;460;158;0.001941276389225916;1;2001-09-20 14:09:35;1000994975;3;10
169;1121;1153;6385;2;20;0;259;1.2638958437656485;2476;10;0;0;0;0;0;0;2;0;0;1576;0;0;0;0;0;0;1064;361;188;117;109;48;36;4;17;2476;10;0;0;0;0;0;0;2;0;0;1576;0;0;0;0;0;0;1064;361;188;117;109;48;36;4;450;3057;1654;571;354;1;2490;6;367;152;0.00015661707126076742;1;2001-09-20 14:14:35;1000995275;2;11
170;1150;2103;12399;3;16;0;803;1.2035105149859249;3048;3;2;1;0;0;0;0;0;0;0;5890;0;0;0;0;0;0;1954;594;262;165;109;39;7;4;12;3048;3;2;1;0;0;0;0;0;0;0;5890;0;0;0;0;0;0;1954;594;262;165;109;39;7;4;463;7402;1667;1743;237;35;4152;1;411;240;0.002822808290991209;1;2001-09-20 14:19:35;1000995575;3;10
171;3333;3574;13398;3;23;0;398;1.4151465798045602;2913;34;19;5;4;12;4;4;4;6;0;5618;0;0;0;0;0;0;2296;619;259;141;135;85;62;60;18;2913;34;19;5;4;12;4;4;4;6;0;5618;0;0;0;0;0;0;2296;619;259;141;135;85;62;60;488;8776;1913;705;1075;75;4369;4;470;202;0.005596179674675421;1;2001-09-20 14:24:35;1000995875;3;9
172;930;1286;6013;5;14;0;375;1.2233009708737863;2334;32;4;0;0;0;0;0;0;0;0;1569;0;0;0;0;0;0;863;363;175;105;62;9;18;28;11;2334;32;4;0;0;0;0;0;0;0;0;1569;0;0;0;0;0;0;863;363;175;105;62;9;18;28;436;2849;1382;520;436;1;2538;0;534;267;0.00016605778811026238;1;2001-09-20 14:29:35;1000996175;5;10
173;2346;2295;12650;9;15;0;167;1.2937625754527162;3024;4;4;0;6;0;0;0;0;0;0;6241;0;0;0;0;0;0;1748;603;164;171;390;52;10;8;13;3024;4;4;0;6;0;0;0;0;0;0;6241;0;0;0;0;0;0;1748;603;164;171;390;52;10;8;393;6324;2297;3244;192;26;3704;7;439;125;0.0020553359683794467;1;2001-09-20 14:34:35;1000996475;7;10
174;2576;3332;14958;4;16;0;1042;1.2796570169918187;4963;6;19;15;11;0;0;0;0;0;0;4255;0;0;0;0;0;0;1565;815;284;168;446;129;34;2;13;4963;6;19;15;11;0;0;0;0;0;0;4255;0;0;0;0;0;0;1565;815;284;168;446;129;34;2;564;6810;3127;1169;2165;28;3816;20;489;169;0.0018719080090921247;1;2001-09-20 14:39:35;1000996775;4;10
175;916;911;5660;5;16;0;348;1.189967575815373;2266;3;0;5;0;0;0;0;0;0;0;1606;0;0;0;0;0;0;554;334;103;276;58;18;13;7;12;2266;3;0;5;0;0;0;0;0;0;0;1606;0;0;0;0;0;0;554;334;103;276;58;18;13;7;316;2635;1501;443;381;24;2344;4;304;99;0.004240282685512367;1;2001-09-20 14:44:35;1000997075;5;13
176;1412;2652;10794;5;12;0;536;1.1211589113257243;3892;5;0;0;0;0;0;0;0;0;0;3475;0;0;0;0;0;0;1637;681;264;214;60;20;2;1;10;3892;5;0;0;0;0;0;0;0;0;0;3475;0;0;0;0;0;0;1637;681;264;214;60;20;2;1;468;5932;2681;634;524;17;2797;0;501;162;0.0015749490457661664;1;2001-09-20 14:49:35;1000997375;5;10
177;1407;2047;7447;2;15;0;460;1.5505281187553526;1957;1;2;3;0;0;0;0;0;0;0;2643;0;0;0;0;0;0;1055;483;194;333;215;100;18;2;12;1957;1;2;3;0;0;0;0;0;0;0;2643;0;0;0;0;0;0;1055;483;194;333;215;100;18;2;317;4590;1107;532;394;2;2077;2;449;105;0.000268564522626561;1;2001-09-20 14:54:35;1000997675;2;12
178;1008;839;4530;2;14;0;222;1.285292111843601;1696;0;0;35;0;0;0;0;0;0;0;1332;0;0;0;0;0;0;669;364;117;134;36;12;2;2;12;1696;0;0;35;0;0;0;0;0;0;0;1332;0;0;0;0;0;0;669;364;117;134;36;12;2;2;314;2317;1049;497;118;6;1564;0;413;211;0.0013245033112582781;1;2001-09-20 14:59:35;1000997975;2;9
179;988;1115;6972;8;14;0;468;0.973322554567502;3061;0;2;2;0;0;0;0;0;0;0;1491;0;0;0;0;0;0;938;403;100;154;18;11;2;3;12;3061;0;2;2;0;0;0;0;0;0;0;1491;0;0;0;0;0;0;938;403;100;154;18;11;2;3;550;2732;1754;681;770;5;1573;0;375;127;0.000717154331612163;1;2001-09-20 15:04:35;1000998275;8;11
180;1647;2047;9387;3;16;0;333;1.8260661236224245;2122;14;6;4;83;2;0;0;0;0;0;2543;0;0;0;0;0;0;1579;727;688;358;127;73;12;10;14;2122;14;6;4;83;2;0;0;0;0;0;2543;0;0;0;0;0;0;1579;727;688;358;127;73;12;10;298;5849;1386;482;856;44;2691;7;359;295;0.004687333546393949;1;2001-09-20 15:09:35;1000998575;3;10
181;1207;1403;8216;4;15;0;672;1.3508959614870286;2762;0;2;0;0;0;0;0;0;0;0;2755;0;0;0;0;0;0;672;363;288;269;220;102;44;1;11;2762;0;2;0;0;0;0;0;0;0;0;2755;0;0;0;0;0;0;672;363;288;269;220;102;44;1;327;4196;1559;724;658;7;2227;10;372;112;0.0008519961051606621;1;2001-09-20 15:14:35;1000998875;4;8
182;918;1124;5496;2;16;0;334;1.3815533980582524;1965;5;4;0;0;0;0;0;0;0;0;1474;0;0;0;0;0;0;662;486;213;186;116;27;10;2;11;1965;5;4;0;0;0;0;0;0;0;0;1474;0;0;0;0;0;0;662;486;213;186;116;27;10;2;343;2841;1156;476;299;3;1739;0;340;61;0.0005458515283842794;1;2001-09-20 15:19:35;1000999175;2;11
183;759;845;4371;2;16;0;208;1.3994267847837416;1463;3;2;0;0;0;0;0;0;0;0;1074;0;0;0;0;0;0;516;354;140;176;84;7;13;6;11;1463;3;2;0;0;0;0;0;0;0;0;1074;0;0;0;0;0;0;516;354;140;176;84;7;13;6;208;2021;972;429;311;7;1552;0;340;117;0.001601464195836193;1;2001-09-20 15:24:35;1000999475;2;12
184;1375;740;4797;4;15;0;207;1.621131741821397;1656;1;8;1;1;0;0;0;0;0;0;1152;0;0;0;0;0;0;733;350;172;128;164;37;117;4;13;1656;1;8;1;1;0;0;0;0;0;0;1152;0;0;0;0;0;0;733;350;172;128;164;37;117;4;251;2506;1078;482;241;11;2131;0;365;208;0.002293099854075464;1;2001-09-20 15:29:35;1000999775;4;11
185;639;799;3431;4;14;0;122;1.4440656956925937;1208;2;0;1;0;0;0;0;0;0;0;837;0;0;0;0;0;0;589;276;101;61;49;42;61;0;12;1208;2;0;1;0;0;0;0;0;0;0;837;0;0;0;0;0;0;589;276;101;61;49;42;61;0;172;1693;843;397;185;2;1607;0;238;89;0.0005829204313611193;1;2001-09-20 15:34:35;1001000075;4;10
186;1297;1236;5407;5;12;0;203;1.4753311576118258;1875;0;0;0;0;0;0;0;0;0;0;1201;0;0;0;0;0;0;835;676;392;172;49;8;1;0;8;1875;0;0;0;0;0;0;0;0;0;0;1201;0;0;0;0;0;0;835;676;392;172;49;8;1;0;335;2782;1166;723;123;10;1779;0;389;162;0.0018494544109487702;1;2001-09-20 15:39:35;1001000375;3;9
187;901;805;5378;2;15;0;257;1.2129019372877972;1746;10;22;4;4;0;0;0;0;0;0;1886;0;0;0;0;0;0;665;414;175;38;28;9;2;4;13;1746;10;22;4;4;0;0;0;0;0;0;1886;0;0;0;0;0;0;665;414;175;38;28;9;2;4;176;2936;1222;416;329;10;1679;0;290;202;0.001859427296392711;1;2001-09-20 15:44:35;1001000675;2;10
188;708;7581;22154;3;14;0;356;1.5270126383037823;2170;0;5;0;0;0;0;0;0;0;0;9845;0;0;0;0;0;0;7297;1563;205;206;240;49;20;1;11;2170;0;5;0;0;0;0;0;0;0;0;9845;0;0;0;0;0;0;7297;1563;205;206;240;49;20;1;290;14837;1425;4693;501;357;7307;15;740;121;0.016114471427281753;1;2001-09-20 15:49:35;1001000975;3;10
189;2345;9273;27537;8;18;0;361;1.5894945199956014;2702;20;5;6;10;0;0;2;1;0;0;12295;0;0;0;0;0;0;9292;1679;264;199;759;40;7;0;17;2702;20;5;6;10;0;0;2;1;0;0;12295;0;0;0;0;0;0;9292;1679;264;199;759;40;7;0;282;18362;1882;6394;207;157;7775;46;890;150;0.005701005846254403;2;2001-09-20 15:54:35;1001001275;4;10
190;621;15370;41139;3;16;0;209;1.6312755990483898;1647;6;0;0;0;0;0;0;0;0;0;18483;0;0;0;0;0;0;15703;3913;508;339;138;23;9;4;10;1647;6;0;0;0;0;0;0;0;0;0;18483;0;0;0;0;0;0;15703;3913;508;339;138;23;9;4;210;28638;1125;10591;231;515;12806;9;1339;188;0.012517621894900589;1;2001-09-20 15:59:35;1001001575;3;10
191;888;1320;5000;5;18;0;251;1.5699438786115152;1836;6;1;4;8;1;0;0;0;0;0;1366;0;0;0;0;0;0;663;376;143;21;122;27;235;2;14;1836;6;1;4;8;1;0;0;0;0;0;1366;0;0;0;0;0;0;663;376;143;21;122;27;235;2;249;2624;1253;434;165;6;2361;0;370;355;0.0012;1;2001-09-20 16:04:35;1001001875;5;11
192;859;948;5764;5;14;0;298;1.3362688713156003;1937;17;3;1;0;1;0;0;0;0;0;2067;0;0;0;0;0;0;638;476;140;103;25;65;64;27;14;1937;17;3;1;0;1;0;0;0;0;0;2067;0;0;0;0;0;0;638;476;140;103;25;65;64;27;256;3298;1291;421;167;6;1645;0;238;92;0.001040943789035392;1;2001-09-20 16:09:35;1001002175;5;9
193;1170;919;4842;4;14;0;309;1.3091510474090409;1726;1;4;1;2;0;0;0;0;0;0;1264;0;0;0;0;0;0;682;459;225;100;60;8;3;0;13;1726;1;4;1;2;0;0;0;0;0;0;1264;0;0;0;0;0;0;682;459;225;100;60;8;3;0;220;2484;1088;434;295;0;1969;0;288;200;0.0;0;2001-09-20 16:14:35;1001002475;4;12
194;607;761;3287;3;13;0;195;1.6285991588482691;1215;16;4;1;0;0;0;0;0;0;0;760;0;0;0;0;0;0;467;220;138;59;7;70;121;13;12;1215;16;4;1;0;0;0;0;0;0;0;760;0;0;0;0;0;0;467;220;138;59;7;70;121;13;207;1631;737;321;182;25;1560;0;243;77;0.007605719501064801;1;2001-09-20 16:19:35;1001002775;3;12
195;663;591;3653;7;21;0;165;1.3443328550932567;1135;7;5;10;0;0;3;0;6;0;0;1283;0;0;0;0;0;0;594;252;73;34;20;22;39;2;17;1135;7;5;10;0;0;3;0;6;0;0;1283;0;0;0;0;0;0;594;252;73;34;20;22;39;2;185;2078;722;335;160;2;1581;0;218;59;0.0005474952094169176;1;2001-09-20 16:24:35;1001003075;5;9
196;935;1112;5636;3;15;0;244;1.2649069502468666;1991;4;0;0;0;0;0;0;0;0;0;1562;0;0;0;0;0;0;850;480;166;116;51;13;19;14;10;1991;4;0;0;0;0;0;0;0;0;0;1562;0;0;0;0;0;0;850;480;166;116;51;13;19;14;295;2607;1318;802;366;26;1833;0;278;150;0.0046132008516678496;1;2001-09-20 16:29:35;1001003375;3;9
197;1251;1469;5515;6;15;0;210;1.4510022271714922;1725;2;5;2;2;1;0;0;0;0;0;1717;0;0;0;0;0;0;888;438;329;165;70;41;3;0;14;1725;2;5;2;2;1;0;0;0;0;0;1717;0;0;0;0;0;0;888;438;329;165;70;41;3;0;167;3377;1260;374;109;5;1895;0;446;403;0.0009066183136899365;1;2001-09-20 16:34:35;1001003675;5;10
198;757;739;4070;6;16;0;274;1.3057786991448561;1517;5;3;8;3;2;0;0;0;0;0;1001;0;0;0;0;0;0;747;277;155;59;30;45;6;1;14;1517;5;3;8;3;2;0;0;0;0;0;1001;0;0;0;0;0;0;747;277;155;59;30;45;6;1;202;1937;951;495;202;7;1712;0;357;161;0.0017199017199017199;1;2001-09-20 16:39:35;1001003975;6;10
199;391;696;3102;5;14;0;214;1.2669789227166277;1399;0;0;1;0;0;0;0;0;0;0;620;0;0;0;0;0;0;448;207;102;123;23;51;15;0;12;1399;0;0;1;0;0;0;0;0;0;0;620;0;0;0;0;0;0;448;207;102;123;23;51;15;0;177;1367;919;312;92;3;1367;0;217;72;0.0009671179883945841;1;2001-09-20 16:44:35;1001004275;5;10
200;784;546;3823;7;15;0;226;1.229733520336606;1612;43;3;1;0;0;0;0;0;0;0;843;0;0;0;0;0;0;629;206;96;53;42;14;16;7;12;1612;43;3;1;0;0;0;0;0;0;0;843;0;0;0;0;0;0;629;206;96;53;42;14;16;7;249;1704;1049;337;218;1;1681;0;205;115;0.0002615746795710175;1;2001-09-20 16:49:35;1001004575;3;9
201;1229;797;5315;6;13;0;274;1.4153270204800705;1743;0;0;0;0;0;0;0;0;0;0;1079;0;0;0;0;0;0;668;534;271;197;26;3;16;4;9;1743;0;0;0;0;0;0;0;0;0;0;1079;0;0;0;0;0;0;668;534;271;197;26;3;16;4;240;2363;1159;505;694;6;1855;0;274;100;0.0011288805268109125;1;2001-09-20 16:54:35;1001004875;3;9
202;890;722;5273;2;16;0;1241;1.0828343313373254;2649;11;7;2;4;2;1;0;0;0;0;997;0;0;0;0;0;0;579;361;194;159;23;5;7;9;15;2649;11;7;2;4;2;1;0;0;0;0;997;0;0;0;0;0;0;579;361;194;159;23;5;7;9;257;1958;971;583;217;8;2014;0;335;167;0.0015171629053669638;1;2001-09-20 16:59:35;1001005175;2;11
203;985;923;5082;4;18;0;207;1.4128521126760563;1828;14;6;0;2;0;0;0;0;0;0;988;0;0;0;0;0;0;787;538;160;117;31;21;14;38;13;1828;14;6;0;2;0;0;0;0;0;0;988;0;0;0;0;0;0;787;538;160;117;31;21;14;38;236;2337;1189;575;447;1;1744;12;275;148;0.0001967729240456513;1;2001-09-20 17:04:35;1001005475;4;11
204;814;888;4671;5;19;0;339;1.3680348543911947;1850;19;8;2;1;2;0;0;0;0;0;880;0;0;0;0;0;0;859;369;191;71;32;26;34;17;14;1850;19;8;2;1;2;0;0;0;0;0;880;0;0;0;0;0;0;859;369;191;71;32;26;34;17;262;2167;1035;558;244;4;1656;0;337;113;0.0008563476771569257;1;2001-09-20 17:09:35;1001005775;3;11
205;662;798;3839;4;18;0;252;1.3317099567099566;1492;6;6;6;7;1;3;0;0;0;0;999;0;0;0;0;0;0;547;322;144;80;57;13;11;2;15;1492;6;6;6;7;1;3;0;0;0;0;999;0;0;0;0;0;0;547;322;144;80;57;13;11;2;223;1933;882;406;129;2;1724;0;329;120;0.0005209690023443605;1;2001-09-20 17:14:35;1001006075;4;9
206;821;554;4455;4;15;0;245;1.1660950514453698;1768;0;5;0;0;0;0;0;0;0;0;956;0;0;0;0;0;0;777;366;84;55;34;18;15;4;11;1768;0;5;0;0;0;0;0;0;0;0;956;0;0;0;0;0;0;777;366;84;55;34;18;15;4;248;1967;1153;469;360;2;1806;0;260;60;0.0004489337822671156;1;2001-09-20 17:19:35;1001006375;4;10
207;1568;1473;8038;7;15;0;275;1.3407572383073496;2750;16;7;2;2;0;0;0;0;0;0;1983;0;0;0;0;0;0;1827;457;251;206;67;35;12;18;13;2750;16;7;2;2;0;0;0;0;0;0;1983;0;0;0;0;0;0;1827;457;251;206;67;35;12;18;443;4317;1767;831;392;14;2582;0;302;245;0.0017410769804750653;1;2001-09-20 17:24:35;1001006675;5;11
208;1741;1910;10904;7;15;0;309;1.3816924002406257;2975;5;0;0;0;0;0;0;0;0;0;3845;0;0;0;0;0;0;1102;1255;297;354;62;47;30;2;10;2975;5;0;0;0;0;0;0;0;0;0;3845;0;0;0;0;0;0;1102;1255;297;354;62;47;30;2;232;6499;2313;621;902;0;2173;0;375;242;0.0;0;2001-09-20 17:29:35;1001006975;7;14
209;991;650;4069;5;17;0;292;1.6861633599587735;1485;22;1;0;3;0;0;0;0;0;0;1006;0;0;0;0;0;0;528;263;202;81;49;25;203;13;13;1485;22;1;0;3;0;0;0;0;0;0;1006;0;0;0;0;0;0;528;263;202;81;49;25;203;13;233;2181;905;270;161;1;1555;0;218;62;0.0002457606291472106;1;2001-09-20 17:34:35;1001007275;5;13
210;1169;1108;5716;3;19;0;336;1.4850857568978375;2113;6;4;0;3;0;0;0;0;0;0;1432;0;0;0;0;0;0;756;404;230;120;83;67;134;12;13;2113;6;4;0;3;0;0;0;0;0;0;1432;0;0;0;0;0;0;756;404;230;120;83;67;134;12;284;2765;1345;634;317;17;2106;0;192;76;0.002974107767669699;1;2001-09-20 17:39:35;1001007575;3;10
211;1240;1175;6522;5;16;0;321;1.3811127144460478;2030;5;4;0;1;0;0;0;0;0;0;2053;0;0;0;0;0;0;1133;460;273;118;78;22;36;24;13;2030;5;4;0;1;0;0;0;0;0;0;2053;0;0;0;0;0;0;1133;460;273;118;78;22;36;24;347;3465;1242;862;262;6;1870;0;400;246;0.0009199632014719411;1;2001-09-20 17:44:35;1001007875;5;10
212;1821;1147;7603;7;19;0;540;1.6110736898827966;3067;21;31;9;5;4;3;0;0;0;0;1869;0;0;0;0;0;0;633;698;187;473;289;43;62;29;15;3067;21;31;9;5;4;3;0;0;0;0;1869;0;0;0;0;0;0;633;698;187;473;289;43;62;29;180;3919;2239;545;180;0;1771;0;399;369;0.0;0;2001-09-20 17:49:35;1001008175;4;10
213;1821;1613;9914;3;18;0;577;1.1646489104116222;3961;4;2;0;1;0;0;0;0;0;0;3288;0;0;0;0;0;0;886;594;211;207;219;61;59;6;13;3961;4;2;0;1;0;0;0;0;0;0;3288;0;0;0;0;0;0;886;594;211;207;219;61;59;6;323;5007;2954;638;347;5;2512;0;375;151;0.000504133897963299;1;2001-09-20 17:54:35;1001008475;3;10
214;804;838;4678;14;18;0;214;1.1825269433616143;1925;2;0;0;2;0;0;0;0;0;0;1217;0;0;0;0;0;0;563;280;178;68;70;9;30;17;13;1925;2;0;0;2;0;0;0;0;0;0;1217;0;0;0;0;0;0;563;280;178;68;70;9;30;17;336;1899;1216;696;301;9;1696;0;477;177;0.0019230769230769232;1;2001-09-20 17:59:35;1001008775;5;12
215;962;824;5688;5;16;0;377;0.9790954009882175;2550;0;0;0;0;0;0;0;0;0;0;1416;0;0;0;0;0;0;666;387;110;56;39;17;19;2;9;2550;0;0;0;0;0;0;0;0;0;0;1416;0;0;0;0;0;0;666;387;110;56;39;17;19;2;248;2268;1749;620;385;11;1899;5;411;171;0.0019338959212376935;1;2001-09-20 18:04:35;1001009075;5;14
216;853;1207;5107;7;16;0;298;1.527027027027027;1898;2;2;1;28;10;0;0;0;0;0;1227;0;0;0;0;0;0;627;327;114;276;203;12;7;2;14;1898;2;2;1;28;10;0;0;0;0;0;1227;0;0;0;0;0;0;627;327;114;276;203;12;7;2;338;2420;1125;555;366;0;1586;0;186;72;0.0;0;2001-09-20 18:09:35;1001009375;5;9
217;981;844;4345;3;17;0;242;1.348137535816619;1590;19;4;0;0;0;0;0;0;0;0;1284;0;0;0;0;0;0;653;232;213;65;44;21;29;34;11;1590;19;4;0;0;0;0;0;0;0;0;1284;0;0;0;0;0;0;653;232;213;65;44;21;29;34;221;2278;1035;412;134;3;1672;0;337;128;0.0006904487917146145;1;2001-09-20 18:14:35;1001009675;3;11
218;798;902;4384;4;18;0;252;1.1758215962441314;1694;0;0;0;1;0;0;0;0;0;0;1301;0;0;0;0;0;0;673;289;157;59;55;19;12;0;13;1694;0;0;0;1;0;0;0;0;0;0;1301;0;0;0;0;0;0;673;289;157;59;55;19;12;0;273;2284;1089;362;122;5;2082;0;328;143;0.0011402508551881414;1;2001-09-20 18:19:35;1001009975;3;11
219;549;457;4318;3;19;0;258;0.7033436092008537;2737;0;0;2;0;0;0;0;0;0;0;715;0;0;0;0;0;0;401;170;114;28;35;12;2;1;12;2737;0;0;2;0;0;0;0;0;0;0;715;0;0;0;0;0;0;401;170;114;28;35;12;2;1;199;1339;2225;196;95;14;1413;0;214;109;0.003238491788110109;1;2001-09-20 18:24:35;1001010275;3;10
220;710;733;3924;7;17;0;226;1.3486894360603654;1530;2;2;0;1;0;0;0;0;0;0;1002;0;0;0;0;0;0;574;259;158;103;96;21;19;10;13;1530;2;2;0;1;0;0;0;0;0;0;1002;0;0;0;0;0;0;574;259;158;103;96;21;19;10;173;1913;1010;455;136;2;1455;0;178;50;0.0005096839959225281;1;2001-09-20 18:29:35;1001010575;7;13
221;535;562;3096;6;16;0;230;1.25;1248;8;5;1;6;0;0;0;0;0;0;932;0;0;0;0;0;0;375;214;86;29;62;14;31;1;13;1248;8;5;1;6;0;0;0;0;0;0;932;0;0;0;0;0;0;375;214;86;29;62;14;31;1;139;1597;841;205;84;2;1501;0;249;93;0.0006459948320413437;1;2001-09-20 18:34:35;1001010875;3;10
222;749;1266;5808;5;17;0;220;1.366780045351474;2082;7;7;5;22;20;1;0;0;0;0;1315;0;0;0;0;0;0;1121;322;177;136;35;19;16;7;15;2082;7;7;5;22;20;1;0;0;0;0;1315;0;0;0;0;0;0;1121;322;177;136;35;19;16;7;298;2550;1498;726;496;14;1835;2;280;135;0.0024104683195592287;1;2001-09-20 18:39:35;1001011175;5;10
223;1043;1047;4862;5;18;0;258;1.7463507510048657;1981;6;1;3;6;1;0;0;0;0;0;1035;0;0;0;0;0;0;456;373;238;182;156;137;135;17;14;1981;6;1;3;6;1;0;0;0;0;0;1035;0;0;0;0;0;0;456;373;238;182;156;137;135;17;183;2494;1485;307;107;2;1651;0;265;82;0.0004110152075626798;1;2001-09-20 18:44:35;1001011475;5;11
224;1109;975;5279;3;17;0;248;1.2868510045752934;2097;8;6;0;2;0;0;0;0;0;0;1286;0;0;0;0;0;0;771;464;147;92;88;37;19;10;13;2097;8;6;0;2;0;0;0;0;0;0;1286;0;0;0;0;0;0;771;464;147;92;88;37;19;10;308;2647;1392;432;245;6;2007;4;420;105;0.0011365788975184693;1;2001-09-20 18:49:35;1001011775;3;10
225;2085;1269;8398;3;18;0;464;1.4189598420013168;2675;11;2;13;0;4;0;0;0;0;0;2203;0;0;0;0;0;0;1230;774;300;176;127;46;22;12;14;2675;11;2;13;0;4;0;0;0;0;0;2203;0;0;0;0;0;0;1230;774;300;176;127;46;22;12;385;4271;1629;846;740;6;2631;0;352;159;0.0007136909718092066;1;2001-09-20 18:54:35;1001012075;3;12
226;2193;1950;11661;5;16;0;915;1.3086042419190516;4090;3;0;6;0;4;0;0;0;0;0;3226;0;0;0;0;0;0;1483;1114;402;143;204;94;20;8;14;4090;3;0;6;0;4;0;0;0;0;0;3226;0;0;0;0;0;0;1483;1114;402;143;204;94;20;8;339;5849;2646;1048;772;2;2852;0;347;99;0.0001714971702966901;1;2001-09-20 18:59:35;1001012375;5;9
227;932;955;5857;3;20;0;223;1.2118357917185;2092;0;0;2;2;0;0;0;0;0;0;2217;0;0;0;0;0;0;466;301;267;155;32;62;31;0;13;2092;0;0;2;2;0;0;0;0;0;0;2217;0;0;0;0;0;0;466;301;267;155;32;62;31;0;204;3130;1596;474;210;3;2098;0;233;63;0.0005122076148198737;1;2001-09-20 19:04:35;1001012675;3;10
228;1713;692;6212;4;17;0;419;1.2145056448853917;1899;0;0;0;1;0;0;0;0;0;0;2111;0;0;0;0;0;0;1066;434;224;42;55;6;8;0;13;1899;0;0;0;1;0;0;0;0;0;0;2111;0;0;0;0;0;0;1066;434;224;42;55;6;8;0;203;3613;1203;408;361;3;1667;0;453;136;0.0004823151125401929;1;2001-09-20 19:09:35;1001012975;4;10
229;712;752;5191;4;15;0;567;0.8767427763184482;2528;0;0;0;0;0;0;0;0;0;0;1285;0;0;0;0;0;0;705;260;70;50;33;10;6;2;9;2528;0;0;0;0;0;0;0;0;0;0;1285;0;0;0;0;0;0;705;260;70;50;33;10;6;2;343;2202;1496;341;209;2;1699;0;302;150;0.00038528221922558276;1;2001-09-20 19:14:35;1001013275;4;10
230;1175;1116;5767;9;16;0;370;1.284711964549483;2186;14;2;0;1;0;0;0;0;0;0;1465;0;0;0;0;0;0;797;470;279;96;63;17;13;13;13;2186;14;2;0;1;0;0;0;0;0;0;1465;0;0;0;0;0;0;797;470;279;96;63;17;13;13;201;2656;1514;675;340;0;2178;0;313;101;0.0;0;2001-09-20 19:19:35;1001013575;6;13
231;1264;1129;5563;2;16;0;311;1.1735003796507213;1870;0;0;1;0;0;0;0;0;0;0;1788;0;0;0;0;0;0;973;350;133;96;37;8;12;0;12;1870;0;0;1;0;0;0;0;0;0;0;1788;0;0;0;0;0;0;973;350;133;96;37;8;12;0;356;2681;966;954;262;5;1575;0;525;260;0.0008987956138774043;1;2001-09-20 19:24:35;1001013875;2;10
232;1927;649;4913;3;23;0;177;1.828128319524113;1272;11;0;0;0;0;0;0;4;6;0;1357;1;0;0;0;0;0;853;531;149;263;144;76;24;16;20;1272;11;0;0;0;0;0;0;4;6;0;1357;1;0;0;0;0;0;853;531;149;263;144;76;24;16;144;2998;877;511;191;2;1371;0;279;301;0.0004070832485243232;1;2001-09-20 19:29:35;1001014175;3;12
233;862;764;3932;7;15;0;147;1.2474144789180588;1531;0;0;6;0;0;0;0;0;0;0;1026;0;0;0;0;0;0;635;306;111;60;35;26;33;2;12;1531;0;0;6;0;0;0;0;0;0;0;1026;0;0;0;0;0;0;635;306;111;60;35;26;33;2;213;1916;1096;399;152;9;1671;0;340;129;0.002288911495422177;1;2001-09-20 19:34:35;1001014475;3;9
234;775;1256;5605;4;16;0;226;1.3624607426565676;2219;5;4;1;0;0;0;0;0;0;0;1537;0;0;0;0;0;0;626;368;161;306;132;31;14;9;12;2219;5;4;1;0;0;0;0;0;0;0;1537;0;0;0;0;0;0;626;368;161;306;132;31;14;9;148;2825;1769;445;181;5;1686;0;437;206;0.0008920606601248885;1;2001-09-20 19:39:35;1001014775;4;10
235;1339;754;5219;3;16;0;281;1.579100145137881;1964;19;0;0;0;0;0;0;0;0;0;1211;0;0;0;0;0;0;678;329;143;82;35;235;108;19;10;1964;19;0;0;0;0;0;0;0;0;0;1211;0;0;0;0;0;0;678;329;143;82;35;235;108;19;266;2346;1294;636;356;2;1758;0;331;124;0.00038299502106472615;1;2001-09-20 19:44:35;1001015075;3;12
236;4659;2677;16917;6;23;0;1115;1.2818112999793545;4042;1;9;4;0;0;0;1;1;0;1;5662;0;0;0;0;0;0;2824;1357;327;151;91;54;5;1;19;4042;1;9;4;0;0;0;1;1;0;1;5662;0;0;0;0;0;0;2824;1357;327;151;91;54;5;1;295;9300;2373;1448;2364;8;3356;2;640;277;0.0004728970857717089;1;2001-09-20 19:49:35;1001015375;6;11
237;1073;4311;9591;5;22;0;250;1.402776247658918;2232;6;4;12;0;0;0;0;0;0;0;3621;0;0;0;0;0;0;1958;704;261;112;56;38;27;46;12;2232;6;4;12;0;0;0;0;0;0;0;3621;0;0;0;0;0;0;1958;704;261;112;56;38;27;46;354;5869;1451;1153;450;5;2423;2;380;502;0.0005211047420531526;1;2001-09-20 19:54:35;1001015675;5;11
238;2781;2882;14359;5;21;0;1762;1.1779217910008102;4730;11;3;6;3;0;1;4;0;0;0;4810;0;0;0;0;0;0;2767;490;327;166;176;42;27;16;16;4730;11;3;6;3;0;1;4;0;0;0;4810;0;0;0;0;0;0;2767;490;327;166;176;42;27;16;251;7935;2231;1400;751;0;2108;0;599;97;0.0;0;2001-09-20 19:59:35;1001015975;5;11
239;1294;839;6168;5;15;0;241;1.2237574017584785;2254;17;2;1;0;0;0;0;0;0;0;1749;0;0;0;0;0;0;703;417;204;116;37;25;15;33;12;2254;17;2;1;0;0;0;0;0;0;0;1749;0;0;0;0;0;0;703;417;204;116;37;25;15;33;398;3043;1445;446;579;8;1949;0;320;114;0.0012654223347042075;2;2001-09-20 20:04:35;1001016275;5;10
240;997;1272;6282;3;15;0;380;1.212614798128574;2476;1;0;2;0;0;0;0;0;0;0;1439;0;0;0;0;0;0;946;431;220;159;48;23;18;8;12;2476;1;0;2;0;0;0;0;0;0;0;1439;0;0;0;0;0;0;946;431;220;159;48;23;18;8;396;2649;1522;824;440;0;2089;0;373;103;0.0;0;2001-09-20 20:09:35;1001016575;3;10
241;715;652;3940;5;16;0;244;1.014569536423841;1780;1;1;0;0;0;0;0;0;0;0;1123;0;0;0;0;0;0;437;227;88;42;23;13;20;20;11;1780;1;1;0;0;0;0;0;0;0;0;1123;0;0;0;0;0;0;437;227;88;42;23;13;20;20;197;1711;1223;400;136;3;1681;0;333;90;0.0007614213197969543;1;2001-09-20 20:14:35;1001016875;5;11
242;2650;1613;8712;4;14;0;661;1.4586689800470938;2692;0;1;2;0;0;0;0;0;0;0;2430;0;0;0;0;0;0;1320;694;543;137;101;82;57;10;12;2692;0;1;2;0;0;0;0;0;0;0;2430;0;0;0;0;0;0;1320;694;543;137;101;82;57;10;167;4953;1796;492;554;8;2057;0;457;182;0.0009182736455463728;1;2001-09-20 20:19:35;1001017175;4;11
243;1190;1556;7952;2;18;0;487;1.4492119089316988;2878;5;0;1;0;0;0;0;0;0;0;1624;0;0;0;0;0;0;866;650;320;174;96;71;164;3;12;2878;5;0;1;0;0;0;0;0;0;0;1624;0;0;0;0;0;0;866;650;320;174;96;71;164;3;393;3228;1908;836;1075;13;2399;0;364;230;0.0016348088531187124;1;2001-09-20 20:24:35;1001017475;2;13
244;2030;1435;7707;4;17;0;499;1.4995902758809068;2877;0;1;0;1;0;0;0;0;0;0;1753;0;0;0;0;0;0;1138;697;341;117;128;37;228;4;13;2877;0;1;0;1;0;0;0;0;0;0;1753;0;0;0;0;0;0;1138;697;341;117;128;37;228;4;301;3910;1911;701;350;6;2276;0;431;256;0.0007785130400934215;1;2001-09-20 20:29:35;1001017775;4;14
245;858;969;5189;4;15;0;555;1.0163265306122449;2339;10;2;3;0;0;0;0;0;0;0;1286;0;0;0;0;0;0;791;222;101;76;35;6;9;20;12;2339;10;2;3;0;0;0;0;0;0;0;1286;0;0;0;0;0;0;791;222;101;76;35;6;9;20;195;2300;1483;367;256;3;1729;0;344;101;0.0005781460782424359;1;2001-09-20 20:34:35;1001018075;4;10
246;1888;1923;10389;6;15;0;607;1.2654918221607925;3564;9;2;9;0;0;0;0;0;0;0;1936;0;0;0;0;0;0;1826;688;326;190;97;12;12;11;12;3564;9;2;9;0;0;0;0;0;0;0;1936;0;0;0;0;0;0;1826;688;326;190;97;12;12;11;439;4322;2338;976;1244;39;2302;2;564;835;0.003753970545769564;1;2001-09-20 20:39:35;1001018375;6;9
247;1449;1446;5702;7;14;0;275;1.9936138241923367;1749;6;10;4;0;0;0;0;0;0;0;1145;0;0;0;0;0;0;605;652;227;481;398;10;19;18;12;1749;6;10;4;0;0;0;0;0;0;0;1145;0;0;0;0;0;0;605;652;227;481;398;10;19;18;207;3342;1113;387;365;8;1936;0;362;74;0.0014027704716815712;1;2001-09-20 20:44:35;1001018675;5;10
248;1050;1190;6081;6;14;0;182;1.5137798868406644;2367;16;0;0;0;0;0;0;0;0;0;986;0;0;0;0;0;0;619;739;346;245;87;41;22;11;10;2367;16;0;0;0;0;0;0;0;0;0;986;0;0;0;0;0;0;619;739;346;245;87;41;22;11;351;2775;1600;571;538;0;1807;0;342;77;0.0;0;2001-09-20 20:49:35;1001018975;3;9
249;1003;1585;5741;10;15;0;496;1.5310918293564715;1959;0;0;0;0;0;0;0;0;0;0;968;0;0;0;0;0;0;1504;463;341;150;71;46;27;3;9;1959;0;0;0;0;0;0;0;0;0;0;968;0;0;0;0;0;0;1504;463;341;150;71;46;27;3;299;2942;1025;770;204;0;1582;0;247;212;0.0;0;2001-09-20 20:54:35;1001019275;7;10
250;666;628;3166;4;15;0;141;1.7857379767827528;1374;23;14;34;5;0;2;0;0;0;0;427;0;0;0;0;0;0;497;245;87;92;65;94;19;37;15;1374;23;14;34;5;0;2;0;0;0;0;427;0;0;0;0;0;0;497;245;87;92;65;94;19;37;173;1463;804;434;140;17;1403;0;247;106;0.005369551484523057;1;2001-09-20 20:59:35;1001019575;4;9
251;609;598;4470;7;16;0;393;1.2003412137460394;2241;1;0;25;5;1;0;0;0;0;0;733;0;0;0;0;0;0;477;242;86;104;104;53;15;16;14;2241;1;0;25;5;1;0;0;0;0;0;733;0;0;0;0;0;0;477;242;86;104;104;53;15;16;115;1702;1658;235;354;19;1757;0;162;85;0.004250559284116331;1;2001-09-20 21:04:35;1001019875;5;11
252;1401;1257;6211;4;16;0;352;1.4427937158469946;2284;1;0;0;0;0;0;0;0;0;0;1396;0;0;0;0;0;0;1046;413;230;239;160;64;18;5;10;2284;1;0;0;0;0;0;0;0;0;0;1396;0;0;0;0;0;0;1046;413;230;239;160;64;18;5;254;3030;1595;625;276;6;2464;0;261;129;0.0009654062751407884;1;2001-09-20 21:09:35;1001020175;3;11
253;1390;1194;6758;6;16;0;503;1.6668247194562984;2559;49;18;4;2;0;0;0;0;0;0;1385;0;0;0;0;0;0;861;559;206;284;178;117;76;29;13;2559;49;18;4;2;0;0;0;0;0;0;1385;0;0;0;0;0;0;861;559;206;284;178;117;76;29;295;3326;1653;550;389;0;2506;0;237;107;0.0;0;2001-09-20 21:14:35;1001020475;6;11
254;763;982;4108;5;13;0;281;1.3555104113763332;1618;2;0;0;0;0;0;0;4;5;1;960;0;0;0;0;0;0;610;346;164;122;86;19;1;0;19;1618;2;0;0;0;0;0;0;4;5;1;960;0;0;0;0;0;0;610;346;164;122;86;19;1;0;218;1915;1024;500;153;2;1701;0;211;62;0.00048590864917395527;1;2001-09-20 21:19:35;1001020775;5;11
255;1126;1619;6772;3;18;0;351;1.4324496965825615;2439;22;11;51;0;0;0;3;0;0;0;1670;0;0;0;0;0;0;1190;340;173;210;47;28;23;55;16;2439;22;11;51;0;0;0;3;0;0;0;1670;0;0;0;0;0;0;1190;340;173;210;47;28;23;55;282;3078;1568;983;509;25;2252;0;322;154;0.003690581635665781;1;2001-09-20 21:24:35;1001021075;3;11
256;1217;853;4868;3;15;0;218;1.5719439728353142;1750;10;0;100;0;0;0;0;0;0;0;1121;0;0;0;0;0;0;897;445;211;105;40;20;9;4;12;1750;10;0;100;0;0;0;0;0;0;0;1121;0;0;0;0;0;0;897;445;211;105;40;20;9;4;292;2423;1115;664;135;8;2051;0;312;117;0.0016427104722792608;1;2001-09-20 21:29:35;1001021375;3;11
257;1826;1636;9307;6;15;0;533;1.1495682210708118;4419;4;2;25;0;0;0;0;0;0;0;1021;0;0;0;0;0;0;1726;1082;283;51;24;28;4;16;12;4419;4;2;25;0;0;0;0;0;0;0;1021;0;0;0;0;0;0;1726;1082;283;51;24;28;4;16;873;3743;2751;785;620;7;1652;0;231;111;0.0007521220586655206;1;2001-09-20 21:34:35;1001021675;6;11
258;798;1107;5068;8;14;0;196;1.246919014084507;1423;6;7;0;0;0;0;0;0;0;0;1824;0;0;0;0;0;0;628;423;128;56;9;7;12;21;11;1423;6;7;0;0;0;0;0;0;0;0;1824;0;0;0;0;0;0;628;423;128;56;9;7;12;21;180;2804;969;395;502;1;1457;0;223;158;0.0001972386587771203;1;2001-09-20 21:39:35;1001021975;8;9
259;387;373;2175;7;15;0;98;1.1725301204819276;779;0;0;0;0;0;0;0;0;0;0;629;0;0;0;0;0;0;370;195;63;22;7;6;3;1;9;779;0;0;0;0;0;0;0;0;0;0;629;0;0;0;0;0;0;370;195;63;22;7;6;3;1;105;1104;512;256;73;2;1116;0;157;80;0.0009182736455463728;1;2001-09-20 21:44:35;1001022275;4;9
260;559;733;5701;2;16;0;355;1.015235193296515;2254;0;0;25;0;0;0;0;0;0;0;1970;0;0;0;0;0;0;528;202;66;146;24;27;9;0;12;2254;0;0;25;0;0;0;0;0;0;0;1970;0;0;0;0;0;0;528;202;66;146;24;27;9;0;193;2657;1657;389;445;9;1637;0;201;66;0.0015767344078486335;1;2001-09-20 21:49:35;1001022575;2;11
261;1615;1737;8452;3;19;0;522;1.3930434782608696;3148;3;4;51;0;0;0;0;0;0;0;1546;0;0;0;0;0;0;1354;568;541;134;20;39;61;6;12;3148;3;4;51;0;0;0;0;0;0;0;1546;0;0;0;0;0;0;1354;568;541;134;20;39;61;6;199;3892;2183;679;923;23;2027;0;246;72;0.002718676122931442;1;2001-09-20 21:54:35;1001022875;3;13
262;590;1069;3815;4;23;0;239;1.8347562654916;1375;25;2;1;0;0;0;0;0;0;4;938;8;0;0;0;0;0;551;185;76;38;76;233;105;14;20;1375;25;2;1;0;0;0;0;0;0;4;938;8;0;0;0;0;0;551;185;76;38;76;233;105;14;144;1982;936;330;169;8;1674;0;155;61;0.002095886822111606;2;2001-09-20 21:59:35;1001023175;2;11
263;616;535;3459;5;15;0;214;1.243969465648855;1486;2;0;0;0;0;0;0;0;0;6;735;4;2;0;0;0;0;502;317;89;61;45;16;5;5;21;1486;2;0;0;0;0;0;0;0;0;6;735;4;2;0;0;0;0;502;317;89;61;45;16;5;5;167;1573;1038;283;162;8;1559;0;243;116;0.0023128071697022263;1;2001-09-20 22:04:35;1001023475;4;10
264;637;381;6432;3;17;0;252;0.7916999201915403;3106;7;4;0;0;0;0;0;0;0;0;2361;0;0;0;0;0;0;360;151;180;53;10;9;12;12;11;3106;7;4;0;0;0;0;0;0;0;0;2361;0;0;0;0;0;0;360;151;180;53;10;9;12;12;119;2857;2692;345;154;15;1697;0;219;57;0.0023320895522388058;1;2001-09-20 22:09:35;1001023775;3;11
265;949;3172;7710;5;14;0;167;2.062883435582822;1723;1;0;0;0;0;0;0;0;0;0;1767;0;0;0;0;0;0;1061;560;119;728;330;80;144;7;10;1723;1;0;0;0;0;0;0;0;0;0;1767;0;0;0;0;0;0;1061;560;119;728;330;80;144;7;177;4500;1317;359;1113;13;2313;4;205;49;0.0016861219195849547;1;2001-09-20 22:14:35;1001024075;5;10
266;1303;1518;7726;4;14;0;727;1.0928947368421054;1734;13;2;0;0;0;0;0;0;0;0;4278;0;0;0;0;0;0;1200;219;66;41;13;8;18;8;11;1734;13;2;0;0;0;0;0;0;0;0;4278;0;0;0;0;0;0;1200;219;66;41;13;8;18;8;148;5624;799;302;113;1;1689;0;342;134;0.00012941633234114146;1;2001-09-20 22:19:35;1001024375;4;10
267;706;862;4336;5;16;0;482;1.337256785971655;1638;1;0;0;0;0;0;0;0;0;0;1220;0;0;0;0;0;0;417;390;207;246;33;11;0;0;10;1638;1;0;0;0;0;0;0;0;0;0;1220;0;0;0;0;0;0;417;390;207;246;33;11;0;0;122;2238;990;331;158;0;1339;0;238;76;0.0;0;2001-09-20 22:24:35;1001024675;5;11
268;544;512;2964;4;18;0;208;1.4747899159663866;1306;0;0;100;1;0;0;0;0;0;0;624;0;0;0;0;0;0;487;162;62;63;21;17;10;3;13;1306;0;0;100;1;0;0;0;0;0;0;624;0;0;0;0;0;0;487;162;62;63;21;17;10;3;185;1413;877;173;98;9;1210;0;184;55;0.003036437246963563;1;2001-09-20 22:29:35;1001024975;3;13
269;655;691;3367;5;16;0;244;1.4614906832298136;1224;5;14;4;0;0;0;0;0;0;0;707;0;0;0;0;0;0;700;285;120;74;24;27;15;21;12;1224;5;14;4;0;0;0;0;0;0;0;707;0;0;0;0;0;0;700;285;120;74;24;27;15;21;189;1712;745;330;132;2;1357;0;299;121;0.000594000594000594;1;2001-09-20 22:34:35;1001025275;5;11
270;718;674;3913;1;18;0;192;1.3542219861922464;1646;3;0;75;25;0;0;0;0;0;0;763;0;0;0;0;0;0;900;236;64;33;3;9;9;0;13;1646;3;0;75;25;0;0;0;0;0;0;763;0;0;0;0;0;0;900;236;64;33;3;9;9;0;220;1965;1151;238;136;5;1383;0;160;121;0.001277791975466394;1;2001-09-20 22:39:35;1001025575;1;11
271;575;590;2834;5;18;0;145;1.546857357922469;1015;1;3;76;0;0;0;0;0;0;0;595;0;0;0;0;0;0;620;188;91;43;10;7;4;4;12;1015;1;3;76;0;0;0;0;0;0;0;595;0;0;0;0;0;0;620;188;91;43;10;7;4;4;106;1425;718;263;175;5;1151;0;178;34;0.0017642907551164433;1;2001-09-20 22:44:35;1001025875;5;10
272;593;638;3771;2;17;0;206;1.1646415552855407;1698;2;0;50;0;0;0;0;0;0;0;652;0;0;0;0;0;0;489;200;106;56;11;12;14;2;12;1698;2;0;50;0;0;0;0;0;0;0;652;0;0;0;0;0;0;489;200;106;56;11;12;14;2;231;1483;1208;164;435;5;1334;0;253;87;0.0013238019592268996;1;2001-09-20 22:49:35;1001026175;2;10
273;988;779;4728;2;16;0;311;1.426453819840365;1622;2;0;0;0;0;0;0;0;0;0;991;0;0;0;0;0;0;984;372;165;107;73;36;22;11;10;1622;2;0;0;0;0;0;0;0;0;0;991;0;0;0;0;0;0;984;372;165;107;73;36;22;11;151;2381;1033;509;329;1;1947;0;362;168;0.00021150592216582064;1;2001-09-20 22:54:35;1001026475;2;12
274;1355;1171;6083;4;17;0;244;1.560501890684084;2156;2;2;100;0;0;0;0;0;0;0;1272;0;0;0;0;0;0;1225;635;183;111;58;30;31;13;12;2156;2;2;100;0;0;0;0;0;0;0;1272;0;0;0;0;0;0;1225;635;183;111;58;30;31;13;222;3029;1557;766;252;11;2381;0;343;187;0.0018071299490717923;1;2001-09-20 22:59:35;1001026775;4;11
275;567;598;3527;5;13;0;187;1.1851851851851851;1432;2;3;1;0;0;0;0;0;0;0;803;0;0;0;0;0;0;492;202;69;59;27;24;20;25;12;1432;2;3;1;0;0;0;0;0;0;0;803;0;0;0;0;0;0;492;202;69;59;27;24;20;25;263;1417;852;440;364;4;1588;0;248;113;0.0011341083073433513;1;2001-09-20 23:04:35;1001027075;5;12
276;847;711;4423;16;18;0;315;1.2498273083122267;1977;9;3;8;2;0;0;0;0;0;0;999;0;0;0;0;0;0;477;559;133;86;62;13;7;8;13;1977;9;3;8;2;0;0;0;0;0;0;999;0;0;0;0;0;0;477;559;133;86;62;13;7;8;123;2107;1338;460;77;11;1737;0;286;282;0.0024869997739091114;1;2001-09-20 23:09:35;1001027375;6;13
277;697;877;4244;4;21;0;297;1.2696172248803828;1857;6;6;8;1;0;0;0;0;0;0;990;0;0;0;0;0;0;737;197;142;97;68;28;27;16;13;1857;6;6;8;1;0;0;0;0;0;0;990;0;0;0;0;0;0;737;197;142;97;68;28;27;16;186;1876;1264;557;51;8;2013;6;308;91;0.001885014137606032;1;2001-09-20 23:14:35;1001027675;4;12
278;938;1091;5650;4;15;0;322;1.5381140598531904;2119;30;4;9;2;0;2;0;0;0;0;1446;0;0;0;0;0;0;604;393;139;218;302;8;16;21;15;2119;30;4;9;2;0;2;0;0;0;0;1446;0;0;0;0;0;0;604;393;139;218;302;8;16;21;181;2925;1509;376;330;2;1930;2;383;86;0.00035398230088495576;1;2001-09-20 23:19:35;1001027975;2;10
279;821;545;4336;4;15;0;418;1.246629659000793;1736;0;4;27;0;0;0;0;0;0;0;932;0;0;0;0;0;0;537;284;106;35;25;57;18;22;12;1736;0;4;27;0;0;0;0;0;0;0;932;0;0;0;0;0;0;537;284;106;35;25;57;18;22;116;1855;1131;263;515;3;1699;0;265;122;0.0006918819188191881;1;2001-09-20 23:24:35;1001028275;4;12
280;1672;920;6787;5;18;0;221;1.2353222718570518;2214;11;3;16;3;0;1;0;0;0;0;2220;0;0;0;0;0;0;779;695;225;46;34;13;6;2;15;2214;11;3;16;3;0;1;0;0;0;0;2220;0;0;0;0;0;0;779;695;225;46;34;13;6;2;236;3755;1678;378;493;0;2002;0;336;168;0.0;0;2001-09-20 23:29:35;1001028575;5;14
281;604;310;2674;3;17;0;138;1.1485265225933203;1090;8;2;4;0;0;0;0;0;0;0;671;0;0;0;0;0;0;479;197;31;16;10;16;12;9;12;1090;8;2;4;0;0;0;0;0;0;0;671;0;0;0;0;0;0;479;197;31;16;10;16;12;9;77;1338;829;163;109;4;1158;0;147;131;0.0014958863126402393;2;2001-09-20 23:34:35;1001028875;3;12
282;578;554;3407;4;13;0;187;1.0700656865811697;1494;1;0;0;0;0;0;0;0;0;0;749;0;0;0;0;0;0;487;326;64;37;18;12;4;5;10;1494;1;0;0;0;0;0;0;0;0;0;749;0;0;0;0;0;0;487;326;64;37;18;12;4;5;219;1418;941;432;205;0;1303;0;245;94;0.0;0;2001-09-20 23:39:35;1001029175;4;11
283;437;567;3161;4;15;0;269;1.088235294117647;1399;0;13;0;0;0;0;0;0;0;0;702;0;0;0;0;0;0;556;160;88;23;26;12;5;8;11;1399;0;13;0;0;0;0;0;0;0;0;702;0;0;0;0;0;0;556;160;88;23;26;12;5;8;307;1194;705;517;162;0;1058;0;175;94;0.0;0;2001-09-20 23:44:35;1001029475;4;9
284;1640;661;7478;2;18;0;334;1.4073921971252568;1962;2;0;0;0;0;0;0;0;0;0;3128;0;0;0;0;0;0;1087;537;55;105;413;4;11;1;10;1962;2;0;0;0;0;0;0;0;0;0;3128;0;0;0;0;0;0;1087;537;55;105;413;4;11;1;111;5174;1480;206;166;23;1197;1;225;125;0.0030756886868146564;1;2001-09-20 23:49:35;1001029775;2;11
285;1159;1387;7703;4;19;0;351;1.2127970264170982;3386;1;1;8;4;0;0;0;0;0;0;2287;0;0;0;0;0;0;722;508;179;76;119;34;208;0;13;3386;1;1;8;4;0;0;0;0;0;0;2287;0;0;0;0;0;0;722;508;179;76;119;34;208;0;927;3222;1600;1433;150;4;2035;4;236;260;0.0005192782032974166;1;2001-09-20 23:54:35;1001030075;4;11
286;2380;1399;7294;4;14;0;393;1.890060020494803;2141;0;0;0;0;0;0;0;0;0;0;1873;0;0;0;0;0;0;602;855;474;232;422;185;37;10;9;2141;0;0;0;0;0;0;0;0;0;0;1873;0;0;0;0;0;0;602;855;474;232;422;185;37;10;246;3772;1447;973;401;3;1337;47;284;470;0.0004112969564025226;1;2001-09-20 23:59:35;1001030375;4;11
287;632;978;4054;3;13;0;166;1.2211108186364832;1491;1;0;0;0;0;0;0;0;0;0;925;0;0;0;0;0;0;877;261;122;87;7;23;4;1;10;1491;1;0;0;0;0;0;0;0;0;0;925;0;0;0;0;0;0;877;261;122;87;7;23;4;1;304;1693;880;756;240;5;1305;12;217;103;0.00123334977799704;1;2001-09-21 00:04:35;1001030675;3;11
288;452;360;1850;3;12;0;79;1.3859102244389028;498;1;0;0;0;0;0;0;0;0;0;418;0;0;0;0;0;0;444;149;34;50;3;1;5;1;10;498;1;0;0;0;0;0;0;0;0;0;418;0;0;0;0;0;0;444;149;34;50;3;1;5;1;69;978;316;162;240;0;534;0;172;43;0.0;0;2001-09-21 00:09:35;1001030975;3;10
