,ann_to_longer,ann_to_shorter,announcements,as_path_avg,as_path_max,dups,edit_distance_avg,edit_distance_dict_0_,edit_distance_dict_10_,edit_distance_dict_1_,edit_distance_dict_2_,edit_distance_dict_3_,edit_distance_dict_4_,edit_distance_dict_5_,edit_distance_dict_6_,edit_distance_dict_7_,edit_distance_dict_8_,edit_distance_dict_9_,edit_distance_max,edit_distance_unique_dict_0_,edit_distance_unique_dict_10_,edit_distance_unique_dict_1_,edit_distance_unique_dict_2_,edit_distance_unique_dict_3_,edit_distance_unique_dict_4_,edit_distance_unique_dict_5_,edit_distance_unique_dict_6_,edit_distance_unique_dict_7_,edit_distance_unique_dict_8_,edit_distance_unique_dict_9_,flaps,imp_wd_dpath,imp_wd_spath,nadas,news,number_rare_ases,origin_0_,origin_1_,origin_2_,origin_changes,rare_ases_avg,rare_ases_max,timestamp,unique_as_path_avg,unique_as_path_max,class
0,80,93,549,6,14,13,1.9462809917,43,0,56,81,27,20,6,6,0,1,2,9,43,0,56,81,27,20,6,6,0,1,2,8,186,19,16,291,0,248,0,38,0,0.0,0,2001-07-13 00:08:59,6,10,0
1,57,114,512,7,14,16,2.2015810277,47,0,63,61,25,26,6,18,4,0,3,9,47,0,63,61,25,26,6,18,4,0,3,17,192,9,19,229,10,224,0,25,1,0.1612903226,4,2001-07-13 00:13:59,6,9,0
2,122,208,788,4,21,25,2.2344689379,104,1,131,81,81,38,38,11,3,2,1,18,104,1,131,81,81,38,38,11,3,2,1,33,366,41,34,268,72,285,0,57,10,0.0913705584,5,2001-07-13 00:18:59,4,9,0
3,76,108,441,5,17,52,2.3676012461,99,1,45,68,42,21,3,14,0,8,14,13,99,1,45,68,42,21,3,14,0,8,14,17,207,24,21,111,41,226,0,31,5,0.0929705215,4,2001-07-13 00:23:59,5,11,0
4,55,67,577,6,18,27,1.2685714286,182,1,46,43,32,34,5,6,0,0,1,10,182,1,46,43,32,34,5,6,0,0,1,14,142,108,59,205,85,221,0,21,0,0.1473136915,4,2001-07-13 00:28:59,6,9,0
5,42,73,394,6,12,8,1.9468599034,41,0,74,25,19,26,15,6,1,0,0,7,41,0,74,25,19,26,15,6,1,0,0,15,127,16,41,179,76,225,0,14,0,0.19143576829999998,3,2001-07-13 00:33:59,5,7,0
6,55,57,371,5,14,3,1.8685121107,42,0,133,30,36,25,9,12,0,0,0,11,42,0,133,30,36,25,9,12,0,0,0,22,227,15,22,75,20,200,0,13,0,0.0539083558,3,2001-07-13 00:38:59,5,9,0
7,75,123,420,4,10,24,1.7324840763999998,76,0,93,71,28,25,6,10,5,0,0,7,76,0,93,71,28,25,6,10,5,0,0,24,215,22,29,100,19,220,0,36,0,0.045238095199999995,2,2001-07-13 00:43:59,3,9,0
8,197,148,735,6,16,7,2.7535641548000003,63,1,158,82,43,20,47,21,11,38,4,11,63,1,158,82,43,20,47,21,11,38,4,30,381,18,55,192,40,330,0,44,0,0.0544217687,3,2001-07-13 00:48:59,6,9,0
9,226,191,1119,9,15,28,1.9677002584,178,1,187,182,135,20,19,15,16,13,6,11,178,1,187,182,135,20,19,15,16,13,6,104,538,34,70,239,48,455,5,92,2,0.042895442400000004,4,2001-07-13 00:53:59,5,9,0
10,276,320,1038,5,14,27,2.3064876957,173,8,233,147,120,110,39,29,14,13,2,11,173,8,233,147,120,110,39,29,14,13,2,100,584,28,155,77,57,421,0,62,7,0.054913294800000005,3,2001-07-13 00:58:59,5,10,0
11,57,82,614,6,16,133,1.3713527850999998,187,0,54,69,24,13,2,19,4,2,0,11,187,0,54,69,24,13,2,19,4,2,0,24,162,24,34,228,40,200,0,37,0,0.0651465798,3,2001-07-13 01:03:59,5,9,0
12,290,104,910,4,14,31,2.844606947,96,1,103,59,64,113,37,39,28,4,0,12,96,1,103,59,64,113,37,39,28,4,0,28,398,29,61,340,98,355,0,28,7,0.10769230769999999,4,2001-07-13 01:08:59,4,10,0
13,91,107,521,3,19,23,2.1620111732,110,0,87,47,38,23,7,16,5,10,12,11,110,0,87,47,38,23,7,16,5,10,12,13,199,67,56,108,29,230,0,19,7,0.055662188099999996,3,2001-07-13 01:13:59,3,16,0
14,281,225,840,5,16,29,2.2816500711,103,2,210,135,77,88,49,19,11,4,2,13,103,2,210,135,77,88,49,19,11,4,2,42,508,21,103,113,32,306,0,19,2,0.0380952381,3,2001-07-13 01:18:59,5,10,0
15,55,296,785,4,14,51,1.8848396501,249,2,88,126,105,37,43,20,2,9,3,11,249,2,88,126,105,37,43,20,2,9,3,105,223,63,244,93,30,258,0,27,0,0.038216560499999996,3,2001-07-13 01:23:59,3,9,0
16,374,192,1127,4,15,44,2.187654321,122,0,235,186,97,97,21,15,18,10,7,11,122,0,235,186,97,97,21,15,18,10,7,33,540,21,172,230,21,329,0,55,3,0.0186335404,2,2001-07-13 01:28:59,4,10,0
17,135,197,820,4,14,39,1.7272727273,133,2,130,209,35,37,5,12,4,3,2,10,133,2,130,209,35,37,5,12,4,3,2,51,385,35,62,209,80,306,0,35,0,0.0975609756,4,2001-07-13 01:33:59,4,9,0
18,246,170,985,5,15,35,2.0650289017,80,3,209,175,153,32,9,20,5,3,2,11,80,3,209,175,153,32,9,20,5,3,2,24,481,15,137,286,38,239,0,46,83,0.0385786802,2,2001-07-13 01:38:59,5,9,0
19,123,273,944,4,14,21,2.1764705882,122,0,95,182,61,96,5,17,5,5,5,11,122,0,95,182,61,96,5,17,5,5,5,52,402,35,85,291,87,280,0,32,3,0.09216101689999999,3,2001-07-13 01:43:59,4,9,0
20,182,288,1155,4,15,47,1.8481613286,272,0,105,214,112,70,37,25,3,2,0,15,272,0,105,214,112,70,37,25,3,2,0,66,438,110,182,250,48,339,14,41,28,0.0415584416,4,2001-07-13 01:48:59,4,11,0
21,176,138,668,9,14,28,2.0492091387999998,184,4,92,101,79,44,31,14,3,2,11,11,184,4,92,101,79,44,31,14,3,2,11,38,306,89,108,81,60,325,13,25,10,0.0898203593,3,2001-07-13 01:53:59,9,11,0
22,147,142,742,6,14,68,1.613559322,200,0,133,106,83,24,20,13,8,2,0,12,200,0,133,106,83,24,20,13,8,2,0,57,305,54,106,146,78,373,0,55,12,0.1051212938,2,2001-07-13 01:58:59,6,10,0
23,114,226,609,6,11,17,2.0961145194,75,0,137,135,70,16,18,22,10,4,1,11,75,0,137,135,70,16,18,22,10,4,1,32,320,12,108,95,33,326,0,43,8,0.054187192099999996,2,2001-07-13 02:03:59,6,10,0
24,155,133,532,5,15,25,2.0907079646,68,2,125,115,71,33,16,16,4,1,0,13,68,2,125,115,71,33,16,16,4,1,0,26,348,15,38,76,37,251,0,41,8,0.0695488722,4,2001-07-13 02:08:59,5,9,0
25,112,115,447,4,15,24,1.8779069766999998,60,0,112,86,31,25,15,12,2,1,0,8,60,0,112,86,31,25,15,12,2,1,0,31,229,4,56,102,34,213,0,31,2,0.0760626398,2,2001-07-13 02:13:59,3,10,0
26,106,92,439,6,12,38,2.0536277603,79,0,74,68,25,40,5,8,14,1,3,9,79,0,74,68,25,40,5,8,14,1,3,25,182,15,57,114,40,190,0,46,6,0.0911161731,2,2001-07-13 02:18:59,5,12,0
27,80,112,361,4,14,16,2.082278481,72,1,60,75,44,36,15,7,4,1,1,10,72,1,60,75,44,36,15,7,4,1,1,26,178,21,75,37,40,200,0,50,9,0.1108033241,3,2001-07-13 02:23:59,4,11,0
28,195,100,688,6,10,19,1.7365384615000001,56,1,253,99,47,33,23,5,1,1,1,10,56,1,253,99,47,33,23,5,1,1,1,16,429,11,45,157,24,175,5,21,0,0.0348837209,2,2001-07-13 02:28:59,6,9,0
29,113,273,1180,6,12,16,2.0471869328,139,1,56,132,125,85,3,6,1,2,1,10,139,1,56,132,125,85,3,6,1,2,1,104,255,15,161,521,64,278,0,20,4,0.054237288099999996,3,2001-07-13 02:33:59,6,9,0
30,92,346,1165,6,14,21,1.7306763285,118,0,285,297,50,32,17,21,5,1,0,11,118,0,285,297,50,32,17,21,5,1,0,37,677,52,41,321,39,274,0,38,2,0.033476394799999996,2,2001-07-13 02:38:59,6,9,0
31,128,86,383,5,19,22,2.2368421053,69,3,63,95,56,21,14,5,6,5,4,12,69,3,63,95,56,21,14,5,6,5,4,12,237,19,52,28,30,242,0,18,0,0.0783289817,2,2001-07-13 02:43:59,5,10,0
32,96,77,440,4,15,9,1.8012232416,109,0,55,83,25,20,16,8,8,2,0,13,109,0,55,83,25,20,16,8,8,2,0,28,180,56,54,108,54,226,0,24,0,0.1227272727,3,2001-07-13 02:48:59,4,8,0
33,66,99,372,5,14,11,1.9543973941,105,1,34,90,23,18,11,12,6,4,1,13,105,1,34,90,23,18,11,12,6,4,1,50,147,39,60,55,31,206,0,11,0,0.0833333333,1,2001-07-13 02:53:59,5,10,0
34,125,92,510,5,14,51,1.6163069544,131,0,101,86,34,41,14,7,1,2,0,8,131,0,101,86,34,41,14,7,1,2,0,40,263,34,29,72,64,274,0,28,1,0.1254901961,2,2001-07-13 02:58:59,5,9,0
35,95,128,479,9,10,38,2.1387434555000002,85,0,89,76,36,43,32,16,4,0,0,12,85,0,89,76,36,43,32,16,4,0,0,24,275,16,29,69,25,209,0,55,0,0.0521920668,2,2001-07-13 03:03:59,4,9,0
36,130,52,641,6,14,7,1.2646370023,192,0,103,34,52,29,7,8,2,0,0,7,192,0,103,34,52,29,7,8,2,0,0,25,206,158,31,208,32,184,0,12,0,0.0499219969,2,2001-07-13 03:08:59,6,9,0
37,130,93,454,4,14,20,1.9245283019,100,2,70,79,75,24,4,6,7,2,0,12,100,2,70,79,75,24,4,6,7,2,0,38,224,31,58,52,33,225,0,27,2,0.0726872247,3,2001-07-13 03:13:59,3,9,0
38,141,135,774,6,11,69,1.2322580645,280,0,143,82,37,60,8,4,6,0,0,7,280,0,143,82,37,60,8,4,6,0,0,138,267,62,84,119,56,238,0,28,0,0.0723514212,4,2001-07-13 03:18:59,5,9,0
39,131,144,593,5,12,29,1.8115942028999998,154,0,70,114,75,25,29,8,5,3,0,8,154,0,70,114,75,25,29,8,5,3,0,70,268,47,69,101,40,266,0,44,8,0.0674536256,2,2001-07-13 03:23:59,5,9,0
40,156,196,787,3,12,56,1.6228209191999998,159,0,169,173,74,25,16,7,3,1,4,9,159,0,169,173,74,25,16,7,3,1,4,58,398,36,83,124,33,361,0,38,0,0.041931385,4,2001-07-13 03:28:59,3,8,0
41,135,101,436,5,11,18,1.8975741240000001,71,0,101,93,65,12,8,17,1,2,1,9,71,0,101,93,65,12,8,17,1,2,1,26,238,25,64,38,30,214,0,43,10,0.0688073394,2,2001-07-13 03:33:59,5,9,0
42,76,58,361,5,10,13,1.7007874016,64,0,71,60,24,18,9,6,0,2,0,8,64,0,71,60,24,18,9,6,0,2,0,28,165,20,28,82,30,208,0,29,1,0.0831024931,3,2001-07-13 03:38:59,3,8,0
43,160,122,585,6,20,23,1.7216494844999999,122,0,108,129,77,32,11,2,1,0,1,15,122,0,108,129,77,32,11,2,1,0,1,42,311,48,61,96,25,274,0,47,1,0.042735042699999996,3,2001-07-13 03:43:59,6,9,0
44,135,147,634,4,18,43,1.968503937,143,1,115,119,51,30,15,10,9,1,5,15,143,1,115,119,51,30,15,10,9,1,5,43,308,47,67,118,44,355,0,26,10,0.0694006309,3,2001-07-13 03:48:59,4,10,0
45,249,152,810,7,14,15,1.8906942393000001,179,2,164,196,41,12,10,35,35,1,1,11,179,2,164,196,41,12,10,35,35,1,1,70,436,77,79,96,65,331,0,56,10,0.0802469136,2,2001-07-13 03:53:59,7,10,0
46,90,187,667,5,21,32,2.1019108280000003,153,0,96,66,55,54,11,20,3,1,0,17,153,0,96,66,55,54,11,20,3,1,0,42,225,72,100,185,83,327,0,40,3,0.12443778109999999,3,2001-07-13 03:58:59,5,9,0
47,144,289,1433,5,15,33,1.7611940299000002,143,0,393,143,72,50,31,12,16,8,1,15,143,0,393,143,72,50,31,12,16,8,1,28,670,66,74,535,251,530,0,34,4,0.174912892,3,2001-07-13 04:03:59,5,10,0
48,523,594,4371,6,15,82,2.335347432,209,0,406,430,159,298,72,47,17,8,0,12,209,0,406,430,159,298,72,47,17,8,0,40,1357,67,109,2566,575,1394,5,116,9,0.1315488447,3,2001-07-13 04:08:59,4,9,0
49,422,656,3386,4,19,203,2.095709571,282,3,274,592,164,99,34,11,20,11,1,17,282,3,274,592,164,99,34,11,20,11,1,30,1153,40,89,1840,206,1168,1,114,13,0.0608207854,2,2001-07-13 04:13:59,3,10,0
50,505,1582,4425,7,22,99,1.9781544256,221,0,333,1564,426,72,26,4,2,6,1,9,221,0,333,1564,426,72,26,4,2,6,1,23,2366,90,77,1760,138,1068,0,106,17,0.031186440699999998,2,2001-07-13 04:18:59,6,17,0
51,2172,1917,7040,5,15,958,1.5954123963,1214,0,918,3547,293,91,30,11,25,13,2,15,1214,0,918,3547,293,91,30,11,25,13,2,44,4889,195,61,883,76,1624,0,126,25,0.0107908562,2,2001-07-13 04:23:59,5,10,0
52,2465,1530,5064,5,14,161,1.9259743087,245,0,413,3680,96,84,43,4,18,9,0,12,245,0,413,3680,96,84,43,4,18,9,0,42,4295,35,60,456,51,1085,0,84,20,0.01007109,3,2001-07-13 04:28:59,5,10,0
53,2767,2445,6591,15,21,426,1.8761670762,505,0,374,4869,224,64,17,40,7,5,0,8,505,0,374,4869,224,64,17,40,7,5,0,31,5546,35,67,467,68,1736,1,128,14,0.010317099100000001,2,2001-07-13 04:33:59,5,9,0
54,8428,9627,20720,5,15,248,2.2479438922,378,1,291,14234,4119,696,49,17,2,24,2,14,378,1,291,14234,4119,696,49,17,2,24,2,93,19331,24,123,890,126,5355,14,399,119,0.0060799074,2,2001-07-13 04:38:59,5,9,0
55,10286,12639,25883,6,20,840,2.2089528878,991,0,286,17894,5367,906,58,42,4,5,1,18,991,0,286,17894,5367,906,58,42,4,5,1,85,24515,47,69,314,145,6338,16,458,169,0.005601266999999999,2,2001-07-13 04:43:59,6,8,0
56,17040,13682,40791,5,15,6742,1.8126922694999998,7219,2,944,25227,6171,654,63,18,0,8,0,16,7219,2,944,25227,6171,654,63,18,0,8,0,97,33050,362,57,468,377,10012,30,720,155,0.0092401961,3,2001-07-13 04:48:59,5,8,0
57,13416,14316,31505,5,15,1507,2.0736152779,1841,6,357,23465,4635,537,98,48,1,8,1,11,1841,6,357,23465,4635,537,98,48,1,8,1,121,29092,184,95,499,314,8183,19,600,135,0.0099647742,3,2001-07-13 04:53:59,5,9,0
58,7365,12750,25802,2,15,3299,1.896731055,3740,4,595,16731,3793,586,86,30,3,4,0,12,3740,4,595,16731,3793,586,86,30,3,4,0,107,21722,317,129,172,223,6736,16,508,120,0.0086410664,2,2001-07-13 04:58:59,2,10,0
59,1966,1490,7344,5,13,1923,1.3584670725,2091,0,1634,2806,423,172,38,43,6,9,6,9,2091,0,1634,2806,423,172,38,43,6,9,6,37,4864,118,286,100,50,2205,0,136,21,0.0068073518999999996,3,2001-07-13 05:03:59,5,13,0
60,3619,2618,9894,3,15,1441,1.7297043151,1641,3,1458,5055,946,305,102,47,7,5,2,10,1641,3,1458,5055,946,305,102,47,7,5,2,40,7869,155,66,304,110,2925,0,219,45,0.0111178492,2,2001-07-13 05:08:59,3,11,0
61,2419,1026,5777,4,15,471,1.6967198422999998,762,5,1291,2886,338,218,26,42,4,6,1,10,762,5,1291,2886,338,218,26,42,4,6,1,62,4715,224,107,183,104,1495,3,111,39,0.018002423400000002,3,2001-07-13 05:13:59,4,8,0
62,2849,5314,9586,8,16,182,2.1822079314,306,6,583,6488,1414,354,68,74,7,22,7,11,306,6,583,6488,1414,354,68,74,7,22,7,32,8925,68,123,225,114,2799,5,202,62,0.0118898623,2,2001-07-13 05:18:59,6,9,0
63,14364,14204,32760,5,15,2124,2.0746044401,2393,4,341,24367,4168,978,138,169,24,24,2,11,2393,4,341,24367,4168,978,138,169,24,24,2,41,30054,222,171,136,41,7947,5,593,160,0.0012512971,2,2001-07-13 05:23:59,5,10,0
64,12279,13586,29881,4,15,2138,2.0476030729,2474,3,179,22018,4143,819,54,86,3,11,9,12,2474,3,179,22018,4143,819,54,86,3,11,9,43,27302,271,55,59,42,7159,5,490,128,0.0014053873,3,2001-07-13 05:28:59,4,9,0
65,8737,9115,23119,5,17,3494,1.815758679,3879,0,580,15504,2513,404,102,38,29,15,6,13,3879,0,580,15504,2513,404,102,38,29,15,6,93,19026,281,179,33,25,6048,2,422,84,0.0010810811,2,2001-07-13 05:33:59,5,13,0
66,6259,5885,15504,9,19,1841,1.7933240979,2053,14,707,11518,497,194,71,79,12,6,7,11,2053,14,707,11518,497,194,71,79,12,6,7,36,13028,166,88,225,106,3135,0,225,11,0.0068356226,3,2001-07-13 05:38:59,9,15,0
67,5330,4097,13230,12,17,2176,1.7203849384999998,2332,4,860,8811,562,386,89,21,23,4,1,10,2332,4,860,8811,562,386,89,21,23,4,1,31,10708,119,59,95,88,2775,0,223,15,0.0066510468,3,2001-07-13 05:43:59,4,9,0
68,2259,716,4117,6,16,308,1.9408521303,419,5,527,2389,378,193,33,29,4,9,1,13,419,5,527,2389,378,193,33,29,4,9,1,53,3488,54,87,123,43,1166,0,107,19,0.0104444984,2,2001-07-13 05:48:59,6,11,0
69,2359,408,3403,2,16,77,2.3148696682,158,5,303,2084,420,240,18,69,68,7,3,11,158,5,303,2084,420,240,18,69,68,7,3,52,3121,21,105,18,19,1239,1,106,45,0.0055833088,2,2001-07-13 05:53:59,2,10,0
70,1425,5698,9453,4,15,934,1.9537097122999998,1063,2,657,5972,1063,349,43,50,36,8,3,10,1063,2,657,5972,1063,349,43,50,36,8,3,33,8111,86,82,160,75,2488,2,189,45,0.0079323109,2,2001-07-13 05:58:59,4,10,0
71,2722,3047,9099,4,15,1099,1.6623582766,1237,0,1699,5217,434,89,30,96,5,7,6,9,1237,0,1699,5217,434,89,30,96,5,7,6,73,7434,55,159,152,31,2186,2,144,18,0.0034069678,2,2001-07-13 06:03:59,4,9,0
72,2222,2084,8515,4,15,2144,1.5928092625999999,2445,0,983,3062,1217,341,60,61,20,5,10,11,2445,0,983,3062,1217,341,60,61,20,5,10,62,5688,232,79,306,80,2364,9,164,23,0.0093896714,2,2001-07-13 06:08:59,4,9,0
73,2134,866,5887,6,15,1581,1.3586512866,1852,3,716,2540,376,98,18,16,5,10,1,10,1852,3,716,2540,376,98,18,16,5,10,1,47,3706,211,90,196,67,1670,8,116,17,0.0113732813,3,2001-07-13 06:13:59,6,9,0
74,2849,963,5079,10,16,801,1.8862808580000001,929,16,163,3143,373,174,53,57,18,7,0,17,929,16,163,3143,373,174,53,57,18,7,0,55,3934,61,91,121,17,1539,0,139,23,0.0033451397,2,2001-07-13 06:18:59,8,11,0
75,7314,10170,19695,4,15,983,2.0934001329,1086,17,254,14971,2700,387,50,57,6,24,1,13,1086,17,254,14971,2700,387,50,57,6,24,1,38,18318,54,168,117,28,4873,3,412,65,0.0014213919,2,2001-07-13 06:23:59,4,10,0
76,11833,12659,27392,5,15,1116,2.0956569746,1438,15,202,20920,3946,477,56,103,5,6,1,11,1438,15,202,20920,3946,477,56,103,5,6,1,64,25669,220,101,165,55,6740,6,520,114,0.0020075191,2,2001-07-13 06:28:59,4,10,0
77,12075,12035,30290,7,16,4449,1.8378548687,4852,3,269,20648,3918,357,52,31,8,5,6,14,4852,3,269,20648,3918,357,52,31,8,5,6,43,25184,351,125,83,12,7188,6,553,120,0.00039609190000000004,1,2001-07-13 06:33:59,7,8,0
78,3728,2196,10134,5,15,2783,1.4045190962,3051,3,863,5353,562,125,24,13,1,5,2,10,3051,3,863,5353,562,125,24,13,1,5,2,52,6907,211,49,130,24,2662,0,214,51,0.0023680316000000002,2,2001-07-13 06:38:59,5,12,0
79,2878,1791,5974,6,15,298,1.9539272356,502,16,711,3851,502,189,57,25,19,4,4,11,502,16,711,3851,502,189,57,25,19,4,4,81,5247,116,140,72,31,1468,7,142,19,0.005189153,1,2001-07-13 06:43:59,6,9,0
80,2389,1660,5036,4,15,330,1.9346445400999999,481,12,323,3547,301,161,12,33,1,5,2,13,481,12,323,3547,301,161,12,33,1,5,2,86,4368,61,36,153,36,1329,0,107,11,0.0071485306,1,2001-07-13 06:48:59,4,9,0
81,3656,5305,11032,3,15,959,1.9302454327,1211,9,338,7932,1013,223,26,45,32,8,1,10,1211,9,338,7932,1013,223,26,45,32,8,1,128,9467,78,206,177,77,2875,2,221,48,0.006977165600000001,3,2001-07-13 06:53:59,3,9,0
82,13344,10369,29998,5,15,4206,1.8371812484999999,4595,6,527,20594,3613,414,47,27,9,6,3,11,4595,6,527,20594,3613,414,47,27,9,6,3,99,25028,280,230,123,54,7069,5,491,142,0.0018,3,2001-07-13 06:58:59,5,9,0
83,5263,10390,19497,4,15,2454,1.8920300438,2756,2,216,13222,2496,380,38,50,3,6,3,10,2756,2,216,13222,2496,380,38,50,3,6,3,74,16268,220,156,261,154,4791,17,402,112,0.0078986511,3,2001-07-13 07:03:59,4,9,0
84,230,229,851,5,13,55,1.7334235453,156,0,215,198,105,24,19,7,4,5,6,9,156,0,215,198,105,24,19,7,4,5,6,61,550,28,45,99,26,295,0,82,1,0.0305522914,2,2001-07-13 07:08:59,5,9,0
85,122,171,686,4,12,54,1.8870292887,103,0,130,121,54,26,17,15,8,3,1,9,103,0,130,121,54,26,17,15,8,3,1,32,296,14,82,154,54,257,0,55,5,0.0787172012,2,2001-07-13 07:13:59,4,11,0
86,162,170,805,6,11,63,1.9391575663,128,0,168,159,94,39,26,11,10,3,2,11,128,0,168,159,94,39,26,11,10,3,2,30,449,25,74,102,62,283,0,38,5,0.0770186335,2,2001-07-13 07:18:59,6,8,0
87,152,193,1002,5,14,33,1.562992126,152,1,308,153,79,36,20,8,2,3,0,10,152,1,308,153,79,36,20,8,2,3,0,77,529,30,93,229,136,365,0,69,6,0.1357285429,3,2001-07-13 07:23:59,5,9,0
88,338,358,1214,6,15,83,1.8714821763999998,292,8,201,208,245,69,17,12,4,3,0,12,292,8,201,208,245,69,17,12,4,3,0,148,721,48,66,126,57,422,0,75,3,0.0469522241,2,2001-07-13 07:28:59,5,10,0
89,354,332,1512,10,17,98,2.2894472362,156,3,235,298,78,44,137,17,15,4,5,14,156,3,235,298,78,44,137,17,15,4,5,41,689,13,154,508,240,487,0,54,0,0.15873015869999998,3,2001-07-13 07:33:59,3,9,0
90,2348,2459,7557,5,15,203,2.6207285017,331,3,193,3187,504,405,304,231,88,35,39,13,331,3,193,3187,504,405,304,231,88,35,39,91,4831,17,184,2175,535,1315,1,99,137,0.0707859222,3,2001-07-13 07:38:59,4,10,0
91,445,388,1659,9,13,93,2.0771905424,298,4,335,282,260,149,60,18,16,2,9,11,298,4,335,282,260,149,60,18,16,2,9,103,1030,86,126,172,39,449,0,65,15,0.023508137400000004,2,2001-07-13 07:43:59,9,12,0
92,152,513,1037,5,19,36,1.6387711863999999,190,5,423,161,79,21,35,5,11,1,1,11,190,5,423,161,79,21,35,5,11,1,1,43,686,91,88,72,131,417,0,73,7,0.1263259402,2,2001-07-13 07:48:59,4,10,0
93,146,161,632,5,17,33,2.1259541985,154,4,86,124,64,50,12,5,7,1,4,17,154,4,86,124,64,50,12,5,7,1,4,48,311,46,86,92,44,321,0,37,6,0.06962025320000001,3,2001-07-13 07:53:59,5,10,0
94,406,316,1190,4,13,45,1.7777777778,216,0,449,108,105,123,26,13,25,5,1,9,216,0,449,108,105,123,26,13,25,5,1,112,716,33,165,113,53,375,0,36,3,0.044537815099999996,2,2001-07-13 07:58:59,4,10,0
95,276,266,1371,3,17,150,1.4749216300999999,435,2,344,222,151,70,22,10,9,5,1,13,435,2,344,222,151,70,22,10,9,5,1,75,757,152,142,87,21,435,11,69,25,0.0153172867,1,2001-07-13 08:03:59,3,10,0
96,302,231,914,5,18,32,1.9937655859999999,172,2,218,191,113,62,12,6,7,1,1,16,172,2,218,191,113,62,12,6,7,1,1,44,489,90,147,59,70,384,0,45,24,0.0765864333,3,2001-07-13 08:08:59,5,11,0
97,336,377,1505,5,16,37,1.7611940299000002,420,7,256,197,165,27,68,33,19,4,6,11,420,7,256,197,165,27,68,33,19,4,6,141,596,225,207,256,61,491,0,104,8,0.0405315615,3,2001-07-13 08:13:59,5,11,0
98,231,226,5201,1,14,4199,0.31923151559999996,4590,3,122,173,109,63,45,29,7,4,1,12,4590,3,122,173,109,63,45,29,7,4,1,40,468,339,107,43,107,966,0,92,11,0.0205729667,2,2001-07-13 08:18:59,1,10,0
99,227,136,13953,6,12,12455,0.0897788058,13364,0,138,116,126,41,16,5,12,10,5,11,13364,0,138,116,126,41,16,5,12,10,5,91,381,816,91,90,43,2075,0,163,15,0.0030817745,3,2001-07-13 08:23:59,6,10,0
100,171,263,925,4,15,62,1.9341238472,170,1,241,123,88,79,25,5,9,8,3,12,170,1,241,123,88,79,25,5,9,8,3,33,489,58,117,121,55,338,0,55,0,0.0594594595,2,2001-07-13 08:28:59,4,10,0
101,227,176,679,11,13,36,2.3932411674000003,134,7,154,125,116,32,25,14,15,16,0,14,134,7,154,125,116,32,25,14,15,16,0,54,404,35,122,20,28,372,0,35,11,0.0412371134,3,2001-07-13 08:33:59,5,11,0
102,344,141,881,8,15,38,1.4517006803,169,1,337,108,64,24,10,8,1,10,1,11,169,1,337,108,64,24,10,8,1,10,1,60,506,61,70,128,83,379,0,45,5,0.0942111237,2,2001-07-13 08:38:59,4,10,0
103,176,383,926,12,17,42,1.5381861575,173,0,414,97,54,60,11,13,3,4,3,11,173,0,414,97,54,60,11,13,3,4,3,52,548,50,146,74,84,384,0,56,2,0.0906148867,2,2001-07-13 08:43:59,6,10,0
104,117,192,839,7,16,19,1.7298444130000001,165,0,229,172,46,41,14,16,13,8,3,9,165,0,229,172,46,41,14,16,13,8,3,63,455,79,91,127,28,240,0,50,1,0.0333730632,2,2001-07-13 08:48:59,4,10,0
105,466,283,1180,6,15,44,1.9690627843000001,218,0,410,198,112,41,31,14,22,39,3,12,218,0,410,198,112,41,31,14,22,39,3,37,793,98,127,68,52,416,0,43,85,0.0440304826,2,2001-07-13 08:53:59,6,9,0
106,288,170,853,5,20,24,1.9119579501,144,0,179,254,69,69,26,6,4,4,4,12,144,0,179,254,69,69,26,6,4,4,4,70,571,41,55,81,31,275,0,45,10,0.0363423212,2,2001-07-13 08:58:59,5,11,0
107,167,136,726,1,12,38,1.4675324675,189,0,195,91,71,51,11,5,1,0,2,9,189,0,195,91,71,51,11,5,1,0,2,72,355,60,91,102,45,352,0,22,1,0.061983471100000014,2,2001-07-13 09:03:59,1,9,0
108,116,171,608,5,12,31,1.7026548673,177,0,98,146,58,54,23,3,2,1,3,9,177,0,98,146,58,54,23,3,2,1,3,28,316,112,78,33,12,322,0,26,45,0.0197368421,1,2001-07-13 09:08:59,5,10,0
109,88,63,410,6,14,34,1.6415662650999998,108,0,72,69,33,30,12,3,3,1,1,9,108,0,72,69,33,30,12,3,3,1,1,30,198,34,36,73,19,246,0,42,4,0.0463414634,1,2001-07-13 09:13:59,6,10,0
110,109,183,796,5,13,35,1.663507109,210,1,112,127,108,41,25,3,2,4,0,10,210,1,112,127,108,41,25,3,2,4,0,53,285,112,148,131,39,320,0,44,8,0.0489949749,2,2001-07-13 09:18:59,5,11,0
111,194,946,5048,11,14,1518,0.7815731746,1850,0,576,543,129,49,28,8,5,1,2,9,1850,0,576,543,129,49,28,8,5,1,2,163,1260,151,99,1718,383,899,0,136,129,0.0758716323,3,2001-07-13 09:23:59,8,12,0
112,419,426,1665,6,15,114,1.844488189,453,0,305,387,184,76,28,18,30,10,14,12,453,0,305,387,184,76,28,18,30,10,14,253,889,50,218,94,39,529,0,47,9,0.023423423399999997,2,2001-07-13 09:28:59,6,11,0
113,99,174,783,1,14,17,1.307277628,382,0,105,122,35,53,14,9,3,12,7,9,382,0,105,122,35,53,14,9,3,12,7,280,296,67,82,20,23,303,0,28,7,0.029374201800000006,1,2001-07-13 09:33:59,1,9,0
114,324,367,1395,5,23,93,2.0977112676,280,0,214,261,273,29,17,4,1,5,27,14,280,0,214,261,273,29,17,4,1,5,27,31,812,126,74,233,43,358,0,36,26,0.0308243728,1,2001-07-13 09:38:59,5,9,0
115,191,112,537,6,16,24,2.1162790698,113,2,105,82,56,73,17,18,0,4,3,10,113,2,105,82,56,73,17,18,0,4,3,64,300,20,65,60,64,246,0,56,2,0.1191806331,2,2001-07-13 09:43:59,6,10,0
116,109,209,843,3,12,48,1.4021164021,187,0,150,132,47,25,21,2,1,2,0,8,187,0,150,132,47,25,21,2,1,2,0,48,279,75,117,248,61,235,0,53,14,0.0723606168,2,2001-07-13 09:48:59,3,8,0
117,385,498,1517,3,11,14,1.5321764281,266,0,588,264,146,77,30,1,5,0,0,11,266,0,588,264,146,77,30,1,5,0,0,67,945,149,208,94,34,348,0,49,4,0.0224126566,2,2001-07-13 09:53:59,3,8,0
118,238,209,1225,6,14,28,1.2357581068999999,574,1,217,139,52,83,41,30,0,4,0,10,574,1,217,139,52,83,41,30,0,4,0,470,418,63,162,78,68,353,0,64,9,0.0555102041,5,2001-07-13 09:58:59,4,10,0
119,346,172,1302,2,14,50,1.383882149,498,0,243,187,88,55,49,6,14,11,2,11,498,0,243,187,88,55,49,6,14,11,2,404,577,35,88,143,56,503,0,55,5,0.043010752699999995,3,2001-07-13 10:03:59,2,11,0
120,172,148,1006,4,13,60,1.4149933066,320,0,143,108,81,55,24,7,1,6,2,9,320,0,143,108,81,55,24,7,1,6,2,201,329,44,113,219,64,401,0,78,16,0.0636182903,2,2001-07-13 10:08:59,4,11,0
121,312,545,2062,3,19,111,1.5991432069,629,2,315,274,166,146,58,25,9,2,0,17,629,2,315,274,166,146,58,25,9,2,0,343,805,113,262,296,53,461,0,156,87,0.0257032008,2,2001-07-13 10:13:59,3,10,0
122,182,234,1009,7,13,35,1.407310705,265,0,227,132,65,38,16,9,6,8,0,8,265,0,227,132,65,38,16,9,6,8,0,178,400,41,112,172,26,325,0,54,4,0.0257680872,1,2001-07-13 10:18:59,5,9,0
123,499,312,1804,3,13,57,1.7927527018,604,16,240,249,218,97,75,31,26,16,1,10,604,16,240,249,218,97,75,31,26,16,1,481,814,29,192,169,69,567,0,64,8,0.038248337,2,2001-07-13 10:23:59,3,9,0
124,207,252,1420,5,13,51,1.2194189602,754,0,125,171,61,98,66,19,7,3,4,9,754,0,125,171,61,98,66,19,7,3,4,549,389,97,222,60,49,527,0,41,0,0.0345070423,2,2001-07-13 10:28:59,5,9,0
125,528,157,1558,3,13,68,1.1229124916,667,4,409,212,110,44,33,1,9,4,4,10,667,4,409,212,110,44,33,1,9,4,4,519,716,66,128,56,28,406,0,37,23,0.0179717587,2,2001-07-13 10:33:59,3,8,0
126,232,166,1283,3,12,46,0.9431721798,696,0,189,142,68,44,18,5,6,4,6,11,696,0,189,142,68,44,18,5,6,4,6,588,423,46,76,89,40,407,0,53,0,0.0311769291,2,2001-07-13 10:38:59,3,9,0
127,163,395,1260,4,15,54,1.3487762238,519,2,303,96,100,28,29,22,26,14,5,10,519,2,303,96,100,28,29,22,26,14,5,372,536,57,125,100,30,461,0,74,19,0.0238095238,2,2001-07-13 10:43:59,4,8,0
128,234,234,978,3,15,26,1.8810810811,382,2,77,139,75,192,21,12,12,6,7,10,382,2,77,139,75,192,21,12,12,6,7,282,450,45,122,42,17,375,0,34,6,0.0173824131,2,2001-07-13 10:48:59,3,11,0
129,216,258,1318,7,18,287,1.2114661654,521,0,208,150,97,46,12,7,10,4,3,13,521,0,208,150,97,46,12,7,10,4,3,211,396,19,151,246,54,339,0,49,9,0.0409711684,3,2001-07-13 10:53:59,5,10,0
130,169,372,861,5,17,45,2.0673443456,159,1,123,189,199,89,11,12,2,0,1,13,159,1,123,189,199,89,11,12,2,0,1,89,498,20,135,35,28,265,0,67,0,0.0325203252,3,2001-07-13 10:58:59,5,9,0
131,179,195,897,6,11,22,1.1915945612,343,0,188,141,82,36,13,3,3,0,0,7,343,0,188,141,82,36,13,3,3,0,0,259,357,37,134,56,36,318,0,60,1,0.0401337793,2,2001-07-13 11:03:59,6,10,0
132,256,142,1076,6,13,28,1.2232415902,494,14,222,120,46,32,13,19,19,0,1,11,494,14,222,120,46,32,13,19,19,0,1,401,409,46,97,82,28,325,0,59,6,0.0260223048,1,2001-07-13 11:08:59,6,10,0
133,213,264,1170,5,13,78,1.8368159203999999,343,3,187,219,106,35,33,17,43,12,6,15,343,3,187,219,106,35,33,17,43,12,6,189,519,34,185,121,47,400,0,40,1,0.0401709402,2,2001-07-13 11:13:59,5,10,0
134,175,237,1593,5,17,52,1.1840680587999999,582,0,375,75,114,105,27,5,4,5,0,11,582,0,375,75,114,105,27,5,4,5,0,486,643,27,85,241,33,332,0,47,3,0.0207156309,2,2001-07-13 11:18:59,5,10,0
135,68,89,555,4,11,16,1.0796645702,302,0,25,60,22,45,16,5,2,0,0,7,302,0,25,60,22,45,16,5,2,0,0,258,113,20,70,59,21,197,0,60,5,0.037837837799999996,3,2001-07-13 11:23:59,4,9,0
136,148,161,1059,7,12,137,0.9137931034000001,535,0,172,88,75,30,18,6,3,1,0,8,535,0,172,88,75,30,18,6,3,1,0,360,327,24,80,114,35,355,0,33,2,0.0330500472,2,2001-07-13 11:28:59,5,10,0
137,235,298,1523,5,18,59,1.4017991003999999,653,1,193,197,154,52,26,4,18,21,8,12,653,1,193,197,154,52,26,4,18,21,8,496,559,68,152,152,95,553,0,59,0,0.062376887699999994,2,2001-07-13 11:33:59,5,9,0
138,223,277,1266,3,17,39,1.6244302644,410,6,198,232,139,37,27,5,35,3,1,14,410,6,198,232,139,37,27,5,35,3,1,297,566,54,141,153,86,469,0,36,18,0.0679304897,2,2001-07-13 11:38:59,3,8,0
139,286,310,2264,5,20,131,1.2154496076999999,766,0,420,193,151,28,39,31,2,22,2,18,766,0,420,193,151,28,39,31,2,22,2,583,742,31,170,556,35,440,0,73,17,0.015459364,2,2001-07-13 11:43:59,5,12,0
140,439,308,1815,9,18,38,1.9858740436000002,584,4,340,225,243,86,58,55,10,71,21,12,584,4,340,225,243,86,58,55,10,71,21,505,868,25,263,59,13,437,0,67,23,0.007162534399999998,1,2001-07-13 11:48:59,9,13,0
141,157,148,743,4,14,52,1.6483180428,238,2,141,89,113,29,11,14,5,4,6,12,238,2,141,89,113,29,11,14,5,4,6,135,371,42,54,74,18,318,0,43,7,0.0242261104,2,2001-07-13 11:53:59,4,13,0
142,140,173,806,5,14,45,1.565625,235,0,110,137,76,43,22,13,3,0,1,9,235,0,110,137,76,43,22,13,3,0,1,121,314,49,111,146,48,342,0,47,6,0.059553349900000004,2,2001-07-13 11:58:59,5,13,0
143,642,1127,3019,4,15,38,1.9842180775,194,0,544,796,403,78,31,11,17,11,1,11,194,0,544,796,403,78,31,11,17,11,1,76,1453,59,465,927,61,437,0,102,2,0.020205366000000002,2,2001-07-13 12:03:59,4,10,0
144,605,648,2158,4,15,181,2.1022782356,415,8,514,558,298,48,58,24,43,83,7,12,415,8,514,558,298,48,58,24,43,83,7,181,1520,35,146,80,47,420,0,81,27,0.0217794254,3,2001-07-13 12:08:59,4,10,0
145,153,188,661,2,14,21,1.9793621013,97,1,179,135,46,21,15,7,6,19,7,10,97,1,179,135,46,21,15,7,6,19,7,32,383,27,70,108,52,273,0,50,0,0.0786686838,3,2001-07-13 12:13:59,2,10,0
146,559,273,1223,5,24,73,1.9938864629,213,2,228,372,207,56,34,14,5,4,6,22,213,2,228,372,207,56,34,14,5,4,6,92,851,28,101,51,26,300,0,84,2,0.021259198700000002,2,2001-07-13 12:18:59,5,8,0
147,312,492,1293,1,12,40,1.9573913043,249,0,275,280,151,102,12,72,9,0,0,7,249,0,275,280,151,102,12,72,9,0,0,99,746,92,173,126,44,339,0,103,1,0.034029389,2,2001-07-13 12:23:59,1,9,0
148,196,162,757,6,18,33,2.0660522272999997,148,0,155,149,82,54,24,16,7,1,9,14,148,0,155,149,82,54,24,16,7,1,9,53,421,42,102,96,87,371,0,70,1,0.11492734480000001,3,2001-07-13 12:28:59,5,9,0
149,254,226,888,8,12,34,1.6425755585,168,1,242,145,153,25,18,6,2,0,1,10,168,1,242,145,153,25,18,6,2,0,1,42,518,65,102,120,44,307,0,55,8,0.049549549500000005,3,2001-07-13 12:33:59,8,11,0
150,1363,928,2838,6,12,112,1.9872611465,282,1,911,449,726,228,47,18,5,1,1,10,282,1,911,449,726,228,47,18,5,1,1,153,2161,11,232,155,67,558,0,221,12,0.0236081748,2,2001-07-13 12:38:59,6,10,0
151,1344,846,3184,3,22,315,1.6068575233000002,484,2,1021,981,324,134,44,10,0,0,4,10,484,2,1021,981,324,134,44,10,0,0,4,88,2071,66,464,147,101,573,0,193,1,0.0317211055,2,2001-07-13 12:43:59,3,10,0
152,340,333,1269,5,13,44,1.8269230769,269,12,184,381,133,65,32,8,6,0,1,11,269,12,184,381,133,65,32,8,6,0,1,181,732,40,95,167,66,402,0,109,1,0.0520094563,2,2001-07-13 12:48:59,5,10,0
153,274,100,710,8,12,73,2.0432,164,2,149,115,61,61,29,30,8,0,0,12,164,2,149,115,61,61,29,30,8,0,0,45,393,39,75,79,51,361,0,62,5,0.0718309859,2,2001-07-13 12:53:59,8,11,0
154,479,446,1402,10,19,63,1.7913882702000001,344,3,208,481,192,41,32,28,6,8,3,12,344,3,208,481,192,41,32,28,6,8,3,177,867,78,162,38,24,305,0,60,5,0.0171184023,1,2001-07-13 12:58:59,4,14,0
155,705,570,2102,5,13,164,1.9107769424,274,8,828,314,349,60,68,42,25,23,3,11,274,8,828,314,349,60,68,42,25,23,3,69,1570,32,160,88,40,456,0,30,10,0.0190294957,3,2001-07-13 13:03:59,5,10,0
156,515,614,1529,5,13,39,2.5825105783,154,2,244,468,200,128,101,54,46,10,7,14,154,2,244,468,200,128,101,54,46,10,7,70,1008,34,267,66,41,470,0,66,2,0.0268149117,1,2001-07-13 13:08:59,5,11,0
157,339,222,873,9,15,13,1.7334963325,145,0,304,174,83,80,16,9,3,1,0,12,145,0,304,174,83,80,16,9,3,1,0,62,629,44,70,48,32,289,0,40,1,0.0366552119,1,2001-07-13 13:13:59,5,9,0
158,189,431,1090,3,14,40,1.9140461216,179,6,304,170,188,56,15,16,9,3,6,11,179,6,304,170,188,56,15,16,9,3,6,81,627,33,173,81,53,361,0,61,1,0.048623853200000004,2,2001-07-13 13:18:59,3,9,0
159,357,385,1399,5,19,55,2.3551251009,222,4,320,317,151,51,30,19,22,100,0,17,222,4,320,317,151,51,30,19,22,100,0,110,776,21,277,156,39,436,0,56,4,0.027877055,1,2001-07-13 13:23:59,5,11,0
160,235,225,794,7,13,51,1.6211267606,201,0,233,108,51,74,23,9,7,1,3,9,201,0,233,108,51,74,23,9,7,1,3,81,455,39,84,79,36,353,12,53,4,0.0453400504,2,2001-07-13 13:28:59,5,10,0
161,259,218,1035,6,12,65,1.8335388409,211,0,231,119,108,72,40,16,3,10,1,9,211,0,231,119,108,72,40,16,3,10,1,70,522,44,110,158,86,487,1,60,2,0.0830917874,2,2001-07-13 13:33:59,6,10,0
162,167,278,846,6,13,40,1.8134642356,165,1,171,187,102,49,13,7,15,3,0,10,165,1,171,187,102,49,13,7,15,3,0,60,392,50,171,113,42,341,1,51,0,0.0496453901,2,2001-07-13 13:38:59,5,9,0
163,310,216,806,1,13,23,1.8667582418000002,112,2,238,193,108,40,12,3,8,11,1,10,112,2,238,193,108,40,12,3,8,11,1,49,533,35,88,65,47,370,0,68,1,0.0583126551,2,2001-07-13 13:43:59,1,10,0
164,336,495,1326,4,13,21,2.1432225064,136,5,293,379,198,79,42,18,15,0,4,11,136,5,293,379,198,79,42,18,15,0,4,64,831,41,216,133,27,463,0,73,10,0.020361991,2,2001-07-13 13:48:59,4,9,0
165,113,257,630,5,13,31,1.6702317291,115,0,265,96,26,7,6,16,16,6,0,11,115,0,265,96,26,7,6,16,16,6,0,35,415,32,48,64,16,243,0,54,4,0.0253968254,1,2001-07-13 13:53:59,3,8,0
166,150,147,729,3,13,27,1.9730848861,121,0,137,86,46,26,28,23,13,0,0,11,121,0,137,86,46,26,28,23,13,0,0,57,279,27,93,219,31,295,0,27,3,0.0424657534,2,2001-07-13 13:58:59,3,10,0
167,159,127,720,9,11,37,1.5087163233,153,0,222,124,79,32,13,5,2,1,0,8,153,0,222,124,79,32,13,5,2,1,0,52,422,46,74,65,43,302,0,58,0,0.059722222199999994,2,2001-07-13 14:03:59,5,11,0
168,163,141,637,5,14,41,2.1676646707,119,7,71,115,107,51,15,7,5,0,3,11,119,7,71,115,107,51,15,7,5,0,3,52,338,22,48,133,52,278,0,48,15,0.0816326531,2,2001-07-13 14:08:59,4,11,0
169,247,434,1306,5,14,40,1.9290187891,170,5,341,153,183,48,16,8,12,8,10,11,170,5,341,153,183,48,16,8,12,8,10,57,685,63,113,249,119,468,0,77,10,0.0911179173,2,2001-07-13 14:13:59,4,9,0
170,237,344,1106,7,20,72,2.0708582834,260,0,143,233,184,92,47,12,19,2,10,9,260,0,143,233,184,92,47,12,19,2,10,144,572,35,179,67,37,396,0,58,7,0.0334538879,1,2001-07-13 14:18:59,7,9,0
171,163,189,669,5,23,19,2.1606217617,156,2,123,125,62,43,28,5,6,3,22,17,156,2,123,125,62,43,28,5,6,3,22,71,339,41,109,60,25,242,0,70,8,0.0373692078,2,2001-07-13 14:23:59,5,11,0
172,150,177,1098,5,14,15,2.0128,137,4,130,151,109,65,10,3,3,7,6,10,137,4,130,151,109,65,10,3,3,7,6,46,436,69,59,454,82,334,0,55,7,0.0746812386,2,2001-07-13 14:28:59,5,11,0
173,103,145,552,6,14,48,1.7538802661000001,128,1,96,106,57,42,7,7,3,0,4,10,128,1,96,106,57,42,7,7,3,0,4,57,249,23,74,65,36,271,0,23,0,0.0647482014,1,2001-07-13 14:33:59,6,11,0
174,162,169,712,3,14,48,1.3728549142,170,0,226,141,59,37,5,1,1,0,1,9,170,0,226,141,59,37,5,1,1,0,1,78,409,41,65,57,30,318,0,23,3,0.042134831500000004,2,2001-07-13 14:38:59,3,11,0
175,348,314,1178,7,14,72,1.9021627187999999,175,3,279,268,144,48,16,10,10,2,12,11,175,3,279,268,144,48,16,10,10,2,12,68,713,31,87,187,59,384,0,84,5,0.0500848896,2,2001-07-13 14:43:59,4,10,0
176,1859,1356,3794,4,22,21,2.0305750351,249,0,1232,1130,501,271,69,68,19,10,2,19,249,0,1232,1130,501,271,69,68,19,10,2,173,2845,43,483,198,81,639,0,193,8,0.0213494992,2,2001-07-13 14:48:59,4,10,0
177,1261,633,2426,4,12,34,1.9323968393000002,309,1,482,977,193,237,60,11,4,1,3,10,309,1,482,977,193,237,60,11,4,1,3,206,1830,52,156,126,51,528,0,165,3,0.0210222589,2,2001-07-13 14:53:59,4,10,0
178,752,416,1937,4,18,64,1.9556377079,358,1,364,432,142,169,125,20,9,1,2,10,358,1,364,432,142,169,125,20,9,1,2,266,1058,21,214,288,137,493,0,102,0,0.0707279298,3,2001-07-13 14:58:59,4,12,0
179,1406,2169,6332,6,21,194,2.391203165,426,2,421,1539,994,861,34,7,3,1,5,11,426,2,421,1539,994,861,34,7,3,1,5,188,3694,36,185,2013,787,1180,0,122,502,0.1242893241,3,2001-07-13 15:03:59,6,10,0
180,305,878,2293,5,21,606,1.5536912752,737,8,368,560,240,51,62,28,19,1,4,13,737,8,368,560,240,51,62,28,19,1,4,47,1240,64,129,160,161,668,0,88,3,0.0702136939,2,2001-07-13 15:08:59,5,11,0
181,202,160,763,5,15,75,1.9565916399,198,0,131,112,87,34,11,8,13,9,7,13,198,0,131,112,87,34,11,8,13,9,7,59,318,60,110,101,20,326,0,61,11,0.026212319799999998,1,2001-07-13 15:13:59,5,10,0
182,1078,1245,2929,5,14,48,2.0160867939,165,4,155,2124,54,136,17,7,3,0,1,13,165,4,155,2124,54,136,17,7,3,0,1,72,2355,38,160,232,188,694,0,110,23,0.0641857289,2,2001-07-13 15:18:59,5,9,0
183,287,515,1343,4,11,43,1.7459150327000001,277,0,382,254,124,105,48,26,6,1,1,9,277,0,382,254,124,105,48,26,6,1,1,186,818,42,135,103,22,399,0,74,3,0.016381236,1,2001-07-13 15:23:59,4,9,0
184,161,175,734,4,10,42,1.8125,138,0,177,110,69,82,23,8,1,0,0,7,138,0,177,110,69,82,23,8,1,0,0,58,407,31,70,116,36,298,0,56,0,0.049046321500000004,2,2001-07-13 15:28:59,4,9,0
185,1162,998,2611,3,20,51,1.9607920791999998,258,5,236,1689,146,162,11,4,4,2,5,11,258,5,236,1689,146,162,11,4,4,2,5,138,2083,53,200,72,73,610,0,101,9,0.027958636499999998,1,2001-07-13 15:33:59,3,10,0
186,192,635,1161,1,20,21,1.846585594,154,1,176,567,82,58,22,3,4,0,1,11,154,1,176,567,82,58,22,3,4,0,1,64,847,50,87,76,31,474,0,39,14,0.0267011197,1,2001-07-13 15:38:59,1,9,0
187,319,345,1798,6,17,479,1.1585288523000001,669,1,456,210,145,46,13,21,12,1,0,14,669,1,456,210,145,46,13,21,12,1,0,131,826,56,85,212,60,528,0,68,14,0.033370411600000004,1,2001-07-13 15:43:59,6,11,0
188,189,399,1026,7,14,22,1.7804370447,182,1,268,322,76,73,9,6,11,8,4,11,182,1,268,322,76,73,9,6,11,8,4,135,704,22,78,58,24,330,0,80,5,0.0233918129,1,2001-07-13 15:48:59,5,9,0
189,564,231,1320,5,13,76,1.7304128053999999,190,0,440,309,100,96,14,26,10,2,0,8,190,0,440,309,100,96,14,26,10,2,0,41,931,71,68,116,22,394,0,83,6,0.0166666667,1,2001-07-13 15:53:59,5,9,0
190,223,256,1042,5,14,65,1.6009122006999998,278,4,211,181,116,46,14,14,5,2,6,10,278,4,211,181,116,46,14,14,5,2,6,88,523,114,87,139,29,387,0,62,0,0.027831094,2,2001-07-13 15:58:59,5,10,0
191,125,377,1298,7,15,57,2.0596491228000002,144,2,160,347,76,43,33,33,13,3,1,10,144,2,160,347,76,43,33,33,13,3,1,55,665,28,50,437,247,439,0,57,5,0.1902927581,2,2001-07-13 16:03:59,5,10,0
192,98,93,440,5,13,32,1.6089238844999998,89,0,136,82,34,23,2,3,8,1,3,9,89,0,136,82,34,23,2,3,8,1,3,27,246,23,53,51,23,217,0,26,6,0.0522727273,2,2001-07-13 16:08:59,5,9,0
193,147,162,542,2,15,42,1.8715953307,146,3,109,116,85,16,10,13,6,1,3,12,146,3,109,116,85,16,10,13,6,1,3,75,316,25,56,27,25,235,0,47,2,0.0461254613,2,2001-07-13 16:13:59,2,11,0
194,116,99,553,6,14,59,1.7284946237,101,0,80,108,36,21,10,12,1,1,2,9,101,0,80,108,36,21,10,12,1,1,2,24,232,17,40,175,107,258,1,43,2,0.1934900542,3,2001-07-13 16:18:59,6,9,0
195,293,387,1243,7,20,41,2.0165803109000002,129,2,256,364,81,51,44,16,10,3,7,11,129,2,256,364,81,51,44,16,10,3,7,48,760,34,82,272,64,405,0,47,22,0.0514883347,2,2001-07-13 16:23:59,6,10,0
196,247,649,1568,4,14,193,1.7087988827,318,0,425,396,98,108,40,33,8,4,2,9,318,0,425,396,98,108,40,33,8,4,2,72,1027,25,115,86,21,462,4,37,22,0.013392857099999999,1,2001-07-13 16:28:59,4,10,0
197,333,332,1030,5,14,54,2.0436170213,190,24,287,227,96,35,53,4,5,1,9,11,190,24,287,227,96,35,53,4,5,1,9,69,644,50,123,68,11,346,7,97,9,0.0106796117,1,2001-07-13 16:33:59,4,11,0
198,444,581,1710,5,17,55,2.4090606262,337,11,215,317,243,97,206,47,12,0,16,10,337,11,215,317,243,97,206,47,12,0,16,236,949,26,235,93,50,457,0,94,15,0.029239766099999998,2,2001-07-13 16:38:59,5,9,0
199,340,207,1336,4,14,81,1.5234182416,504,6,262,146,124,94,35,29,4,2,11,10,504,6,262,146,124,94,35,29,4,2,11,316,597,87,136,54,33,456,0,76,16,0.024700598799999997,3,2001-07-13 16:43:59,4,10,0
200,130,99,1141,6,12,27,0.8816568047,692,0,61,142,32,21,39,19,6,0,2,9,692,0,61,142,32,21,39,19,6,0,2,605,278,28,76,80,50,409,0,57,7,0.0438212095,2,2001-07-13 16:48:59,6,9,0
201,175,447,1454,5,13,80,1.6739640344,553,13,135,252,107,108,71,26,10,0,3,11,553,13,135,252,107,108,71,26,10,0,3,438,557,22,182,147,33,425,0,79,2,0.022696011000000002,2,2001-07-13 16:53:59,5,12,0
202,197,178,1266,4,12,73,0.7947189097,730,0,188,138,45,48,14,7,3,0,1,9,730,0,188,138,45,48,14,7,3,0,1,618,404,20,59,65,21,365,1,60,0,0.0165876777,1,2001-07-13 16:58:59,4,9,0
203,188,134,657,3,13,63,2.0082508250999997,199,10,127,67,92,59,22,7,6,9,5,11,199,10,127,67,92,59,22,7,6,9,5,57,341,75,70,45,30,208,0,102,3,0.0456621005,2,2001-07-13 17:03:59,3,9,0
204,204,169,789,5,12,79,1.990070922,252,1,120,107,51,102,19,15,16,2,19,14,252,1,120,107,51,102,19,15,16,2,19,84,378,73,91,65,23,308,0,34,4,0.0291508238,1,2001-07-13 17:08:59,5,9,0
205,194,155,718,7,16,33,2.4274924471,163,2,149,141,87,20,11,12,5,34,22,12,163,2,149,141,87,20,11,12,5,34,22,58,440,48,83,54,31,370,0,41,12,0.0431754875,3,2001-07-13 17:13:59,6,14,0
206,182,237,922,8,13,92,1.7754491018,178,6,200,144,49,51,9,10,5,3,10,11,178,6,200,144,49,51,9,10,5,3,10,40,431,34,71,235,17,243,0,51,1,0.0184381779,1,2001-07-13 17:18:59,7,11,0
207,247,119,685,9,15,25,2.2435233161,111,1,105,150,59,117,5,13,10,6,2,10,111,1,105,150,59,117,5,13,10,6,2,46,403,28,77,86,28,279,0,54,14,0.040875912400000006,2,2001-07-13 17:23:59,5,9,0
208,174,398,1120,5,12,118,1.8819444444,197,0,195,273,279,34,7,13,10,0,0,7,197,0,195,273,279,34,7,13,10,0,0,42,760,29,59,93,12,380,0,37,14,0.010714285700000001,1,2001-07-13 17:28:59,5,10,0
209,157,156,702,5,11,26,1.7049180328,147,0,87,178,85,34,10,4,4,0,0,7,147,0,87,178,85,34,10,4,4,0,0,90,332,20,81,128,12,291,0,34,3,0.017045454499999998,2,2001-07-13 17:33:59,4,9,0
210,142,73,2699,5,16,2129,0.2898715042,2365,3,89,93,39,13,17,2,15,1,8,11,2365,3,89,93,39,13,17,2,15,1,8,41,232,184,60,43,14,567,0,64,21,0.0051871063,2,2001-07-13 17:38:59,5,11,0
211,104,94,2740,5,16,2152,0.292301971,2412,2,53,77,86,21,28,2,5,1,1,13,2412,2,53,77,86,21,28,2,5,1,1,81,228,169,59,44,19,542,0,31,0,0.0069343066000000005,1,2001-07-13 17:43:59,5,10,0
212,66,150,2697,1,11,2149,0.29336349920000004,2343,0,84,97,57,43,16,7,5,0,0,7,2343,0,84,97,57,43,16,7,5,0,0,32,191,156,124,33,10,498,0,32,1,0.0037078234999999996,1,2001-07-13 17:48:59,1,10,0
213,112,116,2757,5,13,2146,0.2890625,2366,0,90,106,76,25,11,8,5,0,1,9,2366,0,90,106,76,25,11,8,5,0,1,56,260,156,70,64,5,537,0,87,16,0.0018135654999999998,1,2001-07-13 17:53:59,5,10,0
214,201,223,2913,5,20,2156,0.535029627,2393,8,89,138,97,57,30,11,21,17,8,10,2393,8,89,138,97,57,30,11,21,17,8,40,350,172,151,33,7,603,0,39,8,0.0024030209,1,2001-07-13 17:58:59,5,11,0
215,173,168,3064,9,21,2169,0.3759917213,2423,0,195,127,84,11,36,9,2,11,1,9,2423,0,195,127,84,11,36,9,2,11,1,82,411,164,73,121,34,621,0,95,6,0.011096605700000001,2,2001-07-13 18:03:59,6,10,0
216,156,121,578,3,12,47,1.548828125,182,0,97,121,53,20,23,12,4,0,0,7,182,0,97,121,53,20,23,12,4,0,0,60,265,59,81,54,31,274,2,45,14,0.0534482759,1,2001-07-13 18:08:59,3,9,0
217,183,196,2930,6,17,2182,0.35370565509999996,2432,0,117,133,93,45,10,11,2,1,3,9,2432,0,117,133,93,45,10,11,2,1,3,92,294,155,124,62,20,538,1,74,3,0.0068259385999999995,1,2001-07-13 18:13:59,6,10,0
218,293,230,902,5,25,50,2.0170157068,160,0,204,121,134,88,39,3,1,5,9,9,160,0,204,121,134,88,39,3,1,5,9,63,439,11,201,134,35,300,0,39,7,0.0388026608,3,2001-07-13 18:18:59,5,12,0
219,186,246,861,5,12,52,1.9535483871000001,196,0,222,133,73,52,41,35,10,3,10,9,196,0,222,133,73,52,41,35,10,3,10,101,469,39,114,76,23,352,0,59,1,0.026713124300000002,1,2001-07-13 18:23:59,4,10,0
220,130,128,2829,5,14,2156,0.3406985032,2461,0,119,85,43,46,13,12,8,14,3,11,2461,0,119,85,43,46,13,12,8,14,3,82,287,213,68,22,4,556,0,53,6,0.0014139272,1,2001-07-13 18:28:59,5,10,0
221,87,67,368,3,13,30,1.7285714286000002,142,2,48,58,25,51,7,14,2,0,1,10,142,2,48,58,25,51,7,14,2,0,1,102,183,8,27,17,16,155,0,33,4,0.043478260899999996,1,2001-07-13 18:33:59,3,8,0
222,111,157,574,4,9,57,1.8445475638,111,0,88,122,33,39,25,9,3,1,0,8,111,0,88,122,33,39,25,9,3,1,0,31,274,15,54,137,24,202,2,30,11,0.0418118467,2,2001-07-13 18:38:59,4,8,0
223,159,128,636,5,12,57,1.5270506108000002,223,0,104,82,96,34,26,4,3,1,0,8,223,0,104,82,96,34,26,4,3,1,0,105,287,57,67,61,14,292,0,56,6,0.0220125786,1,2001-07-13 18:43:59,5,9,0
224,135,135,532,3,12,46,1.6544276458000002,146,0,92,113,56,30,7,10,7,2,0,8,146,0,92,113,56,30,7,10,7,2,0,46,245,42,84,59,15,243,0,40,11,0.0281954887,1,2001-07-13 18:48:59,3,9,0
225,152,173,609,4,13,64,1.6198630137,159,1,147,145,78,28,14,5,5,0,2,10,159,1,147,145,78,28,14,5,5,0,2,51,329,34,106,20,12,274,0,68,17,0.0197044335,1,2001-07-13 18:53:59,4,8,0
226,226,209,681,5,14,33,1.6503378378,99,0,205,180,57,31,12,3,2,2,1,9,99,0,205,180,57,31,12,3,2,2,1,44,401,15,99,59,27,220,0,65,0,0.0396475771,1,2001-07-13 18:58:59,5,9,0
227,221,194,805,3,21,55,1.9438990182,190,1,174,148,80,35,22,44,13,2,2,14,190,1,174,148,80,35,22,44,13,2,2,81,478,49,50,91,28,355,0,47,6,0.0347826087,1,2001-07-13 19:03:59,3,10,0
228,171,214,780,4,23,46,2.0980683506999998,165,0,131,155,93,55,24,18,26,1,4,18,165,0,131,155,93,55,24,18,26,1,4,62,405,49,111,75,28,341,0,26,2,0.0355329949,2,2001-07-13 19:08:59,4,11,0
229,113,128,507,6,14,64,1.9345603272,181,13,104,74,35,33,12,11,20,1,1,11,181,13,104,74,35,33,12,11,20,1,1,64,255,47,59,16,7,290,0,21,4,0.013618677,2,2001-07-13 19:13:59,6,10,0
230,120,93,477,4,12,49,1.6691919191999998,134,0,88,76,35,31,11,13,6,1,1,9,134,0,88,76,35,31,11,13,6,1,1,69,219,13,46,74,30,231,0,32,4,0.0628930818,1,2001-07-13 19:18:59,4,9,0
231,250,235,869,5,13,72,2.2409793814,216,29,118,213,58,67,31,24,8,2,9,11,216,29,118,213,58,67,31,24,8,2,9,80,451,56,117,90,24,319,7,115,2,0.0276179517,1,2001-07-13 19:23:59,5,9,0
232,238,135,760,5,17,47,1.8786936236000005,191,0,129,135,75,57,11,24,12,8,1,9,191,0,129,135,75,57,11,24,12,8,1,60,396,63,77,92,40,336,0,35,2,0.052631578899999996,1,2001-07-13 19:28:59,5,10,0
233,211,231,1030,6,13,62,1.7405140759,254,5,163,191,98,49,33,8,6,8,2,10,254,5,163,191,98,49,33,8,6,8,2,57,412,85,201,172,23,307,0,49,1,0.022330097099999998,2,2001-07-13 19:33:59,4,9,0
234,187,201,952,8,15,76,1.5033288947999999,222,1,262,101,62,72,17,6,6,0,2,10,222,1,262,101,62,72,17,6,6,0,2,75,412,32,156,107,45,262,0,54,1,0.0472689076,2,2001-07-13 19:38:59,6,11,0
235,655,460,1559,11,12,65,1.9215277778,227,0,431,419,148,129,36,19,13,9,9,9,227,0,431,419,148,129,36,19,13,9,9,58,913,52,352,84,21,293,0,62,22,0.013470173200000001,1,2001-07-13 19:43:59,7,8,0
236,177,145,825,5,15,85,1.5428156749000002,201,10,186,177,70,24,13,6,1,0,1,10,201,10,186,177,70,24,13,6,1,0,1,59,415,49,81,127,12,296,0,52,9,0.014545454499999999,1,2001-07-13 19:48:59,5,10,0
237,107,81,518,10,13,70,1.5478260869999998,148,0,142,72,34,32,16,5,2,9,0,8,148,0,142,72,34,32,16,5,2,9,0,32,275,39,44,40,10,277,0,29,2,0.0193050193,2,2001-07-13 19:53:59,4,9,0
238,252,171,748,4,19,85,2.15,212,2,144,132,70,59,10,1,1,57,10,11,212,2,144,132,70,59,10,1,1,57,10,91,394,34,96,38,18,227,0,33,8,0.0240641711,1,2001-07-13 19:58:59,4,9,0
239,220,270,839,5,23,31,2.1227154047,104,1,176,146,271,43,8,6,7,0,3,11,104,1,176,146,271,43,8,6,7,0,3,50,625,16,44,42,27,248,0,31,0,0.0321811681,2,2001-07-13 20:03:59,5,10,0
240,111,81,456,5,13,52,1.8700980392,157,0,49,72,70,22,7,6,7,10,8,9,157,0,49,72,70,22,7,6,7,10,8,73,197,27,59,32,18,229,0,16,3,0.0394736842,1,2001-07-13 20:08:59,4,9,0
241,169,152,692,7,15,47,2.0474576271,146,1,159,104,96,33,5,3,2,15,26,10,146,1,159,104,96,33,5,3,2,15,26,78,363,14,88,89,21,238,0,54,0,0.0303468208,1,2001-07-13 20:13:59,7,9,0
242,118,164,700,6,15,93,1.6833013436000002,171,0,125,83,62,47,8,11,9,2,3,9,171,0,125,83,62,47,8,11,9,2,3,30,278,40,80,148,14,212,0,25,2,0.02,1,2001-07-13 20:18:59,6,11,0
243,184,210,755,4,13,74,1.8418740849000002,144,0,224,182,33,49,5,14,3,16,13,9,144,0,224,182,33,49,5,14,3,16,13,41,463,23,82,71,13,230,0,49,3,0.017218543,1,2001-07-13 20:23:59,4,9,0
244,86,113,457,5,15,47,1.7149425287,174,0,73,81,36,31,9,8,6,9,8,9,174,0,73,81,36,31,9,8,6,9,8,80,220,26,62,20,2,186,0,49,4,0.0043763676,1,2001-07-13 20:28:59,4,9,0
245,163,111,678,4,15,31,1.5513043478,180,1,152,127,54,25,18,9,4,3,2,10,180,1,152,127,54,25,18,9,4,3,2,47,322,43,132,48,20,263,0,80,0,0.0294985251,3,2001-07-13 20:33:59,4,13,0
246,120,76,485,7,14,30,1.4793187347999999,102,1,168,63,39,22,6,5,4,0,0,11,102,1,168,63,39,22,6,5,4,0,0,36,277,30,38,65,24,177,0,41,1,0.049484536100000004,1,2001-07-13 20:38:59,6,9,0
247,170,200,981,5,13,47,1.6674259681,324,0,158,152,142,34,10,34,12,6,6,9,324,0,158,152,142,34,10,34,12,6,6,226,483,26,96,79,41,293,0,29,96,0.0417940877,2,2001-07-13 20:43:59,5,10,0
248,88,96,649,5,15,118,1.3400735294,235,4,157,77,28,7,5,20,0,0,1,12,235,4,157,77,28,7,5,20,0,0,1,95,264,16,51,34,28,167,3,44,2,0.0431432974,2,2001-07-13 20:48:59,5,9,0
249,109,72,430,5,12,47,1.6782608696,123,0,60,66,35,42,4,12,2,1,0,8,123,0,60,66,35,42,4,12,2,1,0,63,182,9,44,82,15,150,0,34,3,0.0348837209,1,2001-07-13 20:53:59,4,9,0
250,138,193,3342,5,22,2143,0.4192652053,2727,1,130,218,61,47,21,8,6,8,4,19,2727,1,130,218,61,47,21,8,6,8,4,274,418,248,156,48,22,619,0,63,12,0.0065828844999999995,2,2001-07-13 20:58:59,4,10,0
251,441,420,3851,5,13,2163,0.6078820527000001,2538,0,344,404,99,73,30,20,19,0,0,7,2538,0,344,404,99,73,30,20,19,0,0,195,915,160,94,305,27,673,0,58,2,0.0070111659,1,2001-07-13 21:03:59,3,10,0
252,267,315,1600,4,12,143,1.2243186583,730,0,172,262,147,49,44,10,1,12,4,9,730,0,172,262,147,49,44,10,1,12,4,542,554,34,158,162,48,485,0,59,10,0.03,4,2001-07-13 21:08:59,4,10,0
253,353,278,2440,2,13,69,1.2540033131000001,788,8,472,206,154,104,61,8,7,0,3,10,788,8,472,206,154,104,61,8,7,0,3,645,954,50,93,573,51,516,0,69,8,0.0209016393,2,2001-07-13 21:13:59,2,9,0
254,244,591,2085,7,19,78,1.1668484188,891,1,266,340,247,45,29,4,2,5,2,11,891,1,266,340,247,45,29,4,2,5,2,725,811,66,154,208,40,465,9,41,3,0.0191846523,2,2001-07-13 21:18:59,7,11,0
255,888,598,3080,4,24,334,1.6596877218000001,882,0,641,553,387,232,20,26,46,16,15,9,882,0,641,553,387,232,20,26,46,16,15,269,1401,262,552,255,41,517,16,61,4,0.013311688300000001,2,2001-07-13 21:23:59,4,12,0
256,296,217,1352,5,13,93,1.3785266458,573,12,191,314,78,23,63,4,2,3,13,10,573,12,191,314,78,23,63,4,2,3,13,372,531,93,187,62,19,328,7,59,7,0.0140532544,2,2001-07-13 21:28:59,5,9,0
257,156,292,1564,5,15,89,1.1648044693000001,778,3,221,214,85,35,48,12,13,18,4,11,778,3,221,214,85,35,48,12,13,18,4,503,503,113,224,73,27,396,8,37,2,0.0172634271,3,2001-07-13 21:33:59,4,12,0
258,162,141,716,3,15,28,1.4885145482,296,11,108,114,53,21,31,9,7,2,1,10,296,11,108,114,53,21,31,9,7,2,1,251,326,11,37,60,9,247,0,32,0,0.0125698324,2,2001-07-13 21:38:59,3,9,0
259,93,82,456,5,11,20,1.2661691542,171,0,73,70,69,8,10,0,1,0,0,7,171,0,73,70,69,8,10,0,1,0,0,132,198,14,38,46,14,209,1,18,1,0.0307017544,1,2001-07-13 21:43:59,5,8,0
260,215,231,781,6,12,24,2.0710659897999997,88,11,110,246,109,5,4,4,2,1,11,10,88,11,110,246,109,5,4,4,2,1,11,29,447,31,60,106,4,227,11,27,0,0.0051216389,1,2001-07-13 21:48:59,6,10,0
261,526,886,2317,3,14,61,2.3579654511,396,17,301,418,443,389,66,22,13,4,14,11,396,17,301,418,443,389,66,22,13,4,14,172,1431,95,325,187,56,537,1,37,7,0.0241691843,1,2001-07-13 21:53:59,3,10,0
262,277,227,1373,12,23,55,1.293916024,460,0,297,144,198,38,14,9,2,4,1,9,460,0,297,144,198,38,14,9,2,4,1,105,593,223,191,178,26,425,0,20,0,0.0189366351,1,2001-07-13 21:58:59,7,11,0
263,168,265,854,6,14,67,1.8521303258000001,267,0,151,167,75,48,40,11,17,14,5,12,267,0,151,167,75,48,40,11,17,14,5,162,368,35,166,50,26,308,3,28,1,0.030444964900000007,2,2001-07-13 22:03:59,6,11,0
264,326,136,879,3,26,55,2.3971354167,209,13,107,241,49,44,32,17,11,4,22,20,209,13,107,241,49,44,32,17,11,4,22,104,477,44,88,107,30,343,0,53,30,0.0341296928,2,2001-07-13 22:08:59,3,12,0
265,288,101,1046,4,14,111,1.5880102041,343,2,87,173,66,26,45,34,5,1,2,10,343,2,87,173,66,26,45,34,5,1,2,201,396,18,58,193,87,383,0,45,9,0.0831739962,2,2001-07-13 22:13:59,4,10,0
266,178,266,1048,4,15,87,1.9626556016999999,291,26,319,93,53,80,42,7,35,13,4,11,291,26,319,93,53,80,42,7,35,13,4,174,436,19,248,44,39,319,1,40,2,0.037213740499999995,2,2001-07-13 22:18:59,4,11,0
267,440,283,1608,5,15,104,1.4695970696,307,0,507,358,98,44,20,15,10,1,5,9,307,0,507,358,98,44,20,15,10,1,5,149,966,42,104,208,22,484,0,119,4,0.013681592,1,2001-07-13 22:23:59,5,9,0
268,218,298,1399,6,15,128,1.5352664577000001,580,0,192,207,78,121,26,33,22,2,14,11,580,0,192,207,78,121,26,33,22,2,14,256,606,189,97,116,16,452,1,74,9,0.0114367405,1,2001-07-13 22:28:59,6,9,0
269,102,380,915,11,13,18,2.6011764706,291,1,61,41,117,154,77,71,25,3,9,10,291,1,61,41,117,154,77,71,25,3,9,190,358,70,214,36,8,294,0,28,1,0.008743169399999999,2,2001-07-13 22:33:59,5,11,0
270,199,94,485,2,12,13,2.6244444444,87,1,67,112,102,11,8,17,8,1,36,10,87,1,67,112,102,11,8,17,8,1,36,36,291,34,76,24,21,205,0,55,42,0.0432989691,2,2001-07-13 22:38:59,2,11,0
271,205,298,882,9,19,29,1.5952080706,195,0,234,207,105,24,6,7,1,1,12,11,195,0,234,207,105,24,6,7,1,1,12,133,525,29,77,83,26,308,0,26,46,0.029478458,1,2001-07-13 22:43:59,4,10,0
272,476,515,1314,3,22,34,2.564631245,177,14,367,378,53,82,61,40,15,6,26,22,177,14,367,378,53,82,61,40,15,6,26,95,946,27,159,32,7,347,0,49,43,0.0053272451,1,2001-07-13 22:48:59,3,10,0
273,194,153,547,7,11,29,2.2902621723,110,0,104,136,76,39,17,18,12,12,10,9,110,0,104,136,76,39,17,18,12,12,10,35,324,33,113,12,5,273,0,25,1,0.0091407678,1,2001-07-13 22:53:59,5,10,0
274,186,169,646,4,18,19,2.0896551724,128,2,144,105,84,62,23,17,7,4,2,11,128,2,144,105,84,62,23,17,7,4,2,57,366,36,102,46,10,347,0,48,2,0.015479876200000001,1,2001-07-13 22:58:59,4,10,0
275,369,269,945,3,13,49,1.9229910713999998,153,0,283,183,149,75,32,5,3,1,12,9,153,0,283,183,149,75,32,5,3,1,12,65,632,36,114,46,1,239,0,85,4,0.0010537408000000001,1,2001-07-13 23:03:59,3,10,0
276,499,127,859,7,11,9,1.3913043478,109,0,517,55,64,23,21,11,2,3,0,8,109,0,517,55,64,23,21,11,2,3,0,35,630,58,73,50,14,339,3,35,2,0.016298021,1,2001-07-13 23:08:59,6,8,0
277,156,525,892,5,14,19,1.5926365796000002,86,0,526,69,42,91,9,9,5,0,2,13,86,0,526,69,42,91,9,9,5,0,2,32,718,34,39,36,18,272,3,64,19,0.0201793722,2,2001-07-13 23:13:59,4,10,0
278,108,119,536,5,18,43,1.5847826087,120,0,148,95,54,22,8,2,4,2,5,9,120,0,148,95,54,22,8,2,4,2,5,50,292,18,57,64,2,216,0,39,1,0.0037313433000000003,1,2001-07-13 23:18:59,5,11,0
279,218,198,1228,4,14,102,1.4435336976,344,11,383,200,88,30,14,4,1,2,20,11,344,11,383,200,88,30,14,4,1,2,20,169,631,48,148,110,25,365,0,39,2,0.020358306200000002,1,2001-07-13 23:23:59,4,9,0
280,164,108,569,6,19,23,1.573800738,211,0,128,100,35,21,19,5,3,15,0,17,211,0,128,100,35,21,19,5,3,15,0,140,291,39,49,26,7,219,0,64,21,0.012302284699999999,1,2001-07-13 23:28:59,5,9,0
281,163,124,647,7,20,28,2.0,218,20,109,85,65,36,31,14,4,2,2,14,218,20,109,85,65,36,31,14,4,2,2,152,336,32,43,46,14,269,0,75,40,0.0216383308,2,2001-07-13 23:33:59,5,9,0
282,97,145,780,5,21,16,1.5149544863,365,30,167,88,55,35,5,4,6,0,14,10,365,30,167,88,55,35,5,4,6,0,14,148,333,141,131,10,2,273,0,38,4,0.0025641026,1,2001-07-13 23:38:59,5,9,0
283,624,185,1388,8,12,65,1.9666110184,301,0,246,221,215,125,38,40,5,5,2,9,301,0,246,221,215,125,38,40,5,5,2,154,841,48,90,112,27,438,0,44,1,0.0194524496,2,2001-07-13 23:43:59,5,9,0
284,714,380,1472,9,14,27,1.6393442622999999,287,0,608,267,155,67,23,16,15,25,1,9,287,0,608,267,155,67,23,16,15,25,1,147,1000,109,181,5,6,399,4,17,4,0.004076087,1,2001-07-13 23:48:59,6,10,0
285,126,378,1392,5,15,63,1.8776713338,759,12,82,98,33,77,152,88,18,23,10,11,759,12,82,98,33,77,152,88,18,23,10,590,428,87,189,31,12,376,1,29,3,0.0086206897,1,2001-07-13 23:53:59,5,10,0
286,352,373,1525,4,20,156,1.4371693122,586,0,254,415,78,101,43,15,16,2,2,9,586,0,254,415,78,101,43,15,16,2,2,304,879,115,58,10,7,305,8,21,3,0.0045901639,1,2001-07-13 23:58:59,4,11,0
287,228,190,1005,11,20,61,2.0646992053999997,173,20,338,128,102,45,17,14,10,8,25,11,173,20,338,128,102,45,17,14,10,8,25,88,643,23,66,50,16,330,0,35,17,0.015920398,1,2001-07-14 00:03:59,8,9,0
288,0,0,0,0,0,0,0.0,0,0,0,0,0,0,0,0,0,0,0,0,0,0,0,0,0,0,0,0,0,0,0,0,0,0,0,0,0,0,0,0,0,0.0,0,2001-07-14 00:08:59,0,0,0
