dataset_nimda_513_5_rrc04.csv_recall,dataset_nimda_513_5_rrc04.csv_f1,dataset_nimda_513_5_rrc04.csv_precision,all_files_precision,all_files_recall,all_files_f1
[0.0],[0.0],[0.0],0.0,0.0,0.0
[0.0],[0.0],[0.0],0.0,0.0,0.0
[0.0],[0.0],[0.0],0.0,0.0,0.0
[0.0],[0.0],[0.0],0.0,0.0,0.0
[0.0],[0.0],[0.0],0.0,0.0,0.0
[0.0],[0.0],[0.0],0.0,0.0,0.0
[0.3094606542882405],[0.46760187040748163],[0.9562841530054644],0.8333333333333334,0.0211864406779661,0.04132231404958672
[0.34210526315789475],[0.5098039215686275],[1.0],0.857142857142857,0.01694915254237288,0.03324099722991686
[0.3788546255506608],[0.5391849529780565],[0.9347826086956522],0.8571428571428571,0.03389830508474576,0.06521739130434775
[0.41409691629955947],[0.5856697819314641],[1.0],0.8888888888888888,0.04519774011299435,0.08602150537634398
[0.06432748538011696],[0.12087912087912087],[1.0],0.0,0.0,0.0
[0.4907161803713528],[0.6382978723404256],[0.912828947368421],0.952,0.16807909604519775,0.2857142857142855
[0.6052631578947368],[0.736],[0.9387755102040817],0.96,0.13559322033898305,0.23762376237623736
[0.7906976744186046],[0.8395061728395061],[0.8947368421052632],0.9545454545454546,0.11864406779661017,0.21105527638190935
[0.8],[0.7777777777777778],[0.7567567567567568],0.8947368421052632,0.0480225988700565,0.09115281501340472
[0.7307692307692307],[0.8333333333333333],[0.9693877551020408],0.8857142857142857,0.043785310734463276,0.08344549125168228
[0.6410256410256411],[0.742447516641065],[0.8819951338199513],0.9537366548042705,0.3785310734463277,0.541961577350859
[0.9318181818181818],[0.8723404255319149],[0.82],0.9714285714285714,0.288135593220339,0.4444444444444441
[0.7984496124031008],[0.824],[0.8512396694214877],0.9754601226993865,0.2245762711864407,0.36509758897818567
[0.8571428571428571],[0.6818181818181818],[0.5660377358490566],0.9663865546218487,0.16242937853107345,0.27811366384522346
[0.7906976744186046],[0.8360655737704918],[0.8869565217391304],0.968,0.1709039548022599,0.29051620648259274
[0.8888888888888888],[0.8685714285714285],[0.8491620111731844],0.9629629629629629,0.07344632768361582,0.1364829396325458
[0.7294429708222812],[0.7432432432432433],[0.7575757575757576],0.8694690265486725,0.5550847457627118,0.6775862068965511
[0.8237129485179407],[0.7810650887573964],[0.7426160337552743],0.9801324503311258,0.4180790960451977,0.5861386138613857
[0.8187134502923976],[0.6436781609195402],[0.5303030303030303],0.9767441860465116,0.11864406779661017,0.21158690176322398
[0.7180616740088106],[0.8150000000000001],[0.9421965317919075],0.9808612440191388,0.2895480225988701,0.44711014176662994
[0.8461538461538461],[0.842911877394636],[0.8396946564885496],0.9822222222222222,0.3121468926553672,0.4737406216505891
[0.7631578947368421],[0.8467153284671532],[0.9508196721311475],0.9800796812749004,0.3474576271186441,0.5130344108446294
[0.8974358974358975],[0.8818418766290183],[0.8667805294619982],0.9395973154362416,0.5932203389830508,0.7272727272727266
[0.897196261682243],[0.7417900837089504],[0.6322722283205269],0.977961432506887,0.501412429378531,0.6629318394024272
[0.9605263157894737],[0.948051948051948],[0.9358974358974359],0.978021978021978,0.5028248587570622,0.6641791044776114
[0.9295154185022027],[0.9234135667396061],[0.9173913043478261],0.9709443099273608,0.5663841807909604,0.7154326494201602
[0.9318181818181818],[0.6890756302521007],[0.5466666666666666],0.9771573604060914,0.5437853107344632,0.698729582577132
[0.9473684210526315],[0.9230769230769231],[0.9],0.9763157894736842,0.5240112994350282,0.6819852941176466
[0.8571428571428571],[0.3680981595092024],[0.234375],0.985663082437276,0.3884180790960452,0.5572441742654504
[0.9575596816976127],[0.8891625615763548],[0.8298850574712644],0.9042735042735043,0.7471751412429378,0.818252126836813
[0.973568281938326],[0.8983739837398375],[0.8339622641509434],0.9393939393939394,0.7005649717514124,0.8025889967637535
[1.0],[0.6666666666666666],[0.5],0.9709821428571429,0.614406779661017,0.7525951557093421
[0.9605263157894737],[0.9012345679012346],[0.8488372093023255],0.9714964370546318,0.577683615819209,0.7245349867139056
[0.9858532272325375],[0.8824693312227938],[0.7987106017191977],0.8805755395683453,0.864406779661017,0.8724162508909474
[0.9779735682819384],[0.8969696969696969],[0.8283582089552238],0.9440559440559441,0.7627118644067796,0.8437499999999994
[0.8187134502923976],[0.5691056910569106],[0.43613707165109034],0.9891304347826086,0.2570621468926554,0.4080717488789234
[0.8285714285714286],[0.5043478260869566],[0.3625],0.9878787878787879,0.23022598870056496,0.3734249713631153
[0.8770999115826702],[0.8101265822784811],[0.7526555386949925],0.8480392156862745,0.7330508474576272,0.7863636363636357
[0.9538461538461539],[0.6869806094182825],[0.5367965367965368],0.9370629370629371,0.5677966101694916,0.7071240105540892
[0.9473684210526315],[0.9056603773584905],[0.8674698795180723],0.9388235294117647,0.5635593220338984,0.7043248014121795
[0.9814323607427056],[0.896969696969697],[0.8258928571428571],0.9251824817518248,0.7161016949152542,0.8073248407643308
[0.9691629955947136],[0.9341825902335457],[0.9016393442622951],0.9214285714285714,0.7288135593220338,0.8138801261829647
[0.9282371294851794],[0.8156271418779987],[0.7273838630806846],0.9866666666666667,0.5225988700564972,0.6832871652816247
[0.9090909090909091],[0.7339449541284404],[0.6153846153846154],0.9886363636363636,0.4915254237288136,0.6566037735849051
[0.9473684210526315],[0.9473684210526315],[0.9473684210526315],0.9886685552407932,0.4929378531073446,0.6578699340245047
[0.9205607476635514],[0.7690305790500976],[0.6603351955307263],0.989010989010989,0.5084745762711864,0.6716417910447756
[0.8857142857142857],[0.5904761904761905],[0.44285714285714284],0.990909090909091,0.461864406779661,0.6300578034682076
[0.9069767441860465],[0.8210526315789475],[0.75],0.9934640522875817,0.4293785310734463,0.5996055226824453
[0.8604651162790697],[0.8191881918819188],[0.7816901408450704],0.9930795847750865,0.4053672316384181,0.5757271815446334
[0.947136563876652],[0.9471365638766521],[0.947136563876652],0.9885386819484241,0.4872881355932203,0.6527909176915795
[0.9532163742690059],[0.7836538461538461],[0.6653061224489796],0.9920948616600791,0.3545197740112994,0.5223725286160246
[0.9485179407176287],[0.8515406162464986],[0.772554002541296],0.9920844327176781,0.5310734463276836,0.6918123275068992
[0.8682170542635659],[0.7943262411347518],[0.7320261437908496],0.9940119760479041,0.4689265536723164,0.6372360844529746
[0.9473684210526315],[0.9473684210526315],[0.9473684210526315],0.9942028985507246,0.4844632768361582,0.6514719848053176
[0.8769230769230769],[0.7916666666666667],[0.7215189873417721],0.9935064935064936,0.4322033898305085,0.6023622047244089
[0.9090909090909091],[0.761904761904762],[0.6557377049180327],0.9929328621908127,0.3968926553672316,0.5671039354187685
[0.9069767441860465],[0.8297872340425532],[0.7647058823529411],0.9924812030075187,0.3728813559322034,0.5420944558521557
[0.9210526315789473],[0.9090909090909091],[0.8974358974358975],0.992619926199262,0.3799435028248588,0.5495403472931559
[0.9427312775330396],[0.9427312775330396],[0.9427312775330396],0.9893048128342246,0.5225988700564972,0.6839186691312379
[0.8857142857142857],[0.5849056603773585],[0.43661971830985913],0.9941690962099126,0.481638418079096,0.6489058039961936
[0.9605263157894737],[0.8957055214723926],[0.8390804597701149],0.9940298507462687,0.4703389830508475,0.6385426653883025
[0.8571428571428571],[0.4225352112676056],[0.2803738317757009],0.9922178988326849,0.3601694915254237,0.5284974093264245
[0.8187134502923976],[0.625],[0.5054151624548736],0.9918032786885246,0.1709039548022599,0.2915662650602407
[0.8735632183908046],[0.8419258628035791],[0.8125],0.8805147058823529,0.6765536723163842,0.7651757188498397
[0.9840848806366048],[0.9183168316831684],[0.8607888631090487],0.9102990033222591,0.7740112994350282,0.8366412213740453
[0.9252336448598131],[0.7689320388349514],[0.6578073089700996],0.9912023460410557,0.4774011299435028,0.6444232602478547
[0.9532163742690059],[0.8029556650246306],[0.6936170212765957],0.9961389961389961,0.3644067796610169,0.5336091003102373
[0.9515418502202643],[0.927038626609442],[0.9037656903765691],0.993006993006993,0.4011299435028249,0.571428571428571
[0.9691629955947136],[0.9482758620689655],[0.9282700421940928],0.9938271604938271,0.4548022598870056,0.6240310077519375
[0.9902740937223696],[0.9116809116809117],[0.8446455505279035],0.9485714285714286,0.7033898305084746,0.8077858880778583
[0.9779735682819384],[0.9367088607594938],[0.8987854251012146],0.9625246548323472,0.6892655367231638,0.8032921810699583
[0.986784140969163],[0.9014084507042254],[0.8296296296296296],0.9867549668874173,0.6313559322033898,0.7700258397932811
[0.9779735682819384],[0.880952380952381],[0.8014440433212996],0.9905882352941177,0.594632768361582,0.7431597528684903
[0.8571428571428571],[0.3870967741935483],[0.25],0.9934426229508196,0.4279661016949153,0.5982230997038495
[0.9376947040498442],[0.7848761408083442],[0.6748878923766816],0.994413407821229,0.5028248587570622,0.6679174484052528
[0.8245614035087719],[0.6012793176972281],[0.47315436241610737],0.9931972789115646,0.2062146892655367,0.34152046783625695
[0.9964633068081344],[0.8835750686005489],[0.793661971830986],0.92894280762565,0.7570621468926554,0.8342412451361862
[0.9360374414976599],[0.8778346744696415],[0.8264462809917356],0.996996996996997,0.4689265536723164,0.6378482228626317
[0.8857142857142857],[0.6326530612244897],[0.49206349206349204],0.9966996699669967,0.4265536723163842,0.5974282888229471
[0.9964633068081344],[0.8965791567223549],[0.8148951554591468],0.8918128654970761,0.8615819209039548,0.8764367816091949
[0.9318181818181818],[0.5540540540540541],[0.3942307692307692],0.9688109161793372,0.7019774011299436,0.8140868140868136
[0.9605263157894737],[0.8588235294117647],[0.776595744680851],0.9845132743362832,0.6285310734463276,0.7672413793103442
[0.9532163742690059],[0.7893462469733655],[0.6735537190082644],0.9966666666666667,0.422316384180791,0.5932539682539678
[0.9389920424403183],[0.921875],[0.9053708439897699],0.9146757679180887,0.7570621468926554,0.8284389489953627
[0.9605263157894737],[0.811111111111111],[0.7019230769230769],0.9178832116788321,0.71045197740113,0.8009554140127382
[0.9230769230769231],[0.7453416149068324],[0.625],0.9895287958115183,0.5338983050847458,0.6935779816513756
[0.9605263157894737],[0.8538011695906433],[0.7684210526315789],0.9892761394101877,0.5211864406779662,0.6827012025901937
[0.9534883720930233],[0.7735849056603774],[0.6507936507936508],0.997093023255814,0.4844632768361582,0.6520912547528513
[0.8604651162790697],[0.8072727272727273],[0.7602739726027398],0.9966996699669967,0.4265536723163842,0.5974282888229471
[0.973568281938326],[0.9444444444444444],[0.91701244813278],0.9967637540453075,0.4350282485875706,0.6057030481809238
[0.8571428571428571],[0.4195804195804196],[0.2777777777777778],0.9961240310077519,0.3629943502824859,0.5320910973084882
[0.9407176287051482],[0.864516129032258],[0.7997347480106101],0.996996996996997,0.4689265536723164,0.6378482228626317
[0.9691629955947136],[0.8782435129740519],[0.8029197080291971],0.9969230769230769,0.4576271186440678,0.6272991287512096
[0.9069767441860465],[0.7959183673469388],[0.7090909090909091],0.996742671009772,0.4322033898305085,0.6029556650246302
[0.9605263157894737],[0.9419354838709677],[0.9240506329113924],0.996742671009772,0.4322033898305085,0.6029556650246302
[0.9964633068081344],[0.8998003992015968],[0.8202328966521106],0.9014925373134328,0.8531073446327684,0.8766328011611024
[0.9699381078691424],[0.9539130434782609],[0.9384088964927289],0.9440677966101695,0.786723163841808,0.85824345146379
[0.9318181818181818],[0.5857142857142857],[0.4270833333333333],0.9872068230277186,0.653954802259887,0.7867459643160573
[0.9605263157894737],[0.8342857142857143],[0.7373737373737373],0.9953379953379954,0.6031073446327684,0.7510993843447664
[0.8769230769230769],[0.7755102040816327],[0.6951219512195121],0.9970414201183432,0.4759887005649718,0.6443594646271505
[0.942367601246106],[0.8148148148148148],[0.7176749703440095],0.9971671388101983,0.4971751412429379,0.6635249764373229
[0.8527131782945736],[0.7719298245614036],[0.7051282051282052],0.9968152866242038,0.442090395480226,0.6125244618395298
[0.8070175438596491],[0.5835095137420718],[0.45695364238410596],0.9936708860759493,0.22175141242937854,0.3625866050808311
[0.935672514619883],[0.8579088471849865],[0.7920792079207921],1.0,0.20903954802259886,0.34579439252336414
[0.933920704845815],[0.9485458612975392],[0.9636363636363636],0.9957983193277311,0.3347457627118644,0.5010570824524309
[0.8857142857142857],[0.6888888888888889],[0.5636363636363636],0.9957264957264957,0.3290960451977401,0.49469214437367265
[0.9210526315789473],[0.875],[0.8333333333333334],0.995850622406639,0.3389830508474576,0.5057955742887246
[0.9964633068081344],[0.9162601626016261],[0.8480060195635817],0.9842696629213483,0.6186440677966102,0.7597571552471807
[0.9318181818181818],[0.656],[0.5061728395061729],0.9973474801061007,0.5310734463276836,0.693087557603686
[0.8527131782945736],[0.7746478873239436],[0.7096774193548387],0.9967213114754099,0.4293785310734463,0.6001974333662384
[0.9605263157894737],[0.863905325443787],[0.7849462365591398],0.9966887417218543,0.4251412429378531,0.5960396039603956
[0.9532163742690059],[0.8337595907928389],[0.740909090909091],0.99581589958159,0.3361581920903955,0.5026399155227028
[0.9439252336448598],[0.8058510638297873],[0.703016241299304],0.9971428571428571,0.4929378531073446,0.6597353497164457
[0.9885057471264368],[0.9621342512908779],[0.9371332774518022],0.9970414201183432,0.4759887005649718,0.6443594646271505
[0.986784140969163],[0.919917864476386],[0.8615384615384616],0.9967845659163987,0.4378531073446328,0.6084396467124628
[0.8571428571428571],[0.4545454545454546],[0.30927835051546393],0.99581589958159,0.3361581920903955,0.5026399155227028
[0.8857142857142857],[0.7045454545454545],[0.5849056603773585],0.9953488372093023,0.3022598870056497,0.4637053087757309
[0.9647577092511013],[0.9563318777292577],[0.948051948051948],0.9962264150943396,0.3728813559322034,0.5426515930113048
[0.9451812555260831],[0.9373081981587024],[0.9295652173913044],0.9259962049335864,0.6892655367231638,0.7902834008097162
[0.986784140969163],[0.8549618320610688],[0.7542087542087542],0.9708029197080292,0.5635593220338984,0.7131367292225196
[0.9767441860465116],[0.7368421052631579],[0.5915492957746479],0.9917582417582418,0.5098870056497176,0.6735074626865667
[0.8362573099415205],[0.6203904555314533],[0.49310344827586206],1.0,0.20903954802259886,0.34579439252336414
[0.9266770670826833],[0.8774002954209749],[0.8330995792426368],0.9967320261437909,0.4307909604519774,0.6015779092702164
[0.9605263157894737],[0.8957055214723926],[0.8390804597701149],0.9968553459119497,0.4477401129943503,0.6179337231968807
[0.9473684210526315],[0.8727272727272727],[0.8089887640449438],0.9969418960244648,0.4604519774011299,0.6299516908212556
[0.9],[0.8210526315789475],[0.7548387096774194],0.9966555183946488,0.4209039548022599,0.5918570009930482
[0.9964633068081344],[0.9166327775518505],[0.848644578313253],0.9497307001795332,0.7471751412429378,0.8363636363636359
[0.9076923076923077],[0.7539936102236422],[0.644808743169399],0.9973474801061007,0.5310734463276836,0.693087557603686
[0.9235569422776911],[0.8895567242674681],[0.8579710144927536],0.9968454258675079,0.4463276836158192,0.6165853658536581
[0.9470404984423676],[0.8503496503496504],[0.7715736040609137],0.9970760233918129,0.481638418079096,0.6495238095238091
[0.9823788546255506],[0.862669245647969],[0.7689655172413793],0.9968553459119497,0.4477401129943503,0.6179337231968807
[0.9885057471264368],[0.9608938547486033],[0.9347826086956522],0.9968253968253968,0.4435028248587571,0.6138807429130005
[0.995579133510168],[0.9290429042904291],[0.8708430007733952],0.985200845665962,0.6581920903954802,0.7891617273497031
[0.9142857142857143],[0.5714285714285715],[0.4155844155844156],0.9920844327176781,0.5310734463276836,0.6918123275068992
[0.9605263157894737],[0.8538011695906433],[0.7684210526315789],0.9919571045576407,0.5225988700564972,0.6845513413506008
[0.8245614035087719],[0.5766871165644172],[0.44339622641509435],0.9945054945054945,0.2556497175141243,0.4067415730337075
[0.973568281938326],[0.9484978540772532],[0.9246861924686193],0.995260663507109,0.2966101694915254,0.4570184983677907
[0.813953488372093],[0.8333333333333333],[0.8536585365853658],0.9953488372093023,0.3022598870056497,0.4637053087757309
[0.9691629955947136],[0.9586056644880174],[0.9482758620689655],0.9962121212121212,0.3714689265536723,0.5411522633744852
[0.9342105263157895],[0.8606060606060606],[0.797752808988764],0.9963768115942029,0.3884180790960452,0.5589430894308939
[0.8571428571428571],[0.4580152671755725],[0.3125],0.9957264957264957,0.3290960451977401,0.49469214437367265
[0.9605263157894737],[0.9419354838709677],[0.9240506329113924],0.99581589958159,0.3361581920903955,0.5026399155227028
[0.8863636363636364],[0.7799999999999999],[0.6964285714285714],0.9956331877729258,0.3220338983050847,0.4866595517609388
[0.9473684210526315],[0.8663101604278075],[0.7980295566502463],0.9948717948717949,0.2740112994350282,0.42967884828349906
[0.8527131782945736],[0.8270676691729323],[0.8029197080291971],0.9955555555555555,0.3163841807909605,0.4801714898177917
[0.9619805481874447],[0.9355116079105762],[0.9104602510460251],0.9165154264972777,0.713276836158192,0.8022239872915007
[0.9849690539345711],[0.9640848117697965],[0.9440677966101695],0.9967213114754099,0.4293785310734463,0.6001974333662384
[0.9282371294851794],[0.8981132075471697],[0.8698830409356725],0.9967105263157895,0.4279661016949153,0.5988142292490114
[0.8682170542635659],[0.7832167832167831],[0.7133757961783439],0.9964539007092199,0.3968926553672316,0.5676767676767672
[0.973568281938326],[0.878727634194831],[0.8007246376811594],0.9962406015037594,0.3742937853107345,0.5441478439425047
[0.8571428571428571],[0.48],[0.3333333333333333],0.9954954954954955,0.3121468926553672,0.47526881720430064
[0.9964633068081344],[0.8965791567223549],[0.8148951554591468],0.9232053422370617,0.7810734463276836,0.8462127008416214
[0.9590643274853801],[0.7922705314009661],[0.6748971193415638],0.9943019943019943,0.4929378531073446,0.6591123701605283
[0.9],[0.8357142857142857],[0.78],0.9968652037617555,0.4491525423728814,0.6192794547224922
[0.8538011695906432],[0.6045548654244306],[0.46794871794871795],0.9947643979057592,0.268361581920904,0.422691879866518
[0.9691629955947136],[0.9503239740820735],[0.9322033898305084],0.9954128440366973,0.3064971751412429,0.4686825053995676
[0.9454828660436138],[0.832076764907471],[0.7429620563035496],0.986449864498645,0.5141242937853108,0.6759517177344472
[0.9779735682819384],[0.9426751592356688],[0.9098360655737705],0.9812834224598931,0.518361581920904,0.6783733826247684
[0.9318181818181818],[0.6776859504132231],[0.5324675324675324],0.9969879518072289,0.4675141242937853,0.636538461538461
[0.9069767441860465],[0.7722772277227723],[0.6724137931034483],0.9966777408637874,0.423728813559322,0.5946481665014861
[0.9473684210526315],[0.8571428571428571],[0.782608695652174],0.9965397923875432,0.4067796610169492,0.577733199598796
[0.9787798408488063],[0.9498069498069498],[0.9225],0.9179755671902269,0.7429378531073446,0.8212334113973453
[0.9605263157894737],[0.768421052631579],[0.6403508771929824],0.9275092936802974,0.7048022598870056,0.8009630818619576
[0.9428571428571428],[0.5840707964601769],[0.4230769230769231],0.9707317073170731,0.5621468926553672,0.7119856887298742
[0.9605263157894737],[0.8342857142857143],[0.7373737373737373],0.9767441860465116,0.5338983050847458,0.6904109589041091
[0.9823788546255506],[0.8560460652591171],[0.7585034013605442],0.9970059880239521,0.4703389830508475,0.6391554702495197
[0.9473684210526315],[0.8622754491017963],[0.7912087912087912],0.987987987987988,0.4646892655367232,0.6320845341018247
[0.9266770670826833],[0.8872292755787902],[0.8510028653295129],0.9969230769230769,0.4576271186440678,0.6272991287512096
[0.8571428571428571],[0.43478260869565216],[0.2912621359223301],0.9963898916967509,0.3898305084745763,0.560406091370558
[0.9964633068081344],[0.9268092105263157],[0.8662567255956957],0.9746300211416491,0.6511299435028248,0.780694326841659
[0.9590643274853801],[0.8118811881188119],[0.703862660944206],0.9939393939393939,0.4632768361581921,0.6319845857418107
[0.847953216374269],[0.5979381443298969],[0.46178343949044587],1.0,0.2768361581920904,0.4336283185840704
[0.9964633068081344],[0.9411273486430063],[0.8916139240506329],0.9851190476190477,0.4675141242937853,0.634099616858237
[0.9779735682819384],[0.9446808510638298],[0.9135802469135802],0.9853801169590644,0.4759887005649718,0.6419047619047614
[0.9920424403183024],[0.9610278372591008],[0.9318936877076412],0.9270833333333334,0.7542372881355932,0.831775700934579
[0.9428571428571428],[0.5789473684210527],[0.4177215189873418],0.9722863741339491,0.594632768361582,0.7379491673970198
[0.9],[0.7959183673469389],[0.7134146341463414],0.9853372434017595,0.4745762711864407,0.6406101048617726
[0.9823788546255506],[0.8745098039215685],[0.7879858657243817],0.9967105263157895,0.4279661016949153,0.5988142292490114
[0.9605263157894737],[0.874251497005988],[0.8021978021978022],0.9966442953020134,0.4194915254237288,0.5904572564612321
[0.9485981308411215],[0.8523442967109867],[0.7738246505717916],0.9864130434782609,0.5127118644067796,0.6747211895910775
[0.9534883720930233],[0.7068965517241379],[0.5616438356164384],0.9857954545454546,0.4901129943502825,0.654716981132075
[0.9090909090909091],[0.6837606837606837],[0.547945205479452],0.9967637540453075,0.4350282485875706,0.6057030481809238
[0.9342105263157895],[0.8352941176470589],[0.7553191489361702],0.9966101694915255,0.4152542372881356,0.5862412761714851
[0.8604651162790697],[0.7872340425531916],[0.7254901960784313],0.9964028776978417,0.3912429378531073,0.5618661257606486
[0.8857142857142857],[0.7560975609756098],[0.6595744680851063],0.9962406015037594,0.3742937853107345,0.5441478439425047
[0.9090909090909091],[0.7692307692307692],[0.6666666666666666],0.9961089494163424,0.3615819209039548,0.530569948186528
[0.8571428571428571],[0.48],[0.3333333333333333],0.9954545454545455,0.3093220338983051,0.4719827586206893
[0.8527131782945736],[0.8270676691729323],[0.8029197080291971],0.9957081545064378,0.327683615819209,0.4930924548352812
[0.9647577092511013],[0.8920570264765785],[0.8295454545454546],0.9957446808510638,0.3305084745762712,0.4962884411452806
[0.9964633068081344],[0.9249076733688962],[0.8629402756508423],0.9824120603015075,0.5522598870056498,0.7070524412296559
[0.9485981308411215],[0.8547368421052634],[0.7777777777777778],0.9865229110512129,0.5169491525423728,0.678405931417979
[0.9534883720930233],[0.7008547008547009],[0.5540540540540541],0.9886039886039886,0.4901129943502825,0.6553352219074594
[0.986784140969163],[0.910569105691057],[0.8452830188679246],0.9967213114754099,0.4293785310734463,0.6001974333662384
[0.8596491228070176],[0.624203821656051],[0.49],0.9947368421052631,0.2669491525423729,0.42093541202672574
[0.9964633068081344],[0.9001597444089456],[0.820830298616169],0.9357142857142857,0.7401129943502824,0.8264984227129332
[0.9157566302652106],[0.8914198936977981],[0.8683431952662722],0.9851190476190477,0.4675141242937853,0.634099616858237
[0.9],[0.8478260869565217],[0.8013698630136986],0.9936908517350158,0.4449152542372881,0.614634146341463
[0.9473684210526315],[0.8323699421965318],[0.7422680412371134],0.9845201238390093,0.4491525423728814,0.6168768186226959
[0.9473684210526315],[0.8481675392670157],[0.7677725118483413],0.996309963099631,0.3813559322033898,0.5515832482124612
[0.9473684210526315],[0.8727272727272727],[0.8089887640449438],0.992831541218638,0.3912429378531073,0.561296859169199
[0.973568281938326],[0.9546436285097192],[0.9364406779661016],0.9966666666666667,0.422316384180791,0.5932539682539678
[0.9893899204244032],[0.956819153484395],[0.9263245033112583],0.9159369527145359,0.7387005649717514,0.8178264268960119
[0.9736842105263158],[0.736318407960199],[0.592],0.9267399267399268,0.7146892655367232,0.8070175438596486
[0.9318181818181818],[0.5734265734265733],[0.41414141414141414],0.9634703196347032,0.596045197740113,0.7364746945898774
[0.8682170542635659],[0.7516778523489933],[0.6627218934911243],0.9878419452887538,0.4590395480225989,0.6268081002892956
[0.9473684210526315],[0.8520710059171597],[0.7741935483870968],0.9817073170731707,0.4548022598870056,0.6216216216216212
[0.9251170046801872],[0.892400300978179],[0.8619186046511628],0.9855491329479769,0.481638418079096,0.6470588235294112
[0.9153846153846154],[0.8469750889679715],[0.7880794701986755],0.99375,0.4491525423728814,0.618677042801556
[0.8771929824561403],[0.6250000000000001],[0.4854368932038835],0.9949748743718593,0.2796610169491525,0.43660418963616276
[0.9647577092511013],[0.8884381338742393],[0.8233082706766918],0.9950980392156863,0.2867231638418079,0.44517543859649084
[0.9964633068081344],[0.93488179178764],[0.88046875],0.9859550561797753,0.4957627118644068,0.659774436090225
[0.9929266136162688],[0.9685209141871496],[0.9452861952861953],0.9855072463768116,0.480225988700565,0.6457739791073119
[0.9532710280373832],[0.878048780487805],[0.8138297872340425],0.9869791666666666,0.5353107344632768,0.6941391941391937
[0.8857142857142857],[0.44285714285714284],[0.29523809523809524],0.98125,0.4435028248587571,0.6108949416342407
[0.9142857142857143],[0.7529411764705883],[0.64],0.996415770609319,0.3926553672316384,0.5633232016210735
[0.9605263157894737],[0.874251497005988],[0.8021978021978022],0.9964028776978417,0.3912429378531073,0.5618661257606486
[0.9779735682819384],[0.958963282937365],[0.940677966101695],0.9964912280701754,0.4011299435028249,0.5720040281973813
[0.9342105263157895],[0.8352941176470589],[0.7553191489361702],0.9965034965034965,0.4025423728813559,0.5734406438631786
[0.9938107869142352],[0.9586353944562901],[0.9258649093904449],0.9206896551724137,0.7542372881355932,0.8291925465838503
[1.0],[0.5375],[0.36752136752136755],0.9464285714285714,0.673728813559322,0.7871287128712865
[0.9473684210526315],[0.8244274809160306],[0.7297297297297297],0.9842767295597484,0.442090395480226,0.610136452241715
[0.986784140969163],[0.8906560636182902],[0.8115942028985508],0.9965753424657534,0.4110169491525424,0.5819999999999995
[0.9142857142857143],[0.8],[0.7111111111111111],0.9962825278810409,0.3785310734463277,0.5486182190378706
[0.9473684210526315],[0.8686327077747988],[0.801980198019802],0.9959349593495935,0.346045197740113,0.5136268343815509
[0.9090909090909091],[0.7547169811320754],[0.6451612903225806],0.9959349593495935,0.346045197740113,0.5136268343815509
[0.9964633068081344],[0.9591489361702128],[0.9245283018867925],0.9201388888888888,0.748587570621469,0.8255451713395634
[0.986784140969163],[0.8598848368522072],[0.7619047619047619],0.954639175257732,0.653954802259887,0.7761944677284152
[0.9605263157894737],[0.8021978021978022],[0.6886792452830188],0.9585152838427947,0.6200564971751412,0.7530017152658657
[0.9929266136162688],[0.9706136560069144],[0.9492814877430262],0.9853372434017595,0.4745762711864407,0.6406101048617726
[0.9076923076923077],[0.8458781362007168],[0.7919463087248322],0.9906832298136646,0.4505649717514124,0.6194174757281549
[0.9485981308411215],[0.8706218727662617],[0.8044914134742405],0.9868421052631579,0.5296610169491526,0.6893382352941171
[0.9823788546255506],[0.8462998102466793],[0.7433333333333333],0.9775280898876404,0.4915254237288136,0.6541353383458641
[0.986784140969163],[0.9014084507042254],[0.8296296296296296],0.9875776397515528,0.4491525423728814,0.6174757281553395
[0.9911582670203359],[0.9626449119793902],[0.9357262103505843],0.9964912280701754,0.4011299435028249,0.5720040281973813
[0.9473684210526315],[0.8727272727272727],[0.8089887640449438],0.9866666666666667,0.4180790960451977,0.5873015873015868
[0.8538011695906432],[0.6121593291404612],[0.477124183006536],1.0,0.2768361581920904,0.4336283185840704
[0.8449612403100775],[0.8288973384030418],[0.8134328358208955],0.9956896551724138,0.326271186440678,0.49148936170212726
[0.9605263157894737],[0.9542483660130718],[0.948051948051948],0.9959016393442623,0.3432203389830508,0.5105042016806718
[0.8571428571428571],[0.49586776859504134],[0.3488372093023256],0.9954337899543378,0.307909604519774,0.4703344120819844
[0.9266770670826833],[0.8898876404494381],[0.8559077809798271],0.985632183908046,0.4844632768361582,0.6496212121212116
[0.9534883720930233],[0.7321428571428571],[0.5942028985507246],0.9851632047477745,0.4689265536723164,0.6354066985645929
[0.8888888888888888],[0.6427061310782242],[0.5033112582781457],0.995049504950495,0.2838983050847458,0.44175824175824147
[0.9415204678362573],[0.8944444444444446],[0.8518518518518519],0.9949748743718593,0.2796610169491525,0.43660418963616276
[0.9691629955947136],[0.9670329670329672],[0.9649122807017544],0.9960159362549801,0.3531073446327684,0.5213764337851925
[0.9946949602122016],[0.9582623509369677],[0.924404272801972],0.9935691318327974,0.4364406779661017,0.6064769381746806
[0.8857142857142857],[0.4769230769230769],[0.3263157894736842],0.9961240310077519,0.3629943502824859,0.5320910973084882
[0.9938107869142352],[0.9610944848225736],[0.9304635761589404],0.9185840707964602,0.7330508474576272,0.8153967007069908
[0.986784140969163],[0.8190127970749543],[0.7],0.9430379746835443,0.6313559322033898,0.756345177664974
[0.9545454545454546],[0.6086956521739131],[0.44680851063829785],0.9655172413793104,0.5536723163841808,0.7037701974865345
[0.9929266136162688],[0.971033290099438],[0.9500846023688664],0.9853372434017595,0.4745762711864407,0.6406101048617726
[0.9473684210526315],[0.8181818181818181],[0.72],0.9769452449567724,0.4788135593220339,0.6426540284360185
[0.9534883720930233],[0.7321428571428571],[0.5942028985507246],0.9907692307692307,0.4548022598870056,0.6234269119070663
[0.9076923076923077],[0.8644688644688644],[0.8251748251748252],0.9967105263157895,0.4279661016949153,0.5988142292490114
[0.9142857142857143],[0.7710843373493975],[0.6666666666666666],0.9965753424657534,0.4110169491525424,0.5819999999999995
[0.9473684210526315],[0.8727272727272727],[0.8089887640449438],0.9898648648648649,0.4138418079096045,0.5836653386454179
[0.9282371294851794],[0.8987915407854985],[0.8711566617862372],0.9857549857549858,0.4887005649717514,0.6534466477809249
[0.9605263157894737],[0.8342857142857143],[0.7373737373737373],0.9774011299435028,0.4887005649717514,0.651600753295668
[0.8682170542635659],[0.7750865051903114],[0.7],0.9968354430379747,0.4449152542372881,0.6152343749999996
[0.986784140969163],[0.9237113402061856],[0.8682170542635659],0.9966101694915255,0.4152542372881356,0.5862412761714851
[0.9485981308411215],[0.8712446351931331],[0.8055555555555556],0.9868073878627969,0.5282485875706214,0.6881324747010114
[0.9005847953216374],[0.6272912423625254],[0.48125],0.9955156950672646,0.3135593220338983,0.4769065520945216
[0.921996879875195],[0.8995433789954338],[0.8781575037147102],0.9910979228486647,0.4717514124293785,0.639234449760765
[0.9090909090909091],[0.6896551724137931],[0.5555555555555556],0.9846625766871165,0.4533898305084746,0.6208897485493226
[0.9885057471264368],[0.9637931034482758],[0.9402859545836838],0.9963898916967509,0.3898305084745763,0.560406091370558
[0.9473684210526315],[0.8727272727272727],[0.8089887640449438],0.9897959183673469,0.4110169491525424,0.5808383233532929
[0.8604651162790697],[0.7985611510791367],[0.7449664429530202],0.9964788732394366,0.3997175141242938,0.5705645161290318
[0.9964633068081344],[0.9518581081081081],[0.9110751818916734],0.9858490566037735,0.5903954802259888,0.73851590106007
[1.0],[0.6935483870967741],[0.5308641975308642],0.9791666666666666,0.5310734463276836,0.6886446886446881
[0.9153846153846154],[0.8592057761732852],[0.8095238095238095],0.9970326409495549,0.4745762711864407,0.6430622009569373
[0.9532710280373832],[0.8812095032397408],[0.8192771084337349],0.9845360824742269,0.53954802259887,0.6970802919708025
[0.986784140969163],[0.9451476793248945],[0.9068825910931174],0.9785522788203753,0.5155367231638418,0.6753006475485657
[0.9964633068081344],[0.962014511310286],[0.9298679867986799],0.9328743545611016,0.7655367231638418,0.840961986035686
[0.9736842105263158],[0.7326732673267327],[0.5873015873015873],0.9340463458110517,0.7401129943502824,0.8258471237194637
[0.986784140969163],[0.8452830188679246],[0.7392739273927392],0.9733333333333334,0.6186440677966102,0.7564766839378233
[0.9142857142857143],[0.6464646464646465],[0.5],0.978891820580475,0.5240112994350282,0.6826126954921798
[0.9823788546255506],[0.8560460652591171],[0.7585034013605442],0.9884726224783862,0.4844632768361582,0.650236966824644
[0.9473684210526315],[0.8520710059171597],[0.7741935483870968],0.9883720930232558,0.480225988700565,0.6463878326996193
[0.9532163742690059],[0.8534031413612566],[0.7725118483412322],0.996551724137931,0.4081920903954802,0.5791583166332661
[0.8571428571428571],[0.47244094488188976],[0.32608695652173914],1.0,0.3629943502824859,0.5326424870466316
[0.9605263157894737],[0.935897435897436],[0.9125],0.9961832061068703,0.3686440677966102,0.5381443298969069
[0.9090909090909091],[0.7843137254901961],[0.6896551724137931],0.9961832061068703,0.3686440677966102,0.5381443298969069
[0.8888888888888888],[0.6710816777041942],[0.5390070921985816],1.0,0.2570621468926554,0.4089887640449435
[0.9266770670826833],[0.8972809667673716],[0.8696925329428989],0.9885386819484241,0.4872881355932203,0.6527909176915795
[0.8837209302325582],[0.7889273356401383],[0.7125],0.9938461538461538,0.4562146892655367,0.6253630203291379
[0.9534883720930233],[0.7961165048543688],[0.6833333333333333],0.9935483870967742,0.4350282485875706,0.6051080550098227
[0.9532163742690059],[0.8624338624338626],[0.7874396135265701],0.996309963099631,0.3813559322033898,0.5515832482124612
[0.9691629955947136],[0.9606986899563319],[0.9523809523809523],0.9966555183946488,0.4209039548022599,0.5918570009930482
[0.9973474801061007],[0.9608177172061328],[0.9268693508627773],0.9185059422750425,0.7641242937853108,0.8342328450269848
[0.9605263157894737],[0.7564766839378239],[0.6239316239316239],0.9117647058823529,0.7443502824858758,0.81959564541213
[0.9230769230769231],[0.7619047619047619],[0.6486486486486487],0.9806295399515739,0.5720338983050848,0.7225691347011591
[0.8857142857142857],[0.43661971830985913],[0.2897196261682243],0.9823008849557522,0.4703389830508475,0.6361031518624637
[0.986784140969163],[0.9032258064516129],[0.8327137546468402],0.9967637540453075,0.4350282485875706,0.6057030481809238
[0.9485981308411215],[0.885818181818182],[0.8308321964529332],0.984375,0.5338983050847458,0.6923076923076918
[0.9938107869142352],[0.9782419495213229],[0.9631533847472151],0.9941002949852508,0.4759887005649718,0.6437440305635144
[0.9473684210526315],[0.8421052631578948],[0.7578947368421053],0.9855907780979827,0.4830508474576271,0.6483412322274876
[0.9849690539345711],[0.9665943600867678],[0.948892674616695],0.9964912280701754,0.4011299435028249,0.5720040281973813
[0.9823788546255506],[0.8796844181459565],[0.7964285714285714],0.9963369963369964,0.384180790960452,0.5545361875637101
[0.9142857142857143],[0.8],[0.7111111111111111],0.9961538461538462,0.365819209039548,0.5351239669421484
[0.9473684210526315],[0.9],[0.8571428571428571],0.9962825278810409,0.3785310734463277,0.5486182190378706
[0.9251170046801872],[0.9053435114503817],[0.8863976083707026],0.9971181556195965,0.4887005649717514,0.6559241706161132
[0.9532163742690059],[0.8511749347258486],[0.7688679245283019],0.9965635738831615,0.4096045197740113,0.5805805805805802
[0.9823788546255506],[0.8884462151394422],[0.8109090909090909],0.9964028776978417,0.3912429378531073,0.5618661257606486
[0.9605263157894737],[0.935897435897436],[0.9125],0.9964028776978417,0.3912429378531073,0.5618661257606486
[0.9005847953216374],[0.6859688195991092],[0.5539568345323741],1.0,0.268361581920904,0.4231625835189306
[0.8857142857142857],[0.8732394366197184],[0.8611111111111112],1.0,0.2838983050847458,0.44224422442244193
[0.9090909090909091],[0.8510638297872342],[0.8],1.0,0.2838983050847458,0.44224422442244193
[0.8604651162790697],[0.844106463878327],[0.8283582089552238],0.995850622406639,0.3389830508474576,0.5057955742887246
[0.9691629955947136],[0.9649122807017544],[0.9606986899563319],0.996309963099631,0.3813559322033898,0.5515832482124612
[0.9964633068081344],[0.9399499582985822],[0.8895027624309392],0.9736263736263736,0.6257062146892656,0.7618228718830605
[0.986784140969163],[0.8682170542635659],[0.7750865051903114],0.9722921914357683,0.5451977401129944,0.6986425339366512
[0.9973474801061007],[0.9636907304570695],[0.9322314049586777],0.9267461669505963,0.768361581920904,0.8401544401544396
[0.8857142857142857],[0.39743589743589736],[0.256198347107438],0.9766355140186916,0.5903954802259888,0.735915492957746
[0.9849690539345711],[0.9686956521739131],[0.9529512403763901],1.0,0.3912429378531073,0.5624365482233498
[0.8923076923076924],[0.8754716981132076],[0.8592592592592593],0.9966329966329966,0.4180790960451977,0.5890547263681587
[0.9534883720930233],[0.8200000000000001],[0.7192982456140351],0.9965986394557823,0.4138418079096045,0.5848303393213568
[0.9517133956386293],[0.8867924528301887],[0.8301630434782609],0.9871134020618557,0.5409604519774012,0.6989051094890506
[0.9605263157894737],[0.8248587570621468],[0.7227722772277227],0.9769230769230769,0.538135593220339,0.6939890710382508
[0.986784140969163],[0.8582375478927203],[0.7593220338983051],0.9914285714285714,0.4901129943502825,0.6559546313799617
[0.9532710280373832],[0.8927789934354484],[0.8395061728395061],0.9870466321243523,0.538135593220339,0.6965265082266905
[0.9532163742690059],[0.8402061855670102],[0.7511520737327189],0.9968553459119497,0.4477401129943503,0.6179337231968807
[0.8857142857142857],[0.4806201550387597],[0.32978723404255317],1.0,0.3855932203389831,0.5565749235474001
[0.9090909090909091],[0.7547169811320754],[0.6451612903225806],1.0,0.3742937853107345,0.544707091469681
[0.8604651162790697],[0.8131868131868132],[0.7708333333333334],1.0,0.3714689265536723,0.5417095777548914
[0.9473684210526315],[0.8944099378881987],[0.8470588235294118],1.0,0.3757062146892655,0.5462012320328538
[0.9210526315789473],[0.8805031446540881],[0.8433734939759037],0.9963768115942029,0.3884180790960452,0.5589430894308939
[0.8682170542635659],[0.823529411764706],[0.7832167832167832],0.9964285714285714,0.3940677966101695,0.5647773279352222
[0.9005847953216374],[0.6936936936936936],[0.5641025641025641],1.0,0.2810734463276836,0.4388092613009919
[0.8692307692307693],[0.91869918699187],[0.9741379310344828],0.9959016393442623,0.3432203389830508,0.5105042016806718
[0.973568281938326],[0.9505376344086022],[0.9285714285714286],0.9961538461538462,0.365819209039548,0.5351239669421484
[0.9938107869142352],[0.952542372881356],[0.9145646867371847],0.9149659863945578,0.7598870056497176,0.8302469135802464
[0.9946949602122016],[0.9719222462203024],[0.950168918918919],0.9815303430079155,0.5254237288135594,0.6844526218951237
[0.9142857142857143],[0.7032967032967032],[0.5714285714285714],0.9832869080779945,0.4985875706214689,0.6616682286785375
[0.9911582670203359],[0.9647160068846815],[0.9396479463537301],0.9968553459119497,0.4477401129943503,0.6179337231968807
[0.9779735682819384],[0.961038961038961],[0.9446808510638298],0.9969230769230769,0.4576271186440678,0.6272991287512096
[0.9282371294851794],[0.9008327024981075],[0.875],0.9914772727272727,0.4929378531073446,0.6584905660377354
[0.9605263157894737],[0.863905325443787],[0.7849462365591398],0.9914285714285714,0.4901129943502825,0.6559546313799617
[0.9823788546255506],[0.862669245647969],[0.7689655172413793],0.9967845659163987,0.4378531073446328,0.6084396467124628
[0.9532163742690059],[0.8670212765957447],[0.7951219512195122],1.0,0.3884180790960452,0.5595116988809762
[0.9973474801061007],[0.964102564102564],[0.9330024813895782],0.9299474605954466,0.75,0.8303362001563718
[0.9605263157894737],[0.752577319587629],[0.6186440677966102],0.9153439153439153,0.7330508474576272,0.8141176470588231
[0.9532710280373832],[0.9053254437869822],[0.8619718309859155],0.9871794871794872,0.5437853107344632,0.70127504553734
[0.8837209302325582],[0.7450980392156863],[0.6440677966101694],0.9915014164305949,0.4943502824858757,0.6597549481621108
[0.986784140969163],[0.9531914893617022],[0.9218106995884774],1.0,0.4759887005649718,0.6449760765550234
[0.9605263157894737],[0.874251497005988],[0.8021978021978022],0.9970149253731343,0.4717514124293785,0.640460210930009
[0.9142857142857143],[0.7529411764705883],[0.64],0.9967948717948718,0.4392655367231638,0.609803921568627
[0.986784140969163],[0.9124236252545824],[0.8484848484848485],1.0,0.4180790960451977,0.5896414342629478
[0.9076923076923077],[0.8905660377358491],[0.8740740740740741],1.0,0.423728813559322,0.5952380952380948
[0.9204368174726989],[0.9035222052067382],[0.8872180451127819],0.9943820224719101,0.5,0.665413533834586
[0.9946949602122016],[0.979538528515455],[0.9648370497427101],0.9943661971830986,0.4985875706214689,0.664158043273753
[0.9005847953216374],[0.6511627906976745],[0.5099337748344371],1.0,0.3149717514124294,0.47905477980665906
[0.9090909090909091],[0.8163265306122449],[0.7407407407407407],1.0,0.326271186440678,0.4920127795527153
[0.8571428571428571],[0.5504587155963303],[0.40540540540540543],1.0,0.2909604519774011,0.4507658643326035
[0.8372093023255814],[0.8470588235294119],[0.8571428571428571],1.0,0.3064971751412429,0.4691891891891888
[0.9964633068081344],[0.9256673511293635],[0.8642638036809815],0.9855769230769231,0.5790960451977402,0.7295373665480422
[0.9605263157894737],[0.8202247191011237],[0.7156862745098039],0.9737470167064439,0.576271186440678,0.7240461401952081
[0.986784140969163],[0.8871287128712871],[0.8057553956834532],0.9786666666666667,0.518361581920904,0.6777469990766384
[0.9428571428571428],[0.7586206896551724],[0.6346153846153846],0.9941348973607038,0.4788135593220339,0.6463298379408956
[0.9122807017543859],[0.6624203821656051],[0.52],1.0,0.326271186440678,0.4920127795527153
[0.9964633068081344],[0.9482541018090029],[0.9044943820224719],0.9856733524355301,0.4858757062146893,0.6508987701040677
[0.9153846153846154],[0.8782287822878229],[0.8439716312056738],0.9855907780979827,0.4830508474576271,0.6483412322274876
[0.8857142857142857],[0.4696969696969696],[0.31958762886597936],0.9966887417218543,0.4251412429378531,0.5960396039603956
[0.9532163742690059],[0.8931506849315068],[0.8402061855670103],1.0,0.3884180790960452,0.5595116988809762
[0.9823788546255506],[0.8866799204771371],[0.8079710144927537],1.0,0.3728813559322034,0.5432098765432095
[0.9517133956386293],[0.8880813953488372],[0.832425068119891],0.9804878048780488,0.5677966101694916,0.7191413237924861
[0.9605263157894737],[0.8295454545454545],[0.73],0.966183574879227,0.5649717514124294,0.7130124777183596
[0.9946949602122016],[0.97868638538495],[0.9631849315068494],0.9859943977591037,0.4971751412429379,0.6610328638497648
[0.9605263157894737],[0.8588235294117647],[0.776595744680851],0.9831460674157303,0.4943502824858757,0.6578947368421048
[0.9973474801061007],[0.964102564102564],[0.9330024813895782],0.9305555555555556,0.7570621468926554,0.8348909657320867
[0.9545454545454546],[0.5384615384615384],[0.375],0.9483747609942639,0.7005649717514124,0.805848903330625
[0.986784140969163],[0.9180327868852459],[0.8582375478927203],0.9793103448275862,0.6016949152542372,0.7454068241469811
[0.8914728682170543],[0.7692307692307693],[0.6764705882352942],0.9866310160427807,0.5211864406779662,0.6820702402957481
[0.9767441860465116],[0.7433628318584069],[0.6],0.9913544668587896,0.4858757062146893,0.6521327014218005
[0.9473684210526315],[0.8571428571428571],[0.782608695652174],0.9912023460410557,0.4774011299435028,0.6444232602478547
[0.9266770670826833],[0.8986384266263238],[0.8722466960352423],0.9867021276595744,0.5240112994350282,0.6845018450184497
[0.986784140969163],[0.9050505050505051],[0.835820895522388],0.988950276243094,0.5056497175141242,0.6691588785046724
[0.9181286549707602],[0.6638477801268499],[0.5198675496688742],1.0,0.3432203389830508,0.511041009463722
[0.9142857142857143],[0.8767123287671234],[0.8421052631578947],1.0,0.3531073446327684,0.5219206680584547
[0.9973474801061007],[0.9616368286445013],[0.928395061728395],0.9294532627865961,0.7443502824858758,0.8266666666666661
[0.9964633068081344],[0.9554896142433235],[0.9177524429967426],0.9941860465116279,0.4830508474576271,0.6501901140684405
[0.9532710280373832],[0.9073387694588585],[0.8656294200848657],0.9875311720698254,0.559322033898305,0.7141568981064015
[0.9605263157894737],[0.8342857142857143],[0.7373737373737373],0.9710144927536232,0.5677966101694916,0.7165775401069513
[0.9318181818181818],[0.6456692913385826],[0.4939759036144578],0.9816272965879265,0.5282485875706214,0.6868686868686864
[0.9473684210526315],[0.8520710059171597],[0.7741935483870968],0.9865229110512129,0.5169491525423728,0.678405931417979
[0.9779735682819384],[0.9568965517241379],[0.9367088607594937],0.9944903581267218,0.5098870056497176,0.6741363211951442
[0.9532163742690059],[0.8693333333333334],[0.7990196078431373],1.0,0.4336158192090395,0.6049261083743838
[0.995579133510168],[0.9757365684575391],[0.9566694987255735],0.9893048128342246,0.5225988700564972,0.6839186691312379
[0.8857142857142857],[0.4661654135338346],[0.3163265306122449],1.0,0.4463276836158192,0.6171874999999996
[0.9076923076923077],[0.8838951310861423],[0.8613138686131386],1.0,0.4632768361581921,0.6332046332046327
[0.9251170046801872],[0.9025875190258753],[0.8811292719167905],0.9892183288409704,0.518361581920904,0.6802594995366076
[0.8914728682170543],[0.7876712328767123],[0.7055214723926381],1.0,0.4788135593220339,0.6475644699140396
[0.9767441860465116],[0.7706422018348624],[0.6363636363636364],1.0,0.4632768361581921,0.6332046332046327
[0.9823788546255506],[0.8849206349206349],[0.8050541516245487],1.0,0.4251412429378531,0.5966303270564911
[0.9605263157894737],[0.9299363057324841],[0.9012345679012346],1.0,0.422316384180791,0.5938430983118168
[0.9532163742690059],[0.8858695652173914],[0.8274111675126904],1.0,0.3870056497175141,0.5580448065173111
[0.9282371294851794],[0.9008327024981075],[0.875],0.991869918699187,0.5169491525423728,0.6796657381615594
[0.9946949602122016],[0.9778357235984355],[0.9615384615384616],0.9892761394101877,0.5211864406779662,0.6827012025901937
[0.9532710280373832],[0.9059955588452998],[0.8631875881523272],0.9903147699757869,0.577683615819209,0.7297056199821583
[0.8857142857142857],[0.45255474452554745],[0.30392156862745096],0.9970588235294118,0.4788135593220339,0.6469465648854957
[0.9973474801061007],[0.967409948542024],[0.9392173189009159],0.9401408450704225,0.7542372881355932,0.8369905956112847
[0.9545454545454546],[0.5316455696202531],[0.3684210526315789],0.9556840077071291,0.7005649717514124,0.8084759576202114
[0.9064327485380117],[0.6404958677685951],[0.4952076677316294],1.0,0.3516949152542373,0.520376175548589
[0.9605263157894737],[0.9182389937106917],[0.8795180722891566],1.0,0.3629943502824859,0.5326424870466316
[0.8682170542635659],[0.8145454545454545],[0.7671232876712328],1.0,0.3926553672316384,0.5638945233265715
[0.986784140969163],[0.9372384937238494],[0.8924302788844621],1.0,0.3912429378531073,0.5624365482233498
[0.973568281938326],[0.9650655021834061],[0.9567099567099567],1.0,0.4053672316384181,0.5768844221105524
[0.9473684210526315],[0.8780487804878049],[0.8181818181818182],0.9966555183946488,0.4209039548022599,0.5918570009930482
[0.9142857142857143],[0.8],[0.7111111111111111],1.0,0.4124293785310734,0.5839999999999995
[0.9069767441860465],[0.7959183673469388],[0.7090909090909091],1.0,0.4081920903954802,0.5797392176529584
[0.9946949602122016],[0.9594882729211087],[0.9266886326194399],1.0,0.4435028248587571,0.6144814090019565
[0.986784140969163],[0.8732943469785575],[0.7832167832167832],1.0,0.4194915254237288,0.5910447761194025
[0.9342105263157895],[0.8711656441717791],[0.8160919540229885],1.0,0.4251412429378531,0.5966303270564911
[0.9076923076923077],[0.8973384030418251],[0.8872180451127819],1.0,0.4463276836158192,0.6171874999999996
[0.9605263157894737],[0.8902439024390244],[0.8295454545454546],0.99375,0.4491525423728814,0.618677042801556
[0.9181286549707602],[0.6931567328918321],[0.5567375886524822],1.0,0.327683615819209,0.49361702127659535
[0.9605263157894737],[0.9605263157894737],[0.9605263157894737],1.0,0.3587570621468927,0.5280665280665277
[0.8837209302325582],[0.8351648351648352],[0.7916666666666666],1.0,0.365819209039548,0.5356773526370213
[0.9779735682819384],[0.9230769230769231],[0.8740157480314961],1.0,0.3700564971751412,0.5402061855670098
[0.9090909090909091],[0.8247422680412373],[0.7547169811320755],1.0,0.3700564971751412,0.5402061855670098
[0.9485981308411215],[0.8949301983835414],[0.847009735744089],0.9803439803439803,0.5635593220338984,0.7156950672645735
[0.9973474801061007],[0.9699054170249355],[0.9439330543933054],0.9460431654676259,0.7429378531073446,0.8322784810126578
[0.986784140969163],[0.8500948766603416],[0.7466666666666667],0.9563492063492064,0.6807909604519774,0.7953795379537948
[0.9911582670203359],[0.9655469422911284],[0.9412258606213266],1.0,0.4562146892655367,0.6265761396702225
[0.9779735682819384],[0.9694323144104803],[0.961038961038961],1.0,0.4830508474576271,0.6514285714285709
[0.9142857142857143],[0.7529411764705883],[0.64],1.0,0.4562146892655367,0.6265761396702225
[0.9282371294851794],[0.9049429657794678],[0.8827893175074184],0.9946380697050938,0.5240112994350282,0.6864014801110078
[0.9230769230769231],[0.8791208791208791],[0.8391608391608392],0.997275204359673,0.5169491525423728,0.680930232558139
[0.995579133510168],[0.9791304347826086],[0.9632164242942686],0.9921259842519685,0.5338983050847458,0.6942148760330575
[0.8914728682170543],[0.7876712328767123],[0.7055214723926381],1.0,0.5028248587570622,0.6691729323308265
[0.9532163742690059],[0.8670212765957447],[0.7951219512195122],1.0,0.4322033898305085,0.6035502958579877
[0.8857142857142857],[0.5166666666666666],[0.36470588235294116],1.0,0.384180790960452,0.5551020408163261
[0.9210526315789473],[0.89171974522293],[0.8641975308641975],1.0,0.3870056497175141,0.5580448065173111
[0.8857142857142857],[0.543859649122807],[0.3924050632911392],1.0,0.365819209039548,0.5356773526370213
[0.9473684210526315],[0.9171974522292994],[0.8888888888888888],1.0,0.3714689265536723,0.5417095777548914
[0.973568281938326],[0.9505376344086022],[0.9285714285714286],1.0,0.384180790960452,0.5551020408163261
[0.8837209302325582],[0.8444444444444444],[0.8085106382978723],1.0,0.3954802259887006,0.566801619433198
[0.9964633068081344],[0.9530655391120508],[0.913290113452188],0.986737400530504,0.5254237288135594,0.6857142857142852
[0.9946949602122016],[0.9816753926701569],[0.9689922480620154],0.9891891891891892,0.5169491525423728,0.6790352504638213
[0.986784140969163],[0.8784313725490196],[0.7915194346289752],1.0,0.4717514124293785,0.6410748560460647
[0.9779735682819384],[0.9694323144104803],[0.961038961038961],1.0,0.4788135593220339,0.6475644699140396
[0.9605263157894737],[0.8957055214723926],[0.8390804597701149],1.0,0.4774011299435028,0.6462715105162519
[1.0],[0.8037383177570093],[0.671875],1.0,0.4548022598870056,0.6252427184466014
[0.9548286604361371],[0.9001468428781204],[0.8513888888888889],0.9862068965517241,0.6059322033898306,0.7506561679790023
[0.9239766081871345],[0.6781115879828326],[0.535593220338983],1.0,0.3672316384180791,0.5371900826446276
[0.9210526315789473],[0.9032258064516129],[0.8860759493670886],1.0,0.3785310734463277,0.5491803278688521
[0.9076923076923077],[0.9182879377431907],[0.9291338582677166],1.0,0.4152542372881356,0.5868263473053887
[0.9329173166926678],[0.9088145896656535],[0.8859259259259259],0.9894459102902374,0.5296610169491526,0.6899724011039554
[0.9590643274853801],[0.870026525198939],[0.7961165048543689],1.0,0.4449152542372881,0.6158357771260993
[0.9973474801061007],[0.9628681177976953],[0.9306930693069307],0.9264957264957265,0.7655367231638418,0.838360402165506
[0.9428571428571428],[0.6226415094339622],[0.4647887323943662],0.9606299212598425,0.6892655367231638,0.8026315789473679
[0.9545454545454546],[0.6086956521739131],[0.44680851063829785],0.96875,0.6129943502824858,0.7508650519031137
[0.9590643274853801],[0.870026525198939],[0.7961165048543689],0.9911764705882353,0.4759887005649718,0.6431297709923659
[0.9779735682819384],[0.963123644251627],[0.9487179487179487],0.9912536443148688,0.480225988700565,0.6470028544243573
[0.9767441860465116],[0.7706422018348624],[0.6363636363636364],0.996969696969697,0.4646892655367232,0.6339113680154137
[0.9239766081871345],[0.7133182844243793],[0.5808823529411765],1.0,0.3333333333333333,0.4999999999999996
[0.956386292834891],[0.8983174835405999],[0.8468965517241379],0.9835294117647059,0.5903954802259888,0.7378640776699025
[0.9605263157894737],[0.8488372093023255],[0.7604166666666666],0.9741176470588235,0.5847457627118644,0.7308031774051186
[0.986784140969163],[0.8631984585741811],[0.7671232876712328],0.9919786096256684,0.5240112994350282,0.6857670979667277
[0.9318181818181818],[0.7068965517241379],[0.5694444444444444],0.9915730337078652,0.4985875706214689,0.6635338345864656
[0.9473684210526315],[0.8727272727272727],[0.8089887640449438],0.9971014492753624,0.4858757062146893,0.6533713200379863
[0.986784140969163],[0.9352818371607515],[0.8888888888888888],0.9970149253731343,0.4717514124293785,0.640460210930009
[0.9929266136162688],[0.9639484978540773],[0.9366138448707256],1.0,0.4703389830508475,0.6397694524495673
[0.8857142857142857],[0.5081967213114754],[0.3563218390804598],1.0,0.4251412429378531,0.5966303270564911
[0.9230769230769231],[0.9195402298850576],[0.916030534351145],1.0,0.4449152542372881,0.6158357771260993
[0.9428571428571428],[0.8048780487804879],[0.7021276595744681],1.0,0.4378531073446328,0.6090373280943021
[0.9605263157894737],[0.9299363057324841],[0.9012345679012346],1.0,0.4364406779661017,0.6076696165191736
[0.9329173166926678],[0.9067475360121304],[0.8820058997050148],0.994535519125683,0.5141242937853108,0.6778398510242082
[0.8914728682170543],[0.8041958041958042],[0.732484076433121],0.9971098265895953,0.4872881355932203,0.6546489563567358
[0.9973474801061007],[0.9661670235546038],[0.9368770764119602],0.9400352733686067,0.7528248587570622,0.8360784313725486
[0.995579133510168],[0.9778549717759444],[0.9607508532423208],0.9922077922077922,0.53954802259887,0.6989935956084167
[0.9605263157894737],[0.8588235294117647],[0.776595744680851],0.9871134020618557,0.5409604519774012,0.6989051094890506
[0.986784140969163],[0.8715953307392997],[0.7804878048780488],1.0,0.5,0.6666666666666662
[0.9605263157894737],[0.8902439024390244],[0.8295454545454546],0.9971671388101983,0.4971751412429379,0.6635249764373229
[1.0],[0.8037383177570093],[0.671875],1.0,0.4759887005649718,0.6449760765550234
[0.8914728682170543],[0.8394160583941606],[0.7931034482758621],1.0,0.4533898305084746,0.6239067055393582
[0.9973474801061007],[0.9715762273901809],[0.947103274559194],0.9500891265597148,0.7528248587570622,0.8400315208825843
[0.8857142857142857],[0.3924050632911393],[0.25203252032520324],0.9798206278026906,0.617231638418079,0.7573656845753894
[0.9307692307692308],[0.8642857142857142],[0.8066666666666666],0.9897172236503856,0.5437853107344632,0.7019143117593432
[0.9428571428571428],[0.7586206896551724],[0.6346153846153846],0.9945652173913043,0.5169491525423728,0.6802973977695163
[0.995579133510168],[0.9791304347826086],[0.9632164242942686],0.9945504087193461,0.5155367231638418,0.6790697674418599
[0.986784140969163],[0.9676025917926566],[0.9491525423728814],0.994579945799458,0.518361581920904,0.6815227483751155
[0.9911582670203359],[0.9672131147540984],[0.9443976411120472],1.0,0.4463276836158192,0.6171874999999996
[0.9090909090909091],[0.7272727272727273],[0.6060606060606061],1.0,0.4406779661016949,0.6117647058823524
[0.9605263157894737],[0.9240506329113923],[0.8902439024390244],1.0,0.4350282485875706,0.6062992125984248
[0.9532710280373832],[0.9107142857142857],[0.8717948717948718],0.9903846153846154,0.5819209039548022,0.7330960854092521
[0.9266770670826833],[0.9124423963133641],[0.8986384266263238],0.9946236559139785,0.5225988700564972,0.6851851851851847
[0.9532163742690059],[0.8647214854111406],[0.7912621359223301],1.0,0.4477401129943503,0.6185365853658532
[0.9181286549707602],[0.7136363636363637],[0.5836431226765799],1.0,0.3220338983050847,0.4871794871794867
[0.973568281938326],[0.9587852494577006],[0.9444444444444444],1.0,0.3446327683615819,0.5126050420168062
[0.973568281938326],[0.9800443458980045],[0.9866071428571429],1.0,0.3799435028248588,0.5506653019447283
[0.986784140969163],[0.9431578947368421],[0.9032258064516129],1.0,0.3912429378531073,0.5624365482233498
[0.9973474801061007],[0.9636907304570695],[0.9322314049586777],0.9439579684763573,0.7612994350282486,0.8428459734167313
[0.9239766081871345],[0.6781115879828326],[0.535593220338983],1.0,0.365819209039548,0.5356773526370213
[0.9517133956386293],[0.9126213592233009],[0.8766140602582496],0.9813953488372092,0.596045197740113,0.7416520210896304
[0.9767441860465116],[0.672],[0.5121951219512195],0.9831730769230769,0.577683615819209,0.7277580071174372
[0.9605263157894737],[0.8439306358381503],[0.7525773195876289],0.9846547314578005,0.5437853107344632,0.7006369426751586
[0.8992248062015504],[0.8027681660899655],[0.725],1.0,0.5,0.6666666666666662
[0.9090909090909091],[0.6956521739130435],[0.5633802816901409],1.0,0.4774011299435028,0.6462715105162519
[0.995579133510168],[0.980409229429691],[0.9656946826758147],0.9972067039106145,0.5042372881355932,0.6697936210131327
[0.8857142857142857],[0.5081967213114754],[0.3563218390804598],1.0,0.4463276836158192,0.6171874999999996
[0.9282371294851794],[0.9146810146041506],[0.9015151515151515],0.9918256130790191,0.5141242937853108,0.677209302325581
[0.986784140969163],[0.8715953307392997],[0.7804878048780488],1.0,0.480225988700565,0.6488549618320606
[0.9938107869142352],[0.9639794168096055],[0.9358867610324729],1.0,0.4590395480225989,0.6292352371732812
[0.9605263157894737],[0.9012345679012346],[0.8488372093023255],1.0,0.4646892655367232,0.6345226615236254
[0.9532163742690059],[0.8858695652173914],[0.8274111675126904],1.0,0.422316384180791,0.5938430983118168
[0.9342105263157895],[0.8930817610062893],[0.8554216867469879],1.0,0.4350282485875706,0.6062992125984248
[0.9153846153846154],[0.9049429657794676],[0.8947368421052632],1.0,0.461864406779661,0.6318840579710141
[0.9428571428571428],[0.7951807228915663],[0.6875],1.0,0.4477401129943503,0.6185365853658532
[0.9329173166926678],[0.9108910891089109],[0.8898809523809523],1.0,0.5240112994350282,0.6876737720111209
[0.8857142857142857],[0.4920634920634921],[0.34065934065934067],1.0,0.4505649717514124,0.6212268743914309
[0.9779735682819384],[0.9673202614379085],[0.9568965517241379],1.0,0.4604519774011299,0.6305609284332684
[0.9973474801061007],[0.9711579853637536],[0.9463087248322147],0.9548736462093863,0.7471751412429378,0.8383518225039613
[0.986784140969163],[0.8500948766603416],[0.7466666666666667],0.9623015873015873,0.6850282485875706,0.8003300330032999
[0.9239766081871345],[0.6929824561403507],[0.5543859649122806],1.0,0.3757062146892655,0.5462012320328538
[0.986784140969163],[0.9572649572649573],[0.9294605809128631],1.0,0.3855932203389831,0.5565749235474001
[0.9532710280373832],[0.9107142857142857],[0.8717948717948718],0.9839816933638444,0.6073446327683616,0.751091703056768
[0.9605263157894737],[0.839080459770115],[0.7448979591836735],0.9751693002257337,0.6101694915254238,0.7506516072980013
[0.9428571428571428],[0.7333333333333334],[0.6],0.9872122762148338,0.5451977401129944,0.7024567788898994
[0.8992248062015504],[0.8055555555555556],[0.7295597484276729],1.0,0.5141242937853108,0.6791044776119398
[1.0],[0.8037383177570093],[0.671875],1.0,0.4957627118644068,0.6628895184135972
[0.9318181818181818],[0.7387387387387387],[0.6119402985074627],1.0,0.4604519774011299,0.6305609284332684
[0.9230769230769231],[0.9125475285171102],[0.9022556390977443],1.0,0.461864406779661,0.6318840579710141
[0.995579133510168],[0.9787049109083007],[0.9623931623931624],0.994750656167979,0.5353107344632768,0.6960514233241502
[0.9605263157894737],[0.874251497005988],[0.8021978021978022],0.9946808510638298,0.5282485875706214,0.6900369003690031
[0.9605263157894737],[0.874251497005988],[0.8021978021978022],0.9973118279569892,0.5240112994350282,0.6870370370370366
[0.9920424403183024],[0.9659922513990529],[0.9412751677852349],1.0,0.4745762711864407,0.6436781609195398
[0.9590643274853801],[0.8913043478260869],[0.8324873096446701],1.0,0.4293785310734463,0.6007905138339916
[0.986784140969163],[0.929460580912863],[0.8784313725490196],1.0,0.4194915254237288,0.5910447761194025
[0.9090909090909091],[0.8],[0.7142857142857143],1.0,0.4081920903954802,0.5797392176529584
[0.8857142857142857],[0.5636363636363636],[0.41333333333333333],1.0,0.3672316384180791,0.5371900826446276
[0.9605263157894737],[0.9605263157894737],[0.9605263157894737],1.0,0.3742937853107345,0.544707091469681
[0.9973474801061007],[0.9583687340696686],[0.9223221586263287],0.9393414211438474,0.7655367231638418,0.8435797665369644
[0.9946949602122016],[0.9598976109215017],[0.9274525968672712],1.0,0.5042372881355932,0.670422535211267
[1.0],[0.7962962962962964],[0.6615384615384615],1.0,0.4915254237288136,0.6590909090909086
[0.9428571428571428],[0.8048780487804879],[0.7021276595744681],1.0,0.4576271186440678,0.6279069767441855
[0.995579133510168],[0.980836236933798],[0.9665236051502146],0.9947368421052631,0.5338983050847458,0.6948529411764701
[0.9590643274853801],[0.870026525198939],[0.7961165048543689],1.0,0.4576271186440678,0.6279069767441855
[0.8914728682170543],[0.827338129496403],[0.7718120805369127],1.0,0.4505649717514124,0.6212268743914309
[0.9230769230769231],[0.9125475285171102],[0.9022556390977443],1.0,0.4632768361581921,0.6332046332046327
[0.9605263157894737],[0.9012345679012346],[0.8488372093023255],1.0,0.4632768361581921,0.6332046332046327
[0.986784140969163],[0.9491525423728813],[0.9142857142857143],1.0,0.4548022598870056,0.6252427184466014
[0.9239766081871345],[0.7365967365967365],[0.6124031007751938],1.0,0.3375706214689266,0.5047518479408656
[0.9691629955947136],[0.9799554565701558],[0.990990990990991],1.0,0.3855932203389831,0.5565749235474001
[0.9548286604361371],[0.9041297935103245],[0.8585434173669467],0.9812206572769953,0.5903954802259888,0.73721340388007
[0.9297971918876755],[0.9141104294478528],[0.8989441930618401],0.9946666666666667,0.5268361581920904,0.6888273314866108
[0.9473684210526315],[0.8674698795180723],[0.8],0.9895287958115183,0.5338983050847458,0.6935779816513756
[0.9307692307692308],[0.8962962962962964],[0.8642857142857143],0.9945652173913043,0.5169491525423728,0.6802973977695163
[1.0],[0.7818181818181819],[0.6417910447761194],0.9971671388101983,0.4971751412429379,0.6635249764373229
[0.986784140969163],[0.9372384937238494],[0.8924302788844621],0.9969040247678018,0.4548022598870056,0.6246362754607172
[0.9069767441860465],[0.850909090909091],[0.8013698630136986],1.0,0.4406779661016949,0.6117647058823524
[0.9342105263157895],[0.9044585987261147],[0.8765432098765432],1.0,0.4463276836158192,0.6171874999999996
[0.995579133510168],[0.9782797567332755],[0.9615713065755764],0.9849246231155779,0.5536723163841808,0.7088607594936704
[0.9736842105263158],[0.8757396449704142],[0.7956989247311828],0.9897435897435898,0.5451977401129944,0.7030965391621125
[0.9590643274853801],[0.8677248677248677],[0.7922705314009661],1.0,0.4505649717514124,0.6212268743914309
[0.9318181818181818],[0.7592592592592593],[0.640625],1.0,0.4449152542372881,0.6158357771260993
[0.9298245614035088],[0.7517730496453902],[0.6309523809523809],1.0,0.327683615819209,0.49361702127659535
[0.9142857142857143],[0.888888888888889],[0.8648648648648649],1.0,0.3418079096045198,0.5094736842105259
[0.9473684210526315],[0.9411764705882352],[0.935064935064935],1.0,0.3531073446327684,0.5219206680584547
[0.956386292834891],[0.8989751098096632],[0.8480662983425414],0.9810874704491725,0.5861581920903954,0.7338638373121127
[0.9329173166926678],[0.9178818112049117],[0.9033232628398792],0.9919137466307277,0.519774011299435,0.6821130676552358
[0.986784140969163],[0.96137339055794],[0.9372384937238494],0.9919571045576407,0.5225988700564972,0.6845513413506008
[0.8857142857142857],[0.5081967213114754],[0.3563218390804598],1.0,0.4548022598870056,0.6252427184466014
[0.9938107869142352],[0.9639794168096055],[0.9358867610324729],1.0,0.4661016949152542,0.6358381502890168
[0.9973474801061007],[0.9661670235546038],[0.9368770764119602],0.9493891797556719,0.768361581920904,0.8493364558938324
[0.986784140969163],[0.8421052631578948],[0.7344262295081967],0.96,0.711864406779661,0.817518248175182
