,announcements,as_path_max,class,dups,imp_wd,nlri_ann,origin_0,origin_1,timestamp,timestamp2,wd_dups,withdrawals
0,467,13,0,22,92,186,212,0,2001-07-17 00:05:52,995328352,11,164
1,445,14,0,35,166,124,217,0,2001-07-17 00:10:52,995328652,3,104
2,733,14,0,49,263,301,262,0,2001-07-17 00:15:52,995328952,1,142
3,2745,13,0,56,1930,331,318,0,2001-07-17 00:20:52,995329252,7,168
4,803,18,0,80,348,229,308,0,2001-07-17 00:25:52,995329552,5,162
5,998,16,0,107,369,319,230,0,2001-07-17 00:30:52,995329852,6,208
6,922,15,0,128,478,317,279,0,2001-07-17 00:35:52,995330152,17,220
7,803,15,0,129,443,231,247,0,2001-07-17 00:40:52,995330452,2,116
8,1732,14,0,69,1422,310,292,0,2001-07-17 00:45:52,995330752,41,213
9,892,17,0,48,517,398,288,0,2001-07-17 00:50:52,995331052,4,153
10,662,14,0,47,349,190,302,0,2001-07-17 00:55:52,995331352,5,144
11,1191,14,0,89,687,315,427,0,2001-07-17 01:00:52,995331652,4,271
12,701,14,0,45,299,274,246,0,2001-07-17 01:05:52,995331952,6,180
13,1154,13,0,39,697,364,301,0,2001-07-17 01:10:52,995332252,2,194
14,446,14,0,54,226,118,219,0,2001-07-17 01:15:52,995332552,1,116
15,657,14,0,40,349,251,249,0,2001-07-17 01:20:52,995332852,1,123
16,733,14,0,46,427,230,269,0,2001-07-17 01:25:52,995333152,14,153
17,826,13,0,73,508,230,257,0,2001-07-17 01:30:52,995333452,4,152
18,1126,14,0,146,608,401,215,0,2001-07-17 01:35:52,995333752,1,149
19,941,16,0,53,554,209,382,0,2001-07-17 01:40:52,995334052,0,130
20,1124,14,0,147,563,311,369,0,2001-07-17 01:45:52,995334352,23,146
21,1713,17,0,188,977,554,384,0,2001-07-17 01:50:52,995334652,1,158
22,628,16,0,69,380,191,264,0,2001-07-17 01:55:52,995334952,0,184
23,316,15,0,34,172,117,167,0,2001-07-17 02:00:52,995335252,0,40
24,470,17,0,33,270,172,227,0,2001-07-17 02:05:52,995335552,3,104
25,491,15,0,26,340,185,200,0,2001-07-17 02:10:52,995335852,0,107
26,622,15,0,81,359,160,203,0,2001-07-17 02:15:52,995336152,1,105
27,1131,14,0,19,781,289,225,0,2001-07-17 02:20:52,995336452,1,167
28,347,15,0,37,188,135,221,0,2001-07-17 02:25:52,995336752,0,79
29,1026,14,0,46,435,413,296,0,2001-07-17 02:30:52,995337052,2,194
30,1088,15,0,56,799,358,368,0,2001-07-17 02:35:52,995337352,7,128
31,1874,17,0,130,1246,583,486,0,2001-07-17 02:40:52,995337652,8,144
32,864,14,0,71,515,237,323,0,2001-07-17 02:45:52,995337952,9,211
33,1328,15,0,164,668,328,372,0,2001-07-17 02:50:52,995338252,0,226
34,1098,13,0,34,908,280,366,0,2001-07-17 02:55:52,995338552,10,248
35,1022,14,0,64,553,268,336,0,2001-07-17 03:00:52,995338852,0,186
36,2965,15,0,252,2487,445,289,0,2001-07-17 03:05:52,995339152,1,122
37,6190,22,0,65,3042,3054,1237,0,2001-07-17 03:10:52,995339452,29,275
38,470,16,0,35,284,132,221,0,2001-07-17 03:15:52,995339752,3,71
39,498,15,0,49,299,179,203,0,2001-07-17 03:20:52,995340052,26,129
40,814,12,0,49,545,187,301,0,2001-07-17 03:25:52,995340352,11,83
41,725,20,0,26,500,249,280,0,2001-07-17 03:30:52,995340652,11,140
42,634,14,0,79,348,273,203,0,2001-07-17 03:35:52,995340952,1,64
43,867,11,0,28,502,397,311,0,2001-07-17 03:40:52,995341252,0,105
44,547,14,0,26,365,191,220,0,2001-07-17 03:45:52,995341552,2,94
45,669,15,0,17,381,174,278,0,2001-07-17 03:50:52,995341852,1,141
46,513,16,0,51,260,187,232,0,2001-07-17 03:55:52,995342152,2,114
47,559,15,0,39,337,221,301,0,2001-07-17 04:00:52,995342452,5,110
48,1472,13,0,99,896,367,413,0,2001-07-17 04:05:52,995342752,2,199
49,1570,14,0,136,1125,295,289,0,2001-07-17 04:10:52,995343052,5,143
50,929,14,0,66,541,253,289,0,2001-07-17 04:15:52,995343352,3,137
51,1065,14,0,103,547,296,361,0,2001-07-17 04:20:52,995343652,7,219
52,2026,16,0,52,998,856,494,0,2001-07-17 04:25:52,995343952,22,304
53,802,16,0,39,491,291,352,0,2001-07-17 04:30:52,995344252,10,163
54,792,18,0,47,448,288,349,0,2001-07-17 04:35:52,995344552,23,201
55,515,13,0,29,342,183,209,0,2001-07-17 04:40:52,995344852,5,101
56,914,14,0,62,665,291,366,0,2001-07-17 04:45:52,995345152,4,116
57,2076,15,0,323,1007,583,325,0,2001-07-17 04:50:52,995345452,23,156
58,1771,19,0,93,1414,310,255,0,2001-07-17 04:55:52,995345752,1,296
59,1236,15,0,64,767,396,395,0,2001-07-17 05:00:52,995346052,1,249
60,2506,15,0,211,1593,479,605,0,2001-07-17 05:05:52,995346352,103,422
61,1351,17,0,166,814,489,509,0,2001-07-17 05:10:52,995346652,22,286
62,1077,17,0,72,805,302,281,0,2001-07-17 05:15:52,995346952,2,243
63,722,14,0,66,382,193,267,0,2001-07-17 05:20:52,995347252,1,126
64,1852,14,0,146,1282,349,422,0,2001-07-17 05:25:52,995347552,5,165
65,1545,15,0,93,1200,284,435,0,2001-07-17 05:30:52,995347852,0,195
66,2062,13,0,37,1633,341,347,0,2001-07-17 05:35:52,995348152,1,373
67,1934,16,0,118,1544,354,281,0,2001-07-17 05:40:52,995348452,0,419
68,1989,17,0,131,1190,396,456,0,2001-07-17 05:45:52,995348752,0,338
69,1916,15,0,215,1209,390,396,0,2001-07-17 05:50:52,995349052,2,525
70,2675,15,0,468,1430,572,566,0,2001-07-17 05:55:52,995349352,34,781
71,3612,14,0,738,1832,520,458,0,2001-07-17 06:00:52,995349652,8,968
72,1803,12,0,316,819,493,451,0,2001-07-17 06:05:52,995349952,16,516
73,1624,13,0,370,764,382,368,0,2001-07-17 06:10:52,995350252,3,291
74,1578,14,0,356,591,409,379,0,2001-07-17 06:15:52,995350552,10,390
75,1788,14,0,107,845,593,399,0,2001-07-17 06:20:52,995350852,3,506
76,2327,15,0,609,1320,733,399,0,2001-07-17 06:25:52,995351152,5,624
77,1324,14,0,39,498,462,357,0,2001-07-17 06:30:52,995351452,9,161
78,1170,15,0,126,558,360,336,0,2001-07-17 06:35:52,995351752,0,248
79,1113,16,0,54,719,471,321,0,2001-07-17 06:40:52,995352052,5,213
80,980,18,0,75,557,235,279,0,2001-07-17 06:45:52,995352352,6,182
81,2046,16,0,44,1672,312,498,0,2001-07-17 06:50:52,995352652,6,279
82,1676,17,0,90,1254,409,436,0,2001-07-17 06:55:52,995352952,3,251
83,1213,13,0,292,417,462,352,0,2001-07-17 07:00:52,995353252,3,243
84,2036,17,0,117,1487,464,535,0,2001-07-17 07:05:52,995353552,3,292
85,2244,21,0,97,1656,574,553,0,2001-07-17 07:10:52,995353852,49,597
86,2112,16,0,99,1087,750,559,0,2001-07-17 07:15:52,995354152,10,400
87,1168,16,0,91,743,448,366,0,2001-07-17 07:20:52,995354452,5,250
88,2374,16,0,326,1452,438,475,0,2001-07-17 07:25:52,995354752,1,411
89,1254,16,0,110,654,379,369,0,2001-07-17 07:30:52,995355052,1,383
90,851,14,0,44,547,261,336,0,2001-07-17 07:35:52,995355352,34,228
91,1154,15,0,55,615,364,298,0,2001-07-17 07:40:52,995355652,24,399
92,1095,15,0,97,673,256,251,0,2001-07-17 07:45:52,995355952,2,166
93,1026,15,0,92,668,332,371,0,2001-07-17 07:50:52,995356252,2,150
94,3856,14,0,124,2972,700,580,0,2001-07-17 07:55:52,995356552,3,608
95,1518,14,0,32,804,485,528,0,2001-07-17 08:00:52,995356852,1,332
96,1050,14,0,52,672,338,413,0,2001-07-17 08:05:52,995357152,16,218
97,1210,15,0,69,810,451,420,0,2001-07-17 08:10:52,995357452,1,157
98,1492,14,0,172,923,409,428,0,2001-07-17 08:15:52,995357752,10,239
99,4799,16,0,272,1729,2862,1202,9,2001-07-17 08:20:52,995358052,5,867
100,23897,15,0,317,13925,12898,6023,13,2001-07-17 08:25:52,995358352,15,863
101,1236,14,0,34,965,353,349,5,2001-07-17 08:30:52,995358652,4,194
102,4803,12,0,268,3837,1046,624,0,2001-07-17 08:35:52,995358952,2,118
103,3204,15,0,453,2328,847,556,0,2001-07-17 08:40:52,995359252,0,839
104,1049,16,0,60,587,409,393,0,2001-07-17 08:45:52,995359552,3,124
105,2922,14,0,117,2001,1042,445,3,2001-07-17 08:50:52,995359852,3,122
106,1136,13,0,97,777,398,406,0,2001-07-17 08:55:52,995360152,13,190
107,1740,22,0,81,1011,480,596,0,2001-07-17 09:00:52,995360452,16,341
108,995,12,0,115,635,293,366,0,2001-07-17 09:05:52,995360752,1,132
109,3321,22,0,529,2371,1117,497,3,2001-07-17 09:10:52,995361052,1,772
110,2036,15,0,160,1207,777,564,0,2001-07-17 09:15:52,995361352,28,281
111,2580,13,0,100,1706,1017,499,0,2001-07-17 09:20:52,995361652,10,153
112,2798,16,0,96,1748,869,772,0,2001-07-17 09:25:52,995361952,10,807
113,2767,16,0,319,1525,705,965,0,2001-07-17 09:30:52,995362252,18,733
114,1825,17,0,119,1377,592,559,0,2001-07-17 09:35:52,995362552,53,632
115,2912,14,0,103,1729,777,680,0,2001-07-17 09:40:52,995362852,11,470
116,1023,14,0,44,511,320,314,0,2001-07-17 09:45:52,995363152,1,226
117,2986,17,0,160,1913,713,867,0,2001-07-17 09:50:52,995363452,4,646
118,1126,17,0,60,707,449,452,0,2001-07-17 09:55:52,995363752,15,561
119,1540,14,0,99,764,580,460,0,2001-07-17 10:00:52,995364052,0,335
120,1690,16,0,96,1326,542,589,0,2001-07-17 10:05:52,995364352,10,195
121,16215,17,0,67,8748,8050,4917,6,2001-07-17 10:10:52,995364652,2,431
122,3428,22,0,219,2426,1518,858,0,2001-07-17 10:15:52,995364952,3,135
123,893,15,0,97,593,297,285,0,2001-07-17 10:20:52,995365252,4,154
124,3403,12,0,265,2926,491,513,0,2001-07-17 10:25:52,995365552,5,246
125,3013,17,0,350,1745,639,554,0,2001-07-17 10:30:52,995365852,14,906
126,1435,15,0,158,718,481,472,0,2001-07-17 10:35:52,995366152,18,248
127,1262,16,0,141,856,310,402,0,2001-07-17 10:40:52,995366452,33,181
128,1864,13,0,39,1569,356,500,0,2001-07-17 10:45:52,995366752,4,155
129,2823,14,0,128,2272,894,540,0,2001-07-17 10:50:52,995367052,3,235
130,4456,15,0,473,3103,867,596,0,2001-07-17 10:55:52,995367352,3,556
131,989,14,0,39,774,267,424,0,2001-07-17 11:00:52,995367652,2,92
132,1266,15,0,192,771,332,367,0,2001-07-17 11:05:52,995367952,7,209
133,715,13,0,49,444,259,331,0,2001-07-17 11:10:52,995368252,0,128
134,708,17,0,64,357,343,262,0,2001-07-17 11:15:52,995368552,1,122
135,1051,13,0,39,730,304,449,0,2001-07-17 11:20:52,995368852,1,194
136,1587,12,0,126,1156,623,311,0,2001-07-17 11:25:52,995369152,3,196
137,925,13,0,52,645,357,296,0,2001-07-17 11:30:52,995369452,3,143
138,497,13,0,53,343,192,235,0,2001-07-17 11:35:52,995369752,0,76
139,1592,14,0,117,1232,309,401,0,2001-07-17 11:40:52,995370052,1,169
140,577,12,0,33,430,198,295,0,2001-07-17 11:45:52,995370352,12,78
141,681,16,0,48,457,206,273,6,2001-07-17 11:50:52,995370652,16,191
142,849,14,0,74,486,238,285,0,2001-07-17 11:55:52,995370952,5,188
143,499,16,0,28,357,143,312,16,2001-07-17 12:00:52,995371252,3,114
144,863,13,0,26,432,383,343,3,2001-07-17 12:05:52,995371552,3,83
145,784,13,0,77,444,222,250,0,2001-07-17 12:10:52,995371852,44,248
146,1661,14,0,56,1072,520,368,1,2001-07-17 12:15:52,995372152,1,480
147,1241,14,0,46,879,286,294,0,2001-07-17 12:20:52,995372452,1,236
148,1508,15,0,89,1179,302,332,0,2001-07-17 12:25:52,995372752,5,177
149,955,18,0,65,557,247,313,0,2001-07-17 12:30:52,995373052,1,167
150,2230,15,0,66,1173,529,361,2,2001-07-17 12:35:52,995373352,10,428
151,639,15,0,80,360,200,229,0,2001-07-17 12:40:52,995373652,4,137
152,634,13,0,28,440,230,237,0,2001-07-17 12:45:52,995373952,3,167
153,1192,12,0,49,758,306,275,1,2001-07-17 12:50:52,995374252,6,332
154,796,14,0,37,593,270,276,1,2001-07-17 12:55:52,995374552,4,110
155,1007,14,0,84,740,382,379,0,2001-07-17 13:00:52,995374852,14,141
156,995,13,0,122,682,259,240,0,2001-07-17 13:05:52,995375152,4,88
157,693,14,0,34,421,235,284,2,2001-07-17 13:10:52,995375452,14,182
158,2403,13,0,169,1842,423,471,0,2001-07-17 13:15:52,995375752,32,543
159,1759,16,0,138,1097,664,645,0,2001-07-17 13:20:52,995376052,2,181
160,1955,16,0,244,1398,415,534,0,2001-07-17 13:25:52,995376352,12,205
161,826,13,0,101,506,236,327,0,2001-07-17 13:30:52,995376652,1,204
162,1771,12,0,184,1327,403,506,0,2001-07-17 13:35:52,995376952,8,186
163,671,12,0,62,389,256,238,0,2001-07-17 13:40:52,995377252,14,148
164,1267,14,0,112,834,321,427,0,2001-07-17 13:45:52,995377552,9,336
165,1192,12,0,103,761,467,382,0,2001-07-17 13:50:52,995377852,1,291
166,3385,13,0,176,2829,524,552,1,2001-07-17 13:55:52,995378152,8,242
167,2813,20,0,306,1851,484,576,0,2001-07-17 14:00:52,995378452,12,730
168,1666,15,0,145,1174,359,409,0,2001-07-17 14:05:52,995378752,8,161
169,935,14,0,199,505,245,282,0,2001-07-17 14:10:52,995379052,112,318
170,2457,14,0,204,1692,492,465,0,2001-07-17 14:15:52,995379352,8,344
171,996,12,0,235,513,278,270,0,2001-07-17 14:20:52,995379652,2,237
172,1163,12,0,180,645,267,259,0,2001-07-17 14:25:52,995379952,6,273
173,2531,13,0,514,1409,368,487,10,2001-07-17 14:30:52,995380252,2,531
174,958,12,0,61,696,332,264,0,2001-07-17 14:35:52,995380552,2,171
175,1427,14,0,69,1129,350,356,0,2001-07-17 14:40:52,995380852,2,128
176,1060,14,0,65,840,325,396,0,2001-07-17 14:45:52,995381152,0,144
177,862,12,0,85,560,360,288,0,2001-07-17 14:50:52,995381452,55,212
178,1058,12,0,13,600,294,253,0,2001-07-17 14:55:52,995381752,0,383
179,984,14,0,24,640,321,333,0,2001-07-17 15:00:52,995382052,0,235
180,1027,11,0,62,753,261,273,0,2001-07-17 15:05:52,995382352,0,84
181,953,18,0,76,590,281,294,0,2001-07-17 15:10:52,995382652,8,130
182,1088,12,0,45,769,324,335,1,2001-07-17 15:15:52,995382952,9,188
183,911,16,0,42,739,349,266,0,2001-07-17 15:20:52,995383252,5,196
184,845,16,0,42,471,372,277,0,2001-07-17 15:25:52,995383552,2,139
185,593,15,0,48,327,219,248,1,2001-07-17 15:30:52,995383852,22,160
186,1521,15,0,201,861,504,449,0,2001-07-17 15:35:52,995384152,0,130
187,1198,14,0,137,736,332,377,0,2001-07-17 15:40:52,995384452,2,258
188,701,16,0,38,384,304,291,0,2001-07-17 15:45:52,995384752,2,209
189,903,12,0,29,531,362,285,0,2001-07-17 15:50:52,995385052,87,207
190,799,14,0,58,442,296,202,0,2001-07-17 15:55:52,995385352,5,257
191,593,13,0,41,314,265,251,0,2001-07-17 16:00:52,995385652,3,142
192,1141,14,0,199,561,394,320,0,2001-07-17 16:05:52,995385952,18,247
193,653,15,0,25,419,201,252,0,2001-07-17 16:10:52,995386252,2,201
194,611,14,0,30,388,201,258,0,2001-07-17 16:15:52,995386552,1,131
195,1408,13,0,65,386,992,354,0,2001-07-17 16:20:52,995386852,23,245
196,893,13,0,19,574,349,345,0,2001-07-17 16:25:52,995387152,1,91
197,468,14,0,17,324,213,219,0,2001-07-17 16:30:52,995387452,3,65
198,518,14,0,29,338,251,263,0,2001-07-17 16:35:52,995387752,2,148
199,722,16,0,37,483,249,259,0,2001-07-17 16:40:52,995388052,4,187
200,716,13,0,74,485,202,335,0,2001-07-17 16:45:52,995388352,3,117
201,1448,13,0,126,882,314,432,0,2001-07-17 16:50:52,995388652,0,294
202,1889,14,0,149,1193,513,506,3,2001-07-17 16:55:52,995388952,5,327
203,1081,15,0,69,700,236,403,0,2001-07-17 17:00:52,995389252,22,291
204,1079,14,0,115,756,266,337,0,2001-07-17 17:05:52,995389552,4,169
205,772,14,0,81,395,209,352,0,2001-07-17 17:10:52,995389852,0,215
206,777,14,0,54,455,258,335,0,2001-07-17 17:15:52,995390152,2,220
207,1307,14,0,74,986,354,414,0,2001-07-17 17:20:52,995390452,8,294
208,1220,13,0,73,735,471,369,0,2001-07-17 17:25:52,995390752,16,322
209,1056,15,0,94,707,326,365,0,2001-07-17 17:30:52,995391052,0,247
210,1047,15,0,36,601,455,342,0,2001-07-17 17:35:52,995391352,0,242
211,947,17,0,41,598,299,367,0,2001-07-17 17:40:52,995391652,6,208
212,971,14,0,49,655,261,437,0,2001-07-17 17:45:52,995391952,1,211
213,804,14,0,59,476,271,371,0,2001-07-17 17:50:52,995392252,2,192
214,863,13,0,48,561,274,332,0,2001-07-17 17:55:52,995392552,0,170
215,907,18,0,87,631,299,477,0,2001-07-17 18:00:52,995392852,3,219
216,957,16,0,65,574,372,348,0,2001-07-17 18:05:52,995393152,5,168
217,909,12,0,48,570,296,276,0,2001-07-17 18:10:52,995393452,1,163
218,762,13,0,27,554,199,278,0,2001-07-17 18:15:52,995393752,4,131
219,668,12,0,28,471,250,239,0,2001-07-17 18:20:52,995394052,1,126
220,446,10,0,12,293,180,223,0,2001-07-17 18:25:52,995394352,0,184
221,721,14,0,25,507,167,271,0,2001-07-17 18:30:52,995394652,0,139
222,890,13,0,27,620,306,321,0,2001-07-17 18:35:52,995394952,0,114
223,15773,15,0,9,15603,7717,4741,4,2001-07-17 18:40:52,995395252,1,167
224,840,19,0,26,613,272,310,0,2001-07-17 18:45:52,995395552,0,120
225,879,12,0,82,402,339,271,0,2001-07-17 18:50:52,995395852,8,184
226,1451,14,0,131,993,439,385,0,2001-07-17 18:55:52,995396152,1,188
227,945,15,0,25,730,249,390,0,2001-07-17 19:00:52,995396452,3,166
228,766,16,0,29,461,309,282,0,2001-07-17 19:05:52,995396752,3,131
229,1415,14,0,95,802,478,409,0,2001-07-17 19:10:52,995397052,2,145
230,473,21,0,71,296,143,266,0,2001-07-17 19:15:52,995397352,2,105
231,582,20,0,23,324,257,299,0,2001-07-17 19:20:52,995397652,2,75
232,412,14,0,34,278,130,258,0,2001-07-17 19:25:52,995397952,0,67
233,1135,12,0,33,544,695,411,0,2001-07-17 19:30:52,995398252,1,99
234,681,15,0,24,501,238,260,0,2001-07-17 19:35:52,995398552,1,154
235,699,14,0,15,480,269,279,0,2001-07-17 19:40:52,995398852,2,150
236,492,16,0,27,284,176,221,0,2001-07-17 19:45:52,995399152,15,162
237,896,20,0,67,557,240,298,0,2001-07-17 19:50:52,995399452,6,190
238,1060,14,0,63,746,272,389,0,2001-07-17 19:55:52,995399752,5,243
239,562,14,0,41,361,150,230,0,2001-07-17 20:00:52,995400052,3,80
240,772,19,0,42,543,189,263,0,2001-07-17 20:05:52,995400352,3,127
241,879,16,0,85,575,212,314,0,2001-07-17 20:10:52,995400652,3,182
242,1296,21,0,263,774,249,386,0,2001-07-17 20:15:52,995400952,0,241
243,990,15,0,34,701,259,313,0,2001-07-17 20:20:52,995401252,1,294
244,910,12,0,74,565,170,300,0,2001-07-17 20:25:52,995401552,0,174
245,730,19,0,14,443,218,244,0,2001-07-17 20:30:52,995401852,2,164
246,516,14,0,14,288,216,201,0,2001-07-17 20:35:52,995402152,1,108
247,1001,15,0,22,726,273,344,0,2001-07-17 20:40:52,995402452,1,173
248,875,17,0,84,561,265,317,0,2001-07-17 20:45:52,995402752,3,180
249,1034,20,0,67,761,347,295,0,2001-07-17 20:50:52,995403052,32,243
250,1042,17,0,68,645,355,388,0,2001-07-17 20:55:52,995403352,1,281
251,1383,20,0,105,1000,414,458,0,2001-07-17 21:00:52,995403652,20,219
252,1190,14,0,81,808,411,364,0,2001-07-17 21:05:52,995403952,36,175
253,625,18,0,51,394,235,218,0,2001-07-17 21:10:52,995404252,2,165
254,827,20,0,62,592,245,261,0,2001-07-17 21:15:52,995404552,7,284
255,996,20,0,66,559,439,370,0,2001-07-17 21:20:52,995404852,0,273
256,789,15,0,47,471,269,231,0,2001-07-17 21:25:52,995405152,0,216
257,510,20,0,46,340,181,226,0,2001-07-17 21:30:52,995405452,2,61
258,527,14,0,19,342,185,196,0,2001-07-17 21:35:52,995405752,9,123
259,590,15,0,56,244,253,233,0,2001-07-17 21:40:52,995406052,1,165
260,681,20,0,34,377,206,262,0,2001-07-17 21:45:52,995406352,8,111
261,454,15,0,15,275,161,216,0,2001-07-17 21:50:52,995406652,0,102
262,643,13,0,28,447,195,233,0,2001-07-17 21:55:52,995406952,0,119
263,593,15,0,15,432,149,294,0,2001-07-17 22:00:52,995407252,1,94
264,490,14,0,29,284,159,249,0,2001-07-17 22:05:52,995407552,2,92
265,963,14,0,90,677,267,346,0,2001-07-17 22:10:52,995407852,11,271
266,779,18,0,50,613,218,323,0,2001-07-17 22:15:52,995408152,0,124
267,884,14,0,15,631,265,288,0,2001-07-17 22:20:52,995408452,2,167
268,1170,24,0,52,707,323,388,0,2001-07-17 22:25:52,995408752,4,314
269,730,24,0,32,456,288,356,0,2001-07-17 22:30:52,995409052,19,190
270,1134,14,0,58,627,551,373,0,2001-07-17 22:35:52,995409352,73,238
271,684,11,0,88,374,213,288,0,2001-07-17 22:40:52,995409652,2,169
272,928,14,0,108,467,256,378,0,2001-07-17 22:45:52,995409952,1,188
273,969,19,0,20,563,287,327,0,2001-07-17 22:50:52,995410252,0,376
274,459,16,0,16,271,178,233,0,2001-07-17 22:55:52,995410552,3,81
275,595,14,0,20,395,192,308,0,2001-07-17 23:00:52,995410852,2,249
276,556,15,0,12,366,190,261,0,2001-07-17 23:05:52,995411152,1,135
277,565,14,0,30,337,167,248,0,2001-07-17 23:10:52,995411452,2,148
278,601,14,0,12,419,193,255,0,2001-07-17 23:15:52,995411752,0,181
279,451,16,0,26,295,131,236,0,2001-07-17 23:20:52,995412052,2,102
280,482,14,0,94,261,133,266,0,2001-07-17 23:25:52,995412352,1,105
281,356,15,0,8,213,103,201,0,2001-07-17 23:30:52,995412652,1,139
282,808,13,0,55,347,383,267,0,2001-07-17 23:35:52,995412952,2,131
283,672,17,0,24,522,356,243,0,2001-07-17 23:40:52,995413252,0,120
284,1226,17,0,35,959,437,372,0,2001-07-17 23:45:52,995413552,0,181
285,490,15,0,45,281,186,236,4,2001-07-17 23:50:52,995413852,3,188
286,584,20,0,80,353,229,307,14,2001-07-17 23:55:52,995414152,1,106
287,752,11,0,143,459,317,320,0,2001-07-18 00:00:52,995414452,3,131
288,13,7,0,0,9,13,7,0,2001-07-18 00:05:52,995414752,0,1
289,2126,15,0,15,788,522,291,0,2001-07-18 00:05:59,995414759,48,790
290,872,15,0,35,500,201,348,0,2001-07-18 00:10:59,995415059,1,241
291,1509,13,0,37,871,523,315,0,2001-07-18 00:15:59,995415359,27,199
292,1099,15,0,34,625,322,337,2,2001-07-18 00:20:59,995415659,1,221
293,2044,13,0,668,765,552,316,1,2001-07-18 00:25:59,995415959,35,1252
294,791,14,0,21,408,297,308,0,2001-07-18 00:30:59,995416259,4,183
295,1641,15,0,82,766,460,354,0,2001-07-18 00:35:59,995416559,6,194
296,732,13,0,41,316,240,255,0,2001-07-18 00:40:59,995416859,1,195
297,689,13,0,72,411,177,266,0,2001-07-18 00:45:59,995417159,4,154
298,2112,14,0,584,1074,465,295,0,2001-07-18 00:50:59,995417459,0,964
299,366,13,0,37,194,161,195,0,2001-07-18 00:55:59,995417759,9,99
300,779,14,0,27,387,343,326,0,2001-07-18 01:00:59,995418059,1,160
301,1658,16,0,38,503,895,323,0,2001-07-18 01:05:59,995418359,1,126
302,1630,14,0,214,683,418,446,0,2001-07-18 01:10:59,995418659,8,175
303,841,12,0,27,518,443,366,0,2001-07-18 01:15:59,995418959,2,189
304,572,17,0,74,295,200,250,0,2001-07-18 01:20:59,995419259,6,124
305,949,17,0,49,684,557,290,0,2001-07-18 01:25:59,995419559,5,116
306,13626,15,0,15,6521,7694,3657,9,2001-07-18 01:30:59,995419859,5,87
307,3790,14,0,511,2912,2700,1028,1,2001-07-18 01:35:59,995420159,0,160
308,679,12,0,49,390,244,272,0,2001-07-18 01:40:59,995420459,1,159
309,673,16,0,28,391,227,249,0,2001-07-18 01:45:59,995420759,0,141
310,1805,14,0,73,1113,782,317,0,2001-07-18 01:50:59,995421059,22,122
311,746,15,0,58,435,373,381,0,2001-07-18 01:55:59,995421359,1,126
312,1322,14,0,58,763,655,344,0,2001-07-18 02:00:59,995421659,1,133
313,811,15,0,52,523,201,305,0,2001-07-18 02:05:59,995421959,12,150
314,1189,15,0,99,729,359,508,0,2001-07-18 02:10:59,995422259,0,213
315,1032,14,0,87,717,256,358,0,2001-07-18 02:15:59,995422559,9,217
316,568,14,0,28,367,169,242,0,2001-07-18 02:20:59,995422859,2,107
317,556,15,0,23,331,192,234,0,2001-07-18 02:25:59,995423159,9,159
318,1018,15,0,99,655,272,384,0,2001-07-18 02:30:59,995423459,27,147
319,1237,14,0,45,722,463,439,1,2001-07-18 02:35:59,995423759,1,236
320,1389,17,0,106,715,595,357,1,2001-07-18 02:40:59,995424059,5,171
321,662,17,0,75,348,275,265,0,2001-07-18 02:45:59,995424359,1,134
322,517,16,0,21,283,144,239,0,2001-07-18 02:50:59,995424659,0,121
323,1405,16,0,30,1047,361,361,0,2001-07-18 02:55:59,995424959,58,253
324,2563,16,0,45,1342,671,505,0,2001-07-18 03:00:59,995425259,29,977
325,1131,18,0,132,651,406,303,0,2001-07-18 03:05:59,995425559,3,441
326,372,11,0,20,213,160,206,0,2001-07-18 03:10:59,995425859,1,72
327,550,16,0,27,304,218,309,0,2001-07-18 03:15:59,995426159,1,194
328,622,13,0,87,400,196,301,0,2001-07-18 03:20:59,995426459,3,77
329,648,14,0,62,385,222,278,0,2001-07-18 03:25:59,995426759,0,117
330,909,15,0,40,562,356,349,0,2001-07-18 03:30:59,995427059,10,214
331,1019,13,0,27,579,347,325,0,2001-07-18 03:35:59,995427359,115,499
332,1033,14,0,64,385,469,388,0,2001-07-18 03:40:59,995427659,3,189
333,515,13,0,13,336,176,238,0,2001-07-18 03:45:59,995427959,1,227
334,1333,13,0,88,730,531,408,0,2001-07-18 03:50:59,995428259,0,100
335,688,13,0,23,417,187,241,0,2001-07-18 03:55:59,995428559,5,236
336,464,16,0,25,286,156,278,0,2001-07-18 04:00:59,995428859,3,100
337,1212,12,0,61,907,444,330,0,2001-07-18 04:05:59,995429159,0,210
338,537,14,0,25,313,180,292,0,2001-07-18 04:10:59,995429459,4,123
339,533,15,0,41,359,157,271,0,2001-07-18 04:15:59,995429759,3,133
340,596,15,0,35,351,192,258,0,2001-07-18 04:20:59,995430059,9,157
341,897,18,0,114,371,318,309,0,2001-07-18 04:25:59,995430359,11,184
342,834,18,0,45,373,302,218,0,2001-07-18 04:30:59,995430659,1,245
343,774,15,0,81,468,200,336,0,2001-07-18 04:35:59,995430959,0,112
344,399,15,0,17,220,182,175,0,2001-07-18 04:40:59,995431259,0,144
345,450,11,0,24,227,154,210,0,2001-07-18 04:45:59,995431559,17,88
346,753,18,0,135,419,229,266,0,2001-07-18 04:50:59,995431859,25,200
347,640,13,0,20,425,163,240,0,2001-07-18 04:55:59,995432159,2,121
348,752,21,0,100,374,245,347,0,2001-07-18 05:00:59,995432459,6,86
349,737,14,0,40,509,309,305,0,2001-07-18 05:05:59,995432759,1,130
350,964,15,0,179,573,298,346,0,2001-07-18 05:10:59,995433059,1,180
351,1255,13,0,77,908,445,339,0,2001-07-18 05:15:59,995433359,1,162
352,658,21,0,36,451,192,295,0,2001-07-18 05:20:59,995433659,4,147
353,2439,24,0,58,1358,751,555,0,2001-07-18 05:25:59,995433959,7,332
354,664,15,0,48,352,261,300,0,2001-07-18 05:30:59,995434259,1,188
355,532,14,0,30,233,191,169,5,2001-07-18 05:35:59,995434559,4,171
356,865,15,0,70,512,272,245,8,2001-07-18 05:40:59,995434859,1,142
357,730,15,0,20,299,351,302,0,2001-07-18 05:45:59,995435159,4,222
358,1306,18,0,70,498,568,381,0,2001-07-18 05:50:59,995435459,11,286
359,476,19,0,24,252,150,223,0,2001-07-18 05:55:59,995435759,1,96
360,659,21,0,31,397,241,330,0,2001-07-18 06:00:59,995436059,20,164
361,797,24,0,52,468,204,342,0,2001-07-18 06:05:59,995436359,5,184
362,579,25,0,36,375,187,294,0,2001-07-18 06:10:59,995436659,10,144
363,820,18,0,51,513,234,352,0,2001-07-18 06:15:59,995436959,0,119
364,1373,18,0,45,482,785,372,0,2001-07-18 06:20:59,995437259,1,177
365,1194,14,0,31,830,542,370,0,2001-07-18 06:25:59,995437559,0,132
366,1053,13,0,27,829,583,246,0,2001-07-18 06:30:59,995437859,9,106
367,436,15,0,25,262,147,205,0,2001-07-18 06:35:59,995438159,0,95
368,564,23,0,35,330,187,275,0,2001-07-18 06:40:59,995438459,3,103
369,1029,24,0,34,768,395,280,0,2001-07-18 06:45:59,995438759,7,151
370,695,13,0,37,422,208,357,0,2001-07-18 06:50:59,995439059,13,167
371,1072,16,0,100,489,309,346,0,2001-07-18 06:55:59,995439359,1,123
372,654,16,0,37,350,267,290,0,2001-07-18 07:00:59,995439659,4,116
373,636,15,0,31,312,199,320,3,2001-07-18 07:05:59,995439959,0,209
374,889,16,0,58,514,261,411,14,2001-07-18 07:10:59,995440259,19,199
375,1315,14,0,51,778,443,434,0,2001-07-18 07:15:59,995440559,9,171
376,1646,18,0,147,838,463,482,0,2001-07-18 07:20:59,995440859,5,311
377,1901,17,0,111,1021,688,551,0,2001-07-18 07:25:59,995441159,29,725
378,1044,17,0,38,524,497,394,0,2001-07-18 07:30:59,995441459,175,409
379,661,21,0,30,423,220,288,0,2001-07-18 07:35:59,995441759,62,411
380,823,21,0,53,561,184,337,0,2001-07-18 07:40:59,995442059,3,143
381,980,15,0,121,603,337,409,1,2001-07-18 07:45:59,995442359,3,222
382,1342,16,0,78,808,450,483,0,2001-07-18 07:50:59,995442659,35,399
383,598,19,0,24,381,200,266,0,2001-07-18 07:55:59,995442959,12,80
384,797,15,0,96,444,211,293,0,2001-07-18 08:00:59,995443259,8,152
385,893,22,0,36,549,289,248,0,2001-07-18 08:05:59,995443559,1,107
386,1608,13,0,166,667,810,335,0,2001-07-18 08:10:59,995443859,1,136
387,1247,13,0,75,565,589,302,0,2001-07-18 08:15:59,995444159,1,106
388,1045,14,0,49,747,448,309,0,2001-07-18 08:20:59,995444459,1,270
389,870,14,0,80,428,287,288,0,2001-07-18 08:25:59,995444759,5,244
390,1408,14,0,333,594,601,490,0,2001-07-18 08:30:59,995445059,7,125
391,869,15,0,51,546,285,321,0,2001-07-18 08:35:59,995445359,8,294
392,2150,14,0,82,1339,473,539,0,2001-07-18 08:40:59,995445659,26,228
393,1268,14,0,62,901,324,405,0,2001-07-18 08:45:59,995445959,0,183
394,588,14,0,55,334,189,283,0,2001-07-18 08:50:59,995446259,10,144
395,948,18,0,34,532,393,306,0,2001-07-18 08:55:59,995446559,0,125
396,757,22,0,86,430,265,373,0,2001-07-18 09:00:59,995446859,5,162
397,490,24,0,29,284,203,215,0,2001-07-18 09:05:59,995447159,1,98
398,1261,14,0,46,728,365,433,0,2001-07-18 09:10:59,995447459,4,137
399,923,14,0,37,708,384,335,0,2001-07-18 09:15:59,995447759,12,210
400,1274,14,0,42,614,491,390,0,2001-07-18 09:20:59,995448059,10,155
401,1161,14,0,37,715,330,340,0,2001-07-18 09:25:59,995448359,5,736
402,466,15,0,24,282,199,228,0,2001-07-18 09:30:59,995448659,1,110
403,639,11,0,35,432,175,312,0,2001-07-18 09:35:59,995448959,12,131
404,493,11,0,29,323,161,252,0,2001-07-18 09:40:59,995449259,2,125
405,15756,12,0,1869,7331,3265,813,5,2001-07-18 09:45:59,995449559,9,971
406,3612,14,0,41,3442,2726,356,1,2001-07-18 09:50:59,995449859,12,5218
407,616,14,0,27,371,236,279,0,2001-07-18 09:55:59,995450159,24,179
408,3598,16,0,105,1702,1997,728,0,2001-07-18 10:00:59,995450459,7,427
409,1403,18,0,113,974,1014,403,0,2001-07-18 10:05:59,995450759,1,76
410,642,13,0,42,385,222,263,0,2001-07-18 10:10:59,995451059,6,122
411,516,10,0,36,336,184,213,2,2001-07-18 10:15:59,995451359,6,116
412,441,13,0,49,255,136,181,0,2001-07-18 10:20:59,995451659,0,109
413,597,13,0,30,371,177,284,0,2001-07-18 10:25:59,995451959,3,138
414,545,14,0,21,318,155,246,0,2001-07-18 10:30:59,995452259,0,102
415,393,15,0,23,212,131,231,2,2001-07-18 10:35:59,995452559,3,100
416,436,16,0,24,221,167,187,0,2001-07-18 10:40:59,995452859,0,68
417,1284,15,0,13,749,510,349,0,2001-07-18 10:45:59,995453159,37,267
418,479,17,0,41,262,203,214,0,2001-07-18 10:50:59,995453459,0,142
419,1600,17,0,23,581,945,374,0,2001-07-18 10:55:59,995453759,0,390
420,1242,16,0,41,939,829,294,0,2001-07-18 11:00:59,995454059,28,75
421,635,16,0,35,385,165,235,0,2001-07-18 11:05:59,995454359,2,65
422,829,17,0,49,508,214,309,0,2001-07-18 11:10:59,995454659,36,178
423,693,14,0,45,436,247,292,0,2001-07-18 11:15:59,995454959,1,143
424,1758,15,0,76,1333,621,484,1,2001-07-18 11:20:59,995455259,11,253
425,1713,16,0,50,1326,704,295,2,2001-07-18 11:25:59,995455559,10,178
426,1604,15,0,327,1076,512,339,0,2001-07-18 11:30:59,995455859,19,698
427,1281,15,0,28,487,649,302,2,2001-07-18 11:35:59,995456159,7,106
428,992,17,0,63,698,260,392,2,2001-07-18 11:40:59,995456459,10,186
429,2016,17,0,88,1180,514,693,0,2001-07-18 11:45:59,995456759,21,330
430,1553,20,0,55,974,417,470,0,2001-07-18 11:50:59,995457059,14,346
431,872,15,0,64,489,275,392,0,2001-07-18 11:55:59,995457359,8,102
432,501,12,0,22,332,172,251,0,2001-07-18 12:00:59,995457659,4,71
433,617,14,0,69,402,170,321,0,2001-07-18 12:05:59,995457959,4,86
434,661,13,0,32,463,206,288,0,2001-07-18 12:10:59,995458259,4,99
435,102102,22,0,16000,1458,101492,34413,65,2001-07-18 12:15:59,995458559,19,146
436,804,14,0,59,591,202,275,0,2001-07-18 12:20:59,995458859,1,147
437,930,15,0,65,635,266,399,4,2001-07-18 12:25:59,995459159,16,179
438,1785,25,0,133,1356,300,418,7,2001-07-18 12:30:59,995459459,1,126
439,446,17,0,24,339,139,253,0,2001-07-18 12:35:59,995459759,1,83
440,440,9,0,46,269,110,154,0,2001-07-18 12:40:59,995460059,0,68
441,733,13,0,51,491,226,241,0,2001-07-18 12:45:59,995460359,44,158
442,1051,14,0,95,429,283,364,7,2001-07-18 12:50:59,995460659,11,146
443,590,16,0,72,379,189,214,0,2001-07-18 12:55:59,995460959,1,109
444,663,13,0,30,494,185,374,3,2001-07-18 13:00:59,995461259,4,151
445,769,24,0,74,506,230,360,0,2001-07-18 13:05:59,995461559,9,191
446,676,16,0,100,430,235,282,0,2001-07-18 13:10:59,995461859,8,105
447,344,14,0,35,176,144,139,0,2001-07-18 13:15:59,995462159,11,146
448,388,11,0,14,246,131,218,0,2001-07-18 13:20:59,995462459,5,87
449,778,17,0,53,539,363,319,1,2001-07-18 13:25:59,995462759,6,108
450,997,17,0,94,693,484,335,0,2001-07-18 13:30:59,995463059,10,180
451,1313,16,0,154,956,288,450,0,2001-07-18 13:35:59,995463359,39,300
452,599,13,0,32,433,179,302,1,2001-07-18 13:40:59,995463659,1,123
453,856,16,0,116,425,253,381,0,2001-07-18 13:45:59,995463959,2,137
454,834,13,0,45,493,213,350,0,2001-07-18 13:50:59,995464259,29,229
455,1095,19,0,77,813,314,334,0,2001-07-18 13:55:59,995464559,19,118
456,880,16,0,63,621,386,348,0,2001-07-18 14:00:59,995464859,6,234
457,626,16,0,30,437,163,254,0,2001-07-18 14:05:59,995465159,0,146
458,850,14,0,38,590,217,299,0,2001-07-18 14:10:59,995465459,4,138
459,1187,15,0,131,737,382,427,0,2001-07-18 14:15:59,995465759,0,134
460,975,14,0,43,724,250,372,0,2001-07-18 14:20:59,995466059,1,122
461,1070,14,0,105,621,300,360,0,2001-07-18 14:25:59,995466359,4,288
462,1222,15,0,49,617,742,360,1,2001-07-18 14:30:59,995466659,1,126
463,1352,14,0,52,826,386,387,0,2001-07-18 14:35:59,995466959,9,215
464,714,13,0,62,533,223,290,0,2001-07-18 14:40:59,995467259,8,123
465,785,14,0,44,565,275,326,0,2001-07-18 14:45:59,995467559,1,116
466,1127,17,0,58,773,434,459,0,2001-07-18 14:50:59,995467859,1,115
467,1036,14,0,30,717,310,344,0,2001-07-18 14:55:59,995468159,3,128
468,1081,13,0,63,776,330,420,0,2001-07-18 15:00:59,995468459,9,234
469,711,11,0,29,481,237,299,2,2001-07-18 15:05:59,995468759,4,136
470,1371,19,0,87,1036,361,473,2,2001-07-18 15:10:59,995469059,1,186
471,540,18,0,83,332,178,231,0,2001-07-18 15:15:59,995469359,3,74
472,1337,13,0,56,1117,507,369,0,2001-07-18 15:20:59,995469659,1,122
473,1226,14,0,216,864,589,403,3,2001-07-18 15:25:59,995469959,1,130
474,712,14,0,68,508,223,269,0,2001-07-18 15:30:59,995470259,4,103
475,805,15,0,76,579,401,298,2,2001-07-18 15:35:59,995470559,11,120
476,733,12,0,53,527,258,290,0,2001-07-18 15:40:59,995470859,3,118
477,1604,18,0,107,1234,810,493,2,2001-07-18 15:45:59,995471159,8,290
478,701,16,0,60,493,264,281,2,2001-07-18 15:50:59,995471459,0,113
479,1274,13,0,58,1054,611,373,0,2001-07-18 15:55:59,995471759,1,207
480,770,13,0,38,524,326,252,4,2001-07-18 16:00:59,995472059,15,124
481,568,13,0,29,312,206,226,0,2001-07-18 16:05:59,995472359,7,116
482,623,16,0,32,435,219,312,0,2001-07-18 16:10:59,995472659,7,161
483,739,14,0,38,550,215,306,0,2001-07-18 16:15:59,995472959,3,160
484,2149,11,0,28,942,1694,664,0,2001-07-18 16:20:59,995473259,2,69
485,1624,15,0,60,958,685,322,0,2001-07-18 16:25:59,995473559,0,119
486,3478,18,0,40,2554,2287,1110,0,2001-07-18 16:30:59,995473859,44,732
487,933,13,0,16,672,445,299,0,2001-07-18 16:35:59,995474159,1,161
488,1521,13,0,70,1174,710,476,0,2001-07-18 16:40:59,995474459,5,234
489,883,14,0,78,645,318,351,1,2001-07-18 16:45:59,995474759,1,126
490,722,14,0,43,566,227,327,4,2001-07-18 16:50:59,995475059,2,145
491,726,13,0,108,473,257,289,9,2001-07-18 16:55:59,995475359,7,110
492,871,11,0,80,647,379,295,5,2001-07-18 17:00:59,995475659,5,110
493,1390,14,0,42,1054,542,312,0,2001-07-18 17:05:59,995475959,0,418
494,1225,15,0,27,544,515,297,0,2001-07-18 17:10:59,995476259,3,357
495,782,13,0,44,542,293,355,0,2001-07-18 17:15:59,995476559,16,107
496,719,15,0,42,535,191,298,0,2001-07-18 17:20:59,995476859,13,179
497,725,14,0,32,418,222,290,0,2001-07-18 17:25:59,995477159,0,169
498,460,12,0,40,327,156,221,0,2001-07-18 17:30:59,995477459,3,114
499,1140,17,0,46,856,279,333,0,2001-07-18 17:35:59,995477759,1,126
500,575,18,0,28,366,195,217,9,2001-07-18 17:40:59,995478059,0,97
501,639,13,0,28,414,274,254,0,2001-07-18 17:45:59,995478359,0,112
502,910,17,0,111,522,292,310,0,2001-07-18 17:50:59,995478659,11,198
503,1141,13,0,92,745,269,368,0,2001-07-18 17:55:59,995478959,2,253
504,1036,17,0,70,708,234,367,0,2001-07-18 18:00:59,995479259,0,297
505,682,14,0,44,483,203,295,0,2001-07-18 18:05:59,995479559,6,98
506,962,14,0,88,572,286,247,0,2001-07-18 18:10:59,995479859,3,251
507,1007,15,0,68,699,268,371,0,2001-07-18 18:15:59,995480159,0,158
508,952,18,0,89,716,232,319,0,2001-07-18 18:20:59,995480459,2,223
509,1291,20,0,52,922,347,486,0,2001-07-18 18:25:59,995480759,1,92
510,860,13,0,50,664,280,327,0,2001-07-18 18:30:59,995481059,13,199
511,885,12,0,123,558,311,238,0,2001-07-18 18:35:59,995481359,4,60
512,1259,15,0,42,685,552,411,0,2001-07-18 18:40:59,995481659,0,420
513,1030,21,0,204,475,359,381,0,2001-07-18 18:45:59,995481959,1,129
514,665,20,0,28,575,163,257,0,2001-07-18 18:50:59,995482259,6,76
515,806,20,0,204,475,367,301,0,2001-07-18 18:55:59,995482559,0,116
516,1261,16,0,80,957,364,450,0,2001-07-18 19:00:59,995482859,25,194
517,1083,13,0,58,568,482,348,0,2001-07-18 19:05:59,995483159,0,360
518,549,13,0,60,333,192,240,0,2001-07-18 19:10:59,995483459,6,149
519,910,13,0,171,441,385,315,0,2001-07-18 19:15:59,995483759,91,224
520,3402,13,0,48,3136,1698,1105,0,2001-07-18 19:20:59,995484059,3,116
521,575,15,0,37,375,207,238,0,2001-07-18 19:25:59,995484359,1,101
522,572,14,0,22,423,215,230,0,2001-07-18 19:30:59,995484659,1,102
523,676,14,0,51,437,227,242,0,2001-07-18 19:35:59,995484959,0,143
524,506,12,0,23,355,223,188,0,2001-07-18 19:40:59,995485259,97,215
525,4734,14,0,89,3360,2501,1098,0,2001-07-18 19:45:59,995485559,6,744
526,2783,15,0,213,2197,994,629,0,2001-07-18 19:50:59,995485859,20,470
527,1734,15,0,126,1338,686,422,0,2001-07-18 19:55:59,995486159,4,249
528,1023,14,0,74,740,459,376,0,2001-07-18 20:00:59,995486459,0,180
529,1150,14,0,179,715,508,386,0,2001-07-18 20:05:59,995486759,0,308
530,1055,14,0,83,643,403,348,0,2001-07-18 20:10:59,995487059,3,164
531,2773,15,0,727,1563,864,539,0,2001-07-18 20:15:59,995487359,2,252
532,665,13,0,40,366,274,284,0,2001-07-18 20:20:59,995487659,3,177
533,1627,14,0,42,1142,487,515,0,2001-07-18 20:25:59,995487959,0,135
534,1839,15,0,126,1498,569,451,0,2001-07-18 20:30:59,995488259,1,197
535,913,18,0,62,623,451,258,0,2001-07-18 20:35:59,995488559,3,118
536,610,23,0,22,268,339,287,0,2001-07-18 20:40:59,995488859,5,84
537,648,16,0,34,517,258,243,0,2001-07-18 20:45:59,995489159,0,102
538,878,16,0,27,699,352,335,0,2001-07-18 20:50:59,995489459,7,153
539,1316,14,0,84,815,406,377,0,2001-07-18 20:55:59,995489759,6,342
540,1703,14,0,141,1142,668,393,10,2001-07-18 21:00:59,995490059,29,140
541,1144,13,0,159,675,450,377,5,2001-07-18 21:05:59,995490359,3,268
542,1400,22,0,106,923,479,431,0,2001-07-18 21:10:59,995490659,1,364
543,778,13,0,53,510,347,255,8,2001-07-18 21:15:59,995490959,0,211
544,475,17,0,25,343,212,218,0,2001-07-18 21:20:59,995491259,3,109
545,692,11,0,132,359,328,261,3,2001-07-18 21:25:59,995491559,1,258
546,1350,11,0,54,938,384,372,0,2001-07-18 21:30:59,995491859,3,306
547,879,10,0,42,629,306,227,0,2001-07-18 21:35:59,995492159,0,188
548,1245,11,0,259,728,304,289,0,2001-07-18 21:40:59,995492459,1,152
549,1018,13,0,42,787,316,316,0,2001-07-18 21:45:59,995492759,11,230
550,946,14,0,65,700,359,412,0,2001-07-18 21:50:59,995493059,0,134
551,925,12,0,60,666,305,325,4,2001-07-18 21:55:59,995493359,0,162
552,1115,11,0,86,866,397,318,2,2001-07-18 22:00:59,995493659,1,156
553,501,12,0,16,395,197,163,0,2001-07-18 22:05:59,995493959,6,81
554,824,15,0,61,584,346,286,1,2001-07-18 22:10:59,995494259,4,70
555,1116,13,0,45,711,340,371,0,2001-07-18 22:15:59,995494559,0,184
556,1016,14,0,59,725,372,292,0,2001-07-18 22:20:59,995494859,29,204
557,453,14,0,119,226,179,179,0,2001-07-18 22:25:59,995495159,3,78
558,447,21,0,46,313,152,183,0,2001-07-18 22:30:59,995495459,1,87
559,548,13,0,89,327,229,184,0,2001-07-18 22:35:59,995495759,0,89
560,604,11,0,35,410,208,182,0,2001-07-18 22:40:59,995496059,11,110
561,572,12,0,28,439,155,218,0,2001-07-18 22:45:59,995496359,0,95
562,408,11,0,33,222,193,182,0,2001-07-18 22:50:59,995496659,4,59
563,401,14,0,44,286,143,161,0,2001-07-18 22:55:59,995496959,0,55
564,371,14,0,20,255,130,181,0,2001-07-18 23:00:59,995497259,8,91
565,599,15,0,64,393,142,272,0,2001-07-18 23:05:59,995497559,3,114
566,1111,12,0,30,913,362,299,0,2001-07-18 23:10:59,995497859,0,212
567,587,13,0,21,406,263,244,0,2001-07-18 23:15:59,995498159,0,83
568,631,10,0,46,505,236,220,0,2001-07-18 23:20:59,995498459,0,85
569,922,16,0,23,192,484,194,0,2001-07-18 23:25:59,995498759,1,32
570,478,14,0,20,306,203,203,0,2001-07-18 23:30:59,995499059,0,51
571,1051,13,0,20,574,696,324,0,2001-07-18 23:35:59,995499359,2,610
572,759,14,0,49,587,134,216,0,2001-07-18 23:40:59,995499659,0,324
573,470,17,0,44,291,147,212,0,2001-07-18 23:45:59,995499959,0,81
574,378,17,0,14,264,135,179,0,2001-07-18 23:50:59,995500259,0,75
575,873,15,0,37,761,243,226,0,2001-07-18 23:55:59,995500559,2,68
576,322,15,0,41,238,121,186,0,2001-07-19 00:00:59,995500859,0,53
577,701,15,0,25,257,287,239,0,2001-07-19 00:06:11,995501171,2,115
578,1824,12,0,53,167,1516,346,0,2001-07-19 00:11:11,995501471,2,391
579,404,11,0,22,268,119,189,0,2001-07-19 00:16:11,995501771,2,85
580,510,15,0,24,290,183,201,0,2001-07-19 00:21:11,995502071,5,88
581,500,12,0,19,247,152,171,0,2001-07-19 00:26:11,995502371,2,87
582,3687,16,0,165,1051,1086,1057,11,2001-07-19 00:31:11,995502671,6,126
583,3379,17,0,42,2808,1360,994,9,2001-07-19 00:36:11,995502971,2,480
584,1108,16,0,51,552,521,322,0,2001-07-19 00:41:11,995503271,8,1077
585,1509,14,0,46,896,382,491,0,2001-07-19 00:46:11,995503571,0,159
586,326,14,0,21,201,101,172,0,2001-07-19 00:51:11,995503871,0,47
587,360,11,0,27,176,138,159,0,2001-07-19 00:56:11,995504171,1,55
588,424,13,0,48,255,133,235,0,2001-07-19 01:01:11,995504471,18,88
589,657,13,0,73,282,202,275,1,2001-07-19 01:06:11,995504771,6,166
590,526,14,0,28,225,193,225,0,2001-07-19 01:11:11,995505071,1,52
591,317,13,0,5,223,96,150,0,2001-07-19 01:16:11,995505371,2,52
592,988,13,0,33,599,242,309,0,2001-07-19 01:21:11,995505671,0,67
593,478,17,0,26,252,127,189,0,2001-07-19 01:26:11,995505971,4,90
594,814,14,0,45,414,214,200,0,2001-07-19 01:31:11,995506271,0,179
595,400,17,0,16,263,152,195,0,2001-07-19 01:36:11,995506571,2,104
596,259,15,0,14,172,94,120,0,2001-07-19 01:41:11,995506871,11,77
597,893,19,0,150,518,256,246,0,2001-07-19 01:46:11,995507171,91,167
598,345,13,0,26,165,126,154,0,2001-07-19 01:51:11,995507471,0,70
599,587,17,0,24,304,244,190,0,2001-07-19 01:56:11,995507771,0,85
600,819,20,0,25,463,258,245,0,2001-07-19 02:01:11,995508071,0,106
601,730,15,0,29,440,249,180,0,2001-07-19 02:06:11,995508371,1,202
602,503,12,0,34,272,189,166,0,2001-07-19 02:11:11,995508671,0,67
603,1828,15,0,70,991,735,353,0,2001-07-19 02:16:11,995508971,0,115
604,1271,16,0,182,696,427,304,0,2001-07-19 02:21:11,995509271,3,271
605,917,14,0,91,543,309,222,0,2001-07-19 02:26:11,995509571,2,161
606,653,20,0,32,359,153,198,0,2001-07-19 02:31:11,995509871,1,61
607,774,16,0,63,465,237,208,0,2001-07-19 02:36:11,995510171,2,142
608,1467,15,0,65,1159,752,340,0,2001-07-19 02:41:11,995510471,63,229
609,646,17,0,32,422,189,235,0,2001-07-19 02:46:11,995510771,5,140
610,335,13,0,39,198,134,153,0,2001-07-19 02:51:11,995511071,5,59
611,696,14,0,56,356,174,268,0,2001-07-19 02:56:11,995511371,0,126
612,639,16,0,36,378,185,261,0,2001-07-19 03:01:11,995511671,3,132
613,408,15,0,30,273,136,196,0,2001-07-19 03:06:11,995511971,3,89
614,1382,14,0,86,685,593,448,0,2001-07-19 03:11:11,995512271,1,134
615,276,19,0,25,165,86,135,0,2001-07-19 03:16:11,995512571,0,40
616,1363,21,0,63,636,302,414,0,2001-07-19 03:21:11,995512871,27,344
617,983,21,0,100,432,283,434,0,2001-07-19 03:26:11,995513171,12,221
618,791,17,0,30,284,536,257,0,2001-07-19 03:31:11,995513471,15,106
619,897,16,0,25,280,546,287,0,2001-07-19 03:36:11,995513771,14,249
620,1078,17,0,21,565,754,252,0,2001-07-19 03:41:11,995514071,3,272
621,1054,16,0,157,722,521,408,0,2001-07-19 03:46:11,995514371,2,67
622,343,20,0,13,217,114,193,0,2001-07-19 03:51:11,995514671,3,74
623,961,14,0,16,521,296,302,0,2001-07-19 03:56:11,995514971,0,106
624,808,14,0,33,514,217,236,0,2001-07-19 04:01:11,995515271,0,226
625,1265,18,0,52,441,522,371,0,2001-07-19 04:06:11,995515571,1,252
626,520,14,0,22,296,202,258,0,2001-07-19 04:11:11,995515871,5,146
627,519,14,0,14,281,170,225,0,2001-07-19 04:16:11,995516171,1,85
628,1114,13,0,113,599,338,303,0,2001-07-19 04:21:11,995516471,24,222
629,927,10,0,20,710,472,226,0,2001-07-19 04:26:11,995516771,2,122
630,541,13,0,27,231,256,229,0,2001-07-19 04:31:11,995517071,9,75
631,526,11,0,55,252,293,189,0,2001-07-19 04:36:11,995517371,22,233
632,617,14,0,51,249,307,228,2,2001-07-19 04:41:11,995517671,3,65
633,623,22,0,44,387,290,230,0,2001-07-19 04:46:11,995517971,0,163
634,661,24,0,16,309,352,229,0,2001-07-19 04:51:11,995518271,2,84
635,779,11,0,57,323,227,279,0,2001-07-19 04:56:11,995518571,7,111
636,1668,13,0,77,1044,345,454,0,2001-07-19 05:01:11,995518871,0,123
637,1194,15,0,27,716,435,453,0,2001-07-19 05:06:11,995519171,35,212
638,711,14,0,48,508,267,271,0,2001-07-19 05:11:11,995519471,6,85
639,1334,13,0,49,1061,578,299,0,2001-07-19 05:16:11,995519771,51,139
640,661,14,0,21,375,232,264,0,2001-07-19 05:21:11,995520071,18,134
641,1035,13,0,84,504,469,341,0,2001-07-19 05:26:11,995520371,1,153
642,1337,14,0,109,897,363,424,0,2001-07-19 05:31:11,995520671,27,150
643,989,13,0,14,699,361,293,0,2001-07-19 05:36:11,995520971,9,165
644,1393,19,0,110,1021,711,396,0,2001-07-19 05:41:11,995521271,8,368
645,1032,19,0,72,505,326,373,0,2001-07-19 05:46:11,995521571,6,202
646,829,16,0,109,454,310,291,6,2001-07-19 05:51:11,995521871,25,125
647,615,12,0,45,357,267,228,0,2001-07-19 05:56:11,995522171,3,104
648,762,12,0,54,551,315,266,0,2001-07-19 06:01:11,995522471,10,102
649,457,12,0,34,204,246,189,0,2001-07-19 06:06:11,995522771,15,79
650,716,18,0,20,503,219,310,0,2001-07-19 06:11:11,995523071,8,107
651,779,14,0,107,399,279,335,0,2001-07-19 06:16:11,995523371,4,193
652,600,17,0,40,382,189,312,0,2001-07-19 06:21:11,995523671,15,131
653,505,11,0,39,274,145,264,0,2001-07-19 06:26:11,995523971,29,98
654,1533,15,0,62,1007,369,589,0,2001-07-19 06:31:11,995524271,11,262
655,1608,15,0,38,895,446,440,0,2001-07-19 06:36:11,995524571,142,432
656,997,15,0,119,650,266,234,0,2001-07-19 06:41:11,995524871,6,185
657,1827,13,0,23,1211,396,376,0,2001-07-19 06:46:11,995525171,11,257
658,2386,13,0,22,2127,365,405,0,2001-07-19 06:51:11,995525471,14,117
659,1108,11,0,41,796,282,273,0,2001-07-19 06:56:11,995525771,13,282
660,2144,15,0,193,1309,529,467,0,2001-07-19 07:01:11,995526071,65,359
661,1182,15,0,125,658,285,334,0,2001-07-19 07:06:11,995526371,4,325
662,1442,14,0,96,888,479,290,0,2001-07-19 07:11:11,995526671,4,322
663,968,12,0,91,494,377,413,0,2001-07-19 07:16:11,995526971,77,345
664,1315,18,0,64,805,451,523,0,2001-07-19 07:21:11,995527271,2,166
665,1640,14,0,143,896,670,464,0,2001-07-19 07:26:11,995527571,1,285
666,1570,14,0,101,623,682,471,0,2001-07-19 07:31:11,995527871,24,311
667,1857,17,0,178,1018,916,391,0,2001-07-19 07:36:11,995528171,7,263
668,2044,13,0,171,1043,719,609,0,2001-07-19 07:41:11,995528471,6,364
669,1269,14,0,43,838,516,299,1,2001-07-19 07:46:11,995528771,4,436
670,881,24,0,36,590,317,303,0,2001-07-19 07:51:11,995529071,27,346
671,591,18,0,47,321,204,273,0,2001-07-19 07:56:11,995529371,1,128
672,2002,13,0,40,1255,525,369,0,2001-07-19 08:01:11,995529671,2,449
673,1552,13,0,72,817,608,361,4,2001-07-19 08:06:11,995529971,5,227
674,1806,14,0,87,803,804,450,0,2001-07-19 08:11:11,995530271,7,332
675,2052,16,0,87,1371,752,510,0,2001-07-19 08:16:11,995530571,20,344
676,600,14,0,38,385,222,252,0,2001-07-19 08:21:11,995530871,10,186
677,1196,15,0,121,663,283,361,0,2001-07-19 08:26:11,995531171,7,319
678,2022,13,0,77,1229,502,517,1,2001-07-19 08:31:11,995531471,59,398
679,648,13,0,33,462,192,298,0,2001-07-19 08:36:11,995531771,12,153
680,724,11,0,44,406,293,342,0,2001-07-19 08:41:11,995532071,1,120
681,633,12,0,31,342,231,278,0,2001-07-19 08:46:11,995532371,23,124
682,639,17,0,54,398,230,266,0,2001-07-19 08:51:11,995532671,3,91
683,888,15,0,61,510,342,296,0,2001-07-19 08:56:11,995532971,15,298
684,1573,11,0,144,691,778,441,0,2001-07-19 09:01:11,995533271,5,463
685,758,14,0,41,540,281,253,1,2001-07-19 09:06:11,995533571,2,190
686,983,13,0,17,591,411,313,1,2001-07-19 09:11:11,995533871,0,318
687,1180,11,0,137,775,257,348,0,2001-07-19 09:16:11,995534171,4,166
688,1026,14,0,110,543,371,382,1,2001-07-19 09:21:11,995534471,3,131
689,2085,17,0,154,1296,525,422,2,2001-07-19 09:26:11,995534771,18,127
690,1362,13,0,136,803,455,375,0,2001-07-19 09:31:11,995535071,13,354
691,2749,18,0,117,757,2127,538,0,2001-07-19 09:36:11,995535371,6,403
692,2613,13,0,16,2042,2247,587,0,2001-07-19 09:41:11,995535671,3,129
693,2685,14,0,255,1343,882,551,0,2001-07-19 09:46:11,995535971,221,639
694,1202,13,0,72,729,430,395,0,2001-07-19 09:51:11,995536271,17,208
695,1371,19,0,85,988,363,537,0,2001-07-19 09:56:11,995536571,1,129
696,758,12,1,32,527,248,269,0,2001-07-19 10:01:11,995536871,11,153
697,326,13,1,19,197,117,161,0,2001-07-19 10:06:11,995537171,1,80
698,655,12,1,20,347,295,283,0,2001-07-19 10:11:11,995537471,1,60
699,666,18,1,23,531,311,324,0,2001-07-19 10:16:11,995537771,4,85
700,765,14,1,28,490,241,294,0,2001-07-19 10:21:11,995538071,5,85
701,747,12,1,24,532,301,317,0,2001-07-19 10:26:11,995538371,3,95
702,705,18,1,73,482,234,278,0,2001-07-19 10:31:11,995538671,4,190
703,639,12,1,24,380,270,212,0,2001-07-19 10:36:11,995538971,14,123
704,828,16,1,97,451,244,316,0,2001-07-19 10:41:11,995539271,2,108
705,1165,18,1,64,788,439,390,0,2001-07-19 10:46:11,995539571,4,321
706,1360,16,1,104,752,369,370,0,2001-07-19 10:51:11,995539871,9,336
707,762,14,1,80,419,271,255,0,2001-07-19 10:56:11,995540171,0,136
708,556,12,1,20,263,262,260,0,2001-07-19 11:01:11,995540471,10,75
709,2195,15,1,39,1975,1893,433,0,2001-07-19 11:06:11,995540771,251,391
710,1717,19,1,55,1064,586,769,0,2001-07-19 11:11:11,995541071,19,298
711,3506,20,1,344,1776,1095,922,0,2001-07-19 11:16:11,995541371,139,755
712,1583,18,1,182,862,929,386,0,2001-07-19 11:21:11,995541671,6,138
713,1314,14,1,24,1055,705,362,0,2001-07-19 11:26:11,995541971,4,202
714,1248,16,1,57,854,480,356,0,2001-07-19 11:31:11,995542271,1,66
715,721,14,1,95,442,231,338,0,2001-07-19 11:36:11,995542571,1,168
716,2793,12,1,118,2221,2197,704,0,2001-07-19 11:41:11,995542871,0,123
717,484,16,1,11,337,155,260,0,2001-07-19 11:46:11,995543171,2,95
718,583,13,1,24,373,209,259,0,2001-07-19 11:51:11,995543471,0,95
719,1434,14,1,53,599,504,310,0,2001-07-19 11:56:11,995543771,0,446
720,829,18,1,38,448,289,302,0,2001-07-19 12:01:11,995544071,30,262
721,863,12,1,78,481,270,339,0,2001-07-19 12:06:11,995544371,5,134
722,793,18,1,54,462,289,332,0,2001-07-19 12:11:11,995544671,1,112
723,949,18,1,56,693,306,318,0,2001-07-19 12:16:11,995544971,1,185
724,650,13,1,66,378,196,258,0,2001-07-19 12:21:11,995545271,2,99
725,552,13,1,19,365,162,229,0,2001-07-19 12:26:11,995545571,0,175
726,527,13,1,38,321,168,259,0,2001-07-19 12:31:11,995545871,6,100
727,504,13,1,19,337,151,277,0,2001-07-19 12:36:11,995546171,7,116
728,471,17,1,29,310,148,180,0,2001-07-19 12:41:11,995546471,0,102
729,919,17,1,130,479,331,323,0,2001-07-19 12:46:11,995546771,1,198
730,688,17,1,36,436,224,316,0,2001-07-19 12:51:11,995547071,0,99
731,421,15,1,23,277,156,216,0,2001-07-19 12:56:11,995547371,0,120
732,585,16,1,23,420,228,246,0,2001-07-19 13:01:11,995547671,4,105
733,840,11,1,25,438,449,251,0,2001-07-19 13:06:11,995547971,0,128
734,864,15,1,39,641,472,246,7,2001-07-19 13:11:11,995548271,1,101
735,763,15,1,39,503,307,309,3,2001-07-19 13:16:11,995548571,11,146
736,454,15,1,17,292,175,221,0,2001-07-19 13:21:11,995548871,1,75
737,970,18,1,78,632,256,328,0,2001-07-19 13:26:11,995549171,2,124
738,606,19,1,17,365,224,229,0,2001-07-19 13:31:11,995549471,0,123
739,1536,17,1,95,679,624,456,0,2001-07-19 13:36:11,995549771,73,530
740,1367,15,1,118,610,507,372,0,2001-07-19 13:41:11,995550071,6,418
741,1520,11,1,32,307,1193,245,0,2001-07-19 13:46:11,995550371,0,64
742,2704,16,1,58,1213,1260,827,0,2001-07-19 13:51:11,995550671,5,255
743,793,14,1,42,579,438,338,0,2001-07-19 13:56:11,995550971,0,91
744,12332,14,1,112,4755,8899,1593,0,2001-07-19 14:01:11,995551271,29,732
745,9525,14,1,461,7803,2821,1810,0,2001-07-19 14:06:11,995551571,51,1398
746,8151,15,1,135,3324,5809,1079,0,2001-07-19 14:11:11,995551871,4,6485
747,7472,15,1,78,6318,3153,685,0,2001-07-19 14:16:11,995552171,1,6104
748,5453,17,1,656,3573,830,623,0,2001-07-19 14:21:11,995552471,0,536
749,1665,19,1,79,1221,767,520,0,2001-07-19 14:26:11,995552771,38,386
750,1094,16,1,65,717,349,424,0,2001-07-19 14:31:11,995553071,5,156
751,935,19,1,98,603,273,447,0,2001-07-19 14:36:11,995553371,3,404
752,1054,17,1,173,429,343,418,0,2001-07-19 14:41:11,995553671,0,142
753,1036,19,1,51,739,358,403,0,2001-07-19 14:46:11,995553971,8,256
754,809,14,1,67,510,279,326,0,2001-07-19 14:51:11,995554271,4,150
755,1079,15,1,73,594,378,447,0,2001-07-19 14:56:11,995554571,17,173
756,991,13,1,64,611,326,355,0,2001-07-19 15:01:11,995554871,16,203
757,1055,15,1,69,580,384,386,1,2001-07-19 15:06:11,995555171,4,229
758,728,14,1,51,437,341,257,4,2001-07-19 15:11:11,995555471,1,162
759,4692,17,1,134,3004,1587,970,0,2001-07-19 15:16:11,995555771,21,372
760,11802,14,1,321,4435,5912,1643,18,2001-07-19 15:21:11,995556071,8,579
761,9496,18,1,824,7785,5392,1586,20,2001-07-19 15:26:11,995556371,20,620
762,1712,16,1,91,1188,624,476,0,2001-07-19 15:31:11,995556671,29,3465
763,8442,14,1,145,4885,3571,979,0,2001-07-19 15:36:11,995556971,3,1238
764,1010,15,1,37,729,426,434,0,2001-07-19 15:41:11,995557271,7,5276
765,1421,22,1,88,805,511,382,0,2001-07-19 15:46:11,995557571,5,297
766,1813,17,1,49,1112,682,490,0,2001-07-19 15:51:11,995557871,4,214
767,1517,22,1,132,838,553,542,0,2001-07-19 15:56:11,995558171,34,256
768,1950,12,1,70,1552,515,468,0,2001-07-19 16:01:11,995558471,11,304
769,3159,15,1,52,2532,1432,695,0,2001-07-19 16:06:11,995558771,10,397
770,2505,17,1,217,1689,720,532,1,2001-07-19 16:11:11,995559071,10,353
771,1204,22,1,78,801,475,433,0,2001-07-19 16:16:11,995559371,4,229
772,1214,14,1,78,798,462,399,0,2001-07-19 16:21:11,995559671,23,214
773,5330,19,1,577,2322,1748,970,0,2001-07-19 16:26:11,995559971,9,237
774,4678,20,1,172,3504,2119,979,0,2001-07-19 16:31:11,995560271,19,995
775,2618,14,1,253,1631,1021,655,0,2001-07-19 16:36:11,995560571,17,509
776,4655,14,1,440,2895,1155,831,0,2001-07-19 16:41:11,995560871,19,578
777,2637,14,1,143,1648,727,760,0,2001-07-19 16:46:11,995561171,27,488
778,2983,15,1,419,1826,964,827,0,2001-07-19 16:51:11,995561471,56,835
779,4234,13,1,186,3527,1846,904,0,2001-07-19 16:56:11,995561771,6,393
780,2501,15,1,172,1773,871,835,0,2001-07-19 17:01:11,995562071,11,536
781,4726,16,1,234,3504,2687,1114,0,2001-07-19 17:06:11,995562371,10,993
782,2388,16,1,201,1443,1129,623,1,2001-07-19 17:11:11,995562671,1,545
783,6042,15,1,125,4785,1962,1647,0,2001-07-19 17:16:11,995562971,14,862
784,2584,16,1,97,2067,845,657,0,2001-07-19 17:21:11,995563271,13,275
785,3126,16,1,150,2111,1209,803,0,2001-07-19 17:26:11,995563571,15,804
786,2528,19,1,109,1629,961,691,3,2001-07-19 17:31:11,995563871,128,697
787,2944,13,1,111,1761,1094,850,1,2001-07-19 17:36:11,995564171,5,542
788,2789,17,1,64,2117,1049,802,1,2001-07-19 17:41:11,995564471,5,379
789,2298,16,1,82,1589,892,726,2,2001-07-19 17:46:11,995564771,41,579
790,4057,16,1,149,2752,1679,970,9,2001-07-19 17:51:11,995565071,65,625
791,3043,17,1,139,2356,1203,849,2,2001-07-19 17:56:11,995565371,15,383
792,5531,16,1,226,4176,2222,1472,4,2001-07-19 18:01:11,995565671,19,717
793,7110,16,1,753,4470,2236,1866,0,2001-07-19 18:06:11,995565971,41,1747
794,2477,16,1,90,1634,1058,924,1,2001-07-19 18:11:11,995566271,13,387
795,3537,16,1,206,2363,1466,868,1,2001-07-19 18:16:11,995566571,13,762
796,3819,13,1,201,2595,1424,1101,3,2001-07-19 18:21:11,995566871,31,830
797,3198,16,1,240,2425,1099,950,2,2001-07-19 18:26:11,995567171,23,353
798,2835,14,1,64,2314,1341,889,0,2001-07-19 18:31:11,995567471,42,510
799,3769,14,1,154,2599,2458,971,0,2001-07-19 18:36:11,995567771,13,425
800,3189,16,1,167,2283,1213,1007,3,2001-07-19 18:41:11,995568071,14,576
801,3875,13,1,203,2897,1411,954,1,2001-07-19 18:46:11,995568371,20,490
802,3644,15,1,243,2530,1740,1145,1,2001-07-19 18:51:11,995568671,10,731
803,2974,16,1,201,2104,1247,866,0,2001-07-19 18:56:11,995568971,1,477
804,2822,16,1,189,1848,1365,873,0,2001-07-19 19:01:11,995569271,3,406
805,3147,15,1,88,2598,1353,962,0,2001-07-19 19:06:11,995569571,1,483
806,6426,16,1,456,4593,2645,1628,1,2001-07-19 19:11:11,995569871,2,972
807,7704,15,1,915,5591,2125,1433,6,2001-07-19 19:16:11,995570171,31,731
808,6362,17,1,325,5052,2214,1538,1,2001-07-19 19:21:11,995570471,24,708
809,7736,15,1,218,6597,2123,2031,4,2001-07-19 19:26:11,995570771,26,792
810,6356,14,1,920,4721,1873,1710,0,2001-07-19 19:31:11,995571071,17,1703
811,4923,16,1,401,3213,1632,1419,5,2001-07-19 19:36:11,995571371,74,1496
812,3031,14,1,109,1975,1069,831,0,2001-07-19 19:41:11,995571671,25,905
813,4013,13,1,492,2580,1687,1145,3,2001-07-19 19:46:11,995571971,18,523
814,4922,17,1,170,2729,1772,1463,0,2001-07-19 19:51:11,995572271,2,535
815,4233,13,1,197,3398,1808,1235,0,2001-07-19 19:56:11,995572571,8,641
816,9178,14,0,274,7735,2306,2467,0,2001-07-19 20:01:11,995572871,13,1794
817,5578,17,0,677,3455,1915,1393,2,2001-07-19 20:06:11,995573171,70,753
818,5757,16,0,569,3931,2115,1379,0,2001-07-19 20:11:11,995573471,12,895
819,8048,13,0,697,6217,2156,1888,0,2001-07-19 20:16:11,995573771,59,845
820,5252,16,0,465,3382,1748,1576,2,2001-07-19 20:21:11,995574071,20,1057
821,5153,15,0,791,3034,1812,1179,0,2001-07-19 20:26:11,995574371,2,981
822,4114,14,0,406,2854,1633,1065,0,2001-07-19 20:31:11,995574671,36,829
823,3663,15,0,353,2422,1527,1019,0,2001-07-19 20:36:11,995574971,26,887
824,6574,18,0,293,5348,2510,1338,1,2001-07-19 20:41:11,995575271,1,561
825,4132,20,0,346,3054,1488,1259,2,2001-07-19 20:46:11,995575571,3,659
826,6173,14,0,210,5151,1968,1633,0,2001-07-19 20:51:11,995575871,17,1171
827,3396,15,0,296,2149,1067,986,4,2001-07-19 20:56:11,995576171,49,634
828,5926,17,0,546,4656,1862,1537,1,2001-07-19 21:01:11,995576471,4,527
829,6463,16,0,249,5318,1676,1092,4,2001-07-19 21:06:11,995576771,50,926
830,3421,17,0,196,2478,1124,1135,2,2001-07-19 21:11:11,995577071,7,556
831,3466,16,0,251,2508,1261,892,0,2001-07-19 21:16:11,995577371,2,529
832,5184,15,0,396,3436,2121,1174,2,2001-07-19 21:21:11,995577671,27,603
833,3908,15,0,110,3255,1520,947,0,2001-07-19 21:26:11,995577971,1,566
834,8313,16,0,358,6888,2543,1408,0,2001-07-19 21:31:11,995578271,21,601
835,5048,14,0,190,4040,1982,1393,0,2001-07-19 21:36:11,995578571,5,653
836,5309,16,0,315,4144,1673,1262,8,2001-07-19 21:41:11,995578871,7,899
837,7801,16,0,468,6338,1986,2043,0,2001-07-19 21:46:11,995579171,5,627
838,2753,20,0,57,2134,1026,712,0,2001-07-19 21:51:11,995579471,6,523
839,7066,16,0,547,4615,1372,1005,2,2001-07-19 21:56:11,995579771,4,1932
840,2102,13,0,114,1275,835,781,0,2001-07-19 22:01:11,995580071,8,549
841,2521,16,0,133,1625,987,794,0,2001-07-19 22:06:11,995580371,22,765
842,3760,16,0,112,2796,1718,969,3,2001-07-19 22:11:11,995580671,6,848
843,8471,15,0,812,5579,2030,1148,0,2001-07-19 22:16:11,995580971,6,1665
844,4832,15,0,170,4013,1678,1082,0,2001-07-19 22:21:11,995581271,5,658
845,2673,13,0,186,1815,1052,915,0,2001-07-19 22:26:11,995581571,5,615
846,3200,14,0,79,2214,1123,857,0,2001-07-19 22:31:11,995581871,35,475
847,2407,16,0,111,1707,822,729,0,2001-07-19 22:36:11,995582171,7,311
848,2480,15,0,164,1695,1001,849,0,2001-07-19 22:41:11,995582471,36,491
849,3957,14,0,371,2674,1807,900,0,2001-07-19 22:46:11,995582771,5,704
850,2454,14,0,140,1555,1251,713,0,2001-07-19 22:51:11,995583071,2,447
851,2446,14,0,141,1877,871,675,0,2001-07-19 22:56:11,995583371,3,752
852,4755,15,0,167,4080,1941,1320,0,2001-07-19 23:01:11,995583671,2,372
853,7255,14,0,796,6019,1910,1735,0,2001-07-19 23:06:11,995583971,4,370
854,1617,15,0,84,1119,663,644,0,2001-07-19 23:11:11,995584271,3,265
855,3061,16,0,129,2237,964,706,0,2001-07-19 23:16:11,995584571,0,550
856,2780,15,0,192,2183,956,856,0,2001-07-19 23:21:11,995584871,5,477
857,1712,15,0,85,1217,575,599,0,2001-07-19 23:26:11,995585171,3,387
858,3589,19,0,568,2502,1045,694,0,2001-07-19 23:31:11,995585471,1,481
859,2169,16,0,155,1665,732,510,0,2001-07-19 23:36:11,995585771,1,421
860,2741,15,0,52,2014,1011,829,0,2001-07-19 23:41:11,995586071,0,503
861,2632,14,0,164,1836,1069,572,0,2001-07-19 23:46:11,995586371,4,353
862,2254,15,0,140,1651,787,742,0,2001-07-19 23:51:11,995586671,0,442
863,2649,14,0,262,1892,762,724,0,2001-07-19 23:56:11,995586971,1,482
864,1230,16,0,96,779,393,511,0,2001-07-20 00:01:11,995587271,2,236
865,51,12,0,18,15,49,14,0,2001-07-20 00:06:11,995587571,0,34
866,1306,19,0,41,467,424,495,0,2001-07-20 00:06:27,995587587,11,225
867,1780,15,0,127,784,550,467,0,2001-07-20 00:11:27,995587887,18,249
868,1857,13,0,78,972,685,502,0,2001-07-20 00:16:27,995588187,16,290
869,1149,15,0,86,350,498,372,0,2001-07-20 00:21:27,995588487,8,227
870,1021,13,0,23,500,483,354,0,2001-07-20 00:26:27,995588787,7,240
871,1176,13,0,23,754,454,401,0,2001-07-20 00:31:27,995589087,25,280
872,738,13,0,20,394,353,281,3,2001-07-20 00:36:27,995589387,10,158
873,1638,13,0,76,814,623,334,0,2001-07-20 00:41:27,995589687,5,203
874,993,17,0,77,519,409,292,0,2001-07-20 00:46:27,995589987,0,181
875,991,16,0,55,510,407,434,1,2001-07-20 00:51:27,995590287,8,207
876,8678,16,0,73,582,8018,2559,8,2001-07-20 00:56:27,995590587,54,289
877,8435,15,0,54,8096,7848,2712,3,2001-07-20 01:01:27,995590887,3,190
878,1042,16,0,43,713,480,455,3,2001-07-20 01:06:27,995591187,6,186
879,1644,18,0,126,966,318,472,24,2001-07-20 01:11:27,995591487,10,237
880,606,21,0,24,367,206,289,6,2001-07-20 01:16:27,995591787,3,124
881,855,20,0,38,469,352,386,0,2001-07-20 01:21:27,995592087,1,94
882,1047,15,0,40,624,448,333,0,2001-07-20 01:26:27,995592387,5,214
883,551,14,0,23,336,206,255,0,2001-07-20 01:31:27,995592687,1,133
884,773,15,0,69,493,285,362,3,2001-07-20 01:36:27,995592987,13,206
885,1439,15,0,78,948,352,506,13,2001-07-20 01:41:27,995593287,6,162
886,841,13,0,89,445,233,343,0,2001-07-20 01:46:27,995593587,1,194
887,806,15,0,69,476,227,288,0,2001-07-20 01:51:27,995593887,2,203
888,902,14,0,51,532,311,329,0,2001-07-20 01:56:27,995594187,7,149
889,1134,14,0,24,613,449,312,0,2001-07-20 02:01:27,995594487,4,374
890,1215,13,0,31,355,533,399,1,2001-07-20 02:06:27,995594787,19,235
891,741,12,0,58,413,232,350,13,2001-07-20 02:11:27,995595087,3,115
892,1774,13,0,183,1029,758,569,0,2001-07-20 02:16:27,995595387,0,297
893,1222,13,0,37,727,617,333,0,2001-07-20 02:21:27,995595687,19,128
894,1326,22,0,80,1058,619,442,1,2001-07-20 02:26:27,995595987,100,233
895,2327,15,0,26,1744,786,781,1,2001-07-20 02:31:27,995596287,9,557
896,2054,13,0,25,1343,701,576,0,2001-07-20 02:36:27,995596587,6,299
897,1562,15,0,143,759,553,495,1,2001-07-20 02:41:27,995596887,5,338
898,925,14,0,67,430,450,345,0,2001-07-20 02:46:27,995597187,0,224
899,634,13,0,36,450,182,380,0,2001-07-20 02:51:27,995597487,1,115
900,612,16,0,45,317,192,312,0,2001-07-20 02:56:27,995597787,1,80
901,1387,13,0,62,968,382,395,1,2001-07-20 03:01:27,995598087,21,278
902,2029,12,0,49,589,1389,550,11,2001-07-20 03:06:27,995598387,7,301
903,1613,13,0,31,1289,1294,469,0,2001-07-20 03:11:27,995598687,4,98
904,679,16,0,24,391,307,300,5,2001-07-20 03:16:27,995598987,1,146
905,2295,16,0,157,1423,737,487,8,2001-07-20 03:21:27,995599287,2,524
906,1745,20,0,93,1160,686,430,3,2001-07-20 03:26:27,995599587,89,375
907,1047,14,0,129,582,342,456,0,2001-07-20 03:31:27,995599887,32,224
908,793,19,0,35,364,355,305,0,2001-07-20 03:36:27,995600187,5,228
909,1355,14,0,46,796,497,526,1,2001-07-20 03:41:27,995600487,14,473
910,562,17,0,24,400,159,262,0,2001-07-20 03:46:27,995600787,1,119
911,872,14,0,77,558,300,266,0,2001-07-20 03:51:27,995601087,0,122
912,676,15,0,29,473,262,311,0,2001-07-20 03:56:27,995601387,23,193
913,1385,17,0,82,865,453,405,0,2001-07-20 04:01:27,995601687,0,263
914,1084,15,0,22,771,360,397,0,2001-07-20 04:06:27,995601987,1,250
915,746,17,0,43,479,203,369,0,2001-07-20 04:11:27,995602287,4,143
916,770,17,0,41,483,222,316,1,2001-07-20 04:16:27,995602587,16,115
917,1175,16,0,105,667,528,374,0,2001-07-20 04:21:27,995602887,47,157
918,746,15,0,48,354,266,285,1,2001-07-20 04:26:27,995603187,2,154
919,533,17,0,35,300,213,251,0,2001-07-20 04:31:27,995603487,3,180
920,739,17,0,65,366,222,296,0,2001-07-20 04:36:27,995603787,11,175
921,854,15,0,30,511,239,352,0,2001-07-20 04:41:27,995604087,3,203
922,610,13,0,40,354,168,301,0,2001-07-20 04:46:27,995604387,5,193
923,548,11,0,17,334,179,233,0,2001-07-20 04:51:27,995604687,4,128
924,716,16,0,22,469,209,365,0,2001-07-20 04:56:27,995604987,2,163
925,650,11,0,36,407,207,288,0,2001-07-20 05:01:27,995605287,6,100
926,855,14,0,44,585,302,346,0,2001-07-20 05:06:27,995605587,10,241
927,719,11,0,34,483,211,319,0,2001-07-20 05:11:27,995605887,3,144
928,523,13,0,26,325,208,256,0,2001-07-20 05:16:27,995606187,1,120
929,835,14,0,35,468,319,349,0,2001-07-20 05:21:27,995606487,2,152
930,650,15,0,31,367,186,287,0,2001-07-20 05:26:27,995606787,2,217
931,618,14,0,23,382,177,296,0,2001-07-20 05:31:27,995607087,8,129
932,2426,17,0,78,669,1361,803,0,2001-07-20 05:36:27,995607387,3,237
933,1649,15,0,25,647,849,617,0,2001-07-20 05:41:27,995607687,5,740
934,1782,16,0,24,1497,924,359,0,2001-07-20 05:46:27,995607987,3,143
935,662,14,0,25,393,211,240,0,2001-07-20 05:51:27,995608287,3,100
936,647,12,0,20,458,233,246,0,2001-07-20 05:56:27,995608587,0,96
937,661,11,0,31,405,284,284,0,2001-07-20 06:01:27,995608887,2,131
938,830,12,0,49,548,307,341,0,2001-07-20 06:06:27,995609187,0,121
939,776,16,0,39,492,258,274,0,2001-07-20 06:11:27,995609487,1,144
940,612,15,0,19,383,243,251,0,2001-07-20 06:16:27,995609787,5,172
941,822,15,0,24,475,366,350,0,2001-07-20 06:21:27,995610087,4,182
942,880,17,0,59,559,322,323,0,2001-07-20 06:26:27,995610387,4,222
943,860,20,0,34,583,310,298,0,2001-07-20 06:31:27,995610687,1,91
944,634,16,0,48,333,271,252,0,2001-07-20 06:36:27,995610987,15,187
945,681,13,0,17,389,251,225,0,2001-07-20 06:41:27,995611287,0,86
946,480,13,0,31,302,159,200,0,2001-07-20 06:46:27,995611587,0,60
947,483,15,0,22,309,188,231,0,2001-07-20 06:51:27,995611887,2,78
948,814,15,0,29,530,279,257,0,2001-07-20 06:56:27,995612187,2,223
949,1157,16,0,18,633,378,351,0,2001-07-20 07:01:27,995612487,2,169
950,1478,15,0,203,873,442,386,0,2001-07-20 07:06:27,995612787,35,277
951,468,12,0,20,289,170,213,0,2001-07-20 07:11:27,995613087,1,105
952,648,12,0,24,367,217,296,0,2001-07-20 07:16:27,995613387,0,121
953,413,11,0,15,277,180,158,0,2001-07-20 07:21:27,995613687,1,98
954,2274,15,0,57,375,1906,450,1,2001-07-20 07:26:27,995613987,2,80
955,2515,15,0,125,767,1220,561,16,2001-07-20 07:31:27,995614287,27,187
956,657,14,0,35,420,265,274,5,2001-07-20 07:36:27,995614587,3,99
957,3477,16,0,159,1375,1850,878,0,2001-07-20 07:41:27,995614887,29,1289
958,3257,18,0,77,1541,1532,826,1,2001-07-20 07:46:27,995615187,31,1850
959,773,14,0,62,537,230,317,2,2001-07-20 07:51:27,995615487,4,126
960,2172,17,0,106,1214,1014,685,0,2001-07-20 07:56:27,995615787,7,2164
961,598,18,0,44,327,234,305,1,2001-07-20 08:01:27,995616087,8,510
962,667,15,0,64,327,213,283,0,2001-07-20 08:06:27,995616387,7,149
963,456,15,0,41,257,155,244,0,2001-07-20 08:11:27,995616687,7,107
964,1768,17,0,96,937,413,407,0,2001-07-20 08:16:27,995616987,45,391
965,1061,13,0,44,445,364,358,0,2001-07-20 08:21:27,995617287,13,141
966,849,16,0,27,639,269,309,0,2001-07-20 08:26:27,995617587,3,107
967,714,12,0,26,494,251,314,0,2001-07-20 08:31:27,995617887,1,96
968,532,14,0,35,350,190,241,0,2001-07-20 08:36:27,995618187,1,105
969,818,11,0,65,448,342,325,0,2001-07-20 08:41:27,995618487,3,251
970,575,14,0,37,337,309,252,0,2001-07-20 08:46:27,995618787,4,115
971,780,17,0,38,547,222,310,0,2001-07-20 08:51:27,995619087,6,123
972,958,11,0,53,575,265,408,0,2001-07-20 08:56:27,995619387,1,201
973,478,11,0,17,305,190,215,0,2001-07-20 09:01:27,995619687,21,101
974,3085,13,0,297,1288,703,500,0,2001-07-20 09:06:27,995619987,3,1008
975,1039,13,0,49,673,505,311,0,2001-07-20 09:11:27,995620287,2,572
976,657,12,0,65,326,272,237,0,2001-07-20 09:16:27,995620587,9,165
977,979,15,0,105,642,327,396,0,2001-07-20 09:21:27,995620887,6,145
978,1167,14,0,134,798,399,402,0,2001-07-20 09:26:27,995621187,1,222
979,1209,14,0,64,521,599,385,0,2001-07-20 09:31:27,995621487,3,182
980,1471,16,0,107,873,676,445,0,2001-07-20 09:36:27,995621787,18,211
981,819,14,0,61,502,342,363,0,2001-07-20 09:41:27,995622087,29,282
982,761,16,0,63,449,306,368,0,2001-07-20 09:46:27,995622387,0,126
983,1168,13,0,34,813,482,382,0,2001-07-20 09:51:27,995622687,1,267
984,1045,14,0,57,615,311,510,1,2001-07-20 09:56:27,995622987,5,209
985,1260,12,0,67,950,410,406,0,2001-07-20 10:01:27,995623287,3,473
986,822,14,0,66,535,318,390,0,2001-07-20 10:06:27,995623587,4,136
987,849,15,0,25,509,339,331,0,2001-07-20 10:11:27,995623887,10,131
988,423,13,0,18,264,185,221,0,2001-07-20 10:16:27,995624187,9,115
989,804,17,0,147,466,241,335,0,2001-07-20 10:21:27,995624487,2,57
990,756,15,0,39,592,382,327,0,2001-07-20 10:26:27,995624787,0,133
991,835,15,0,90,588,326,334,0,2001-07-20 10:31:27,995625087,0,151
992,934,15,0,56,634,291,326,0,2001-07-20 10:36:27,995625387,11,117
993,573,11,0,23,387,176,202,0,2001-07-20 10:41:27,995625687,3,135
994,728,12,0,40,528,254,253,0,2001-07-20 10:46:27,995625987,7,149
995,743,13,0,44,450,343,307,0,2001-07-20 10:51:27,995626287,4,108
996,3647,17,0,79,2701,1459,988,0,2001-07-20 10:56:27,995626587,2,686
997,920,14,0,61,540,376,340,0,2001-07-20 11:01:27,995626887,2,129
998,1004,13,0,23,732,311,259,0,2001-07-20 11:06:27,995627187,2,89
999,769,12,0,14,633,333,266,0,2001-07-20 11:11:27,995627487,10,88
1000,578,17,0,41,391,175,321,0,2001-07-20 11:16:27,995627787,6,92
1001,931,13,0,57,603,297,402,0,2001-07-20 11:21:27,995628087,13,177
1002,925,13,0,40,389,419,295,0,2001-07-20 11:26:27,995628387,4,176
1003,1209,14,0,109,576,432,394,0,2001-07-20 11:31:27,995628687,5,172
1004,1287,14,0,40,941,493,399,0,2001-07-20 11:36:27,995628987,1,141
1005,21174,15,0,68,440,20665,7643,3,2001-07-20 11:41:27,995629287,11,151
1006,420,15,0,18,271,149,243,0,2001-07-20 11:46:27,995629587,5,69
1007,980,12,0,73,727,235,313,0,2001-07-20 11:51:27,995629887,20,167
1008,479,11,0,36,290,185,226,0,2001-07-20 11:56:27,995630187,4,151
1009,732,14,0,101,421,263,251,0,2001-07-20 12:01:27,995630487,2,271
1010,1027,13,0,55,677,324,283,0,2001-07-20 12:06:27,995630787,2,201
1011,624,12,0,57,439,232,308,0,2001-07-20 12:11:27,995631087,1,125
1012,1040,12,0,80,664,309,366,0,2001-07-20 12:16:27,995631387,2,173
1013,752,14,0,37,516,233,301,0,2001-07-20 12:21:27,995631687,1,94
1014,1248,15,0,52,922,372,559,0,2001-07-20 12:26:27,995631987,0,153
1015,1373,15,0,43,837,404,515,0,2001-07-20 12:31:27,995632287,6,119
1016,1072,13,0,25,812,429,407,0,2001-07-20 12:36:27,995632587,2,172
1017,657,13,0,46,370,245,321,0,2001-07-20 12:41:27,995632887,2,155
1018,685,14,0,43,427,221,343,0,2001-07-20 12:46:27,995633187,1,110
1019,888,14,0,33,703,310,423,0,2001-07-20 12:51:27,995633487,7,131
1020,1013,14,0,26,847,336,437,0,2001-07-20 12:56:27,995633787,3,122
1021,708,14,0,32,444,263,308,0,2001-07-20 13:01:27,995634087,2,147
1022,22452,18,0,94,528,21807,5417,7,2001-07-20 13:06:27,995634387,0,106
1023,11251,18,0,92,847,10337,3233,1,2001-07-20 13:11:27,995634687,3,194
1024,1430,15,0,77,812,337,449,0,2001-07-20 13:16:27,995634987,95,372
1025,1092,14,0,35,810,504,420,0,2001-07-20 13:21:27,995635287,6,190
1026,2806,11,0,146,971,864,522,0,2001-07-20 13:26:27,995635587,33,251
1027,790,14,0,78,463,339,335,0,2001-07-20 13:31:27,995635887,1,15016
1028,1344,15,0,133,618,768,481,0,2001-07-20 13:36:27,995636187,2,1566
1029,23027,18,0,58,736,22200,5706,5,2001-07-20 13:41:27,995636487,12,6058
1030,1211,16,0,59,847,666,394,0,2001-07-20 13:46:27,995636787,11,29815
1031,1331,13,0,72,806,393,435,0,2001-07-20 13:51:27,995637087,21,323
1032,1149,16,0,108,769,409,401,0,2001-07-20 13:56:27,995637387,2,114
1033,1098,17,0,58,789,400,346,0,2001-07-20 14:01:27,995637687,1,390
1034,1102,16,0,77,728,386,471,0,2001-07-20 14:06:27,995637987,3,693
1035,1044,16,0,54,649,468,416,0,2001-07-20 14:11:27,995638287,26,1062
1036,763,13,0,61,539,257,343,0,2001-07-20 14:16:27,995638587,2,113
1037,655,11,0,41,510,212,300,0,2001-07-20 14:21:27,995638887,4,60
1038,580,12,0,76,384,187,290,0,2001-07-20 14:26:27,995639187,4,92
1039,587,11,0,38,335,170,262,0,2001-07-20 14:31:27,995639487,2,165
1040,511,12,0,68,279,202,174,0,2001-07-20 14:36:27,995639787,0,50
1041,632,17,0,56,405,161,326,0,2001-07-20 14:41:27,995640087,10,121
1042,583,16,0,64,327,149,292,0,2001-07-20 14:46:27,995640387,1,166
1043,454,17,0,36,316,148,228,0,2001-07-20 14:51:27,995640687,2,76
1044,571,17,0,21,403,188,257,0,2001-07-20 14:56:27,995640987,0,135
1045,593,15,0,58,314,245,273,0,2001-07-20 15:01:27,995641287,4,95
1046,803,14,0,62,451,283,294,0,2001-07-20 15:06:27,995641587,0,143
1047,536,13,0,48,317,212,227,0,2001-07-20 15:11:27,995641887,3,152
1048,747,17,0,59,392,285,306,0,2001-07-20 15:16:27,995642187,1,101
1049,2803,19,0,170,1461,1203,773,0,2001-07-20 15:21:27,995642487,5,688
1050,755,13,0,51,294,262,284,0,2001-07-20 15:26:27,995642787,36,193
1051,533,12,0,37,320,184,256,0,2001-07-20 15:31:27,995643087,9,139
1052,628,16,0,39,375,202,262,0,2001-07-20 15:36:27,995643387,4,120
1053,790,16,0,46,465,300,313,0,2001-07-20 15:41:27,995643687,1,171
1054,996,12,0,54,755,339,353,0,2001-07-20 15:46:27,995643987,2,108
1055,770,14,0,19,372,291,258,0,2001-07-20 15:51:27,995644287,22,211
1056,2336,11,0,608,1164,594,268,0,2001-07-20 15:56:27,995644587,3,175
1057,704,13,0,37,421,290,260,0,2001-07-20 16:01:27,995644887,10,174
1058,879,14,0,32,560,359,330,0,2001-07-20 16:06:27,995645187,12,207
1059,1066,14,0,30,926,510,287,1,2001-07-20 16:11:27,995645487,2,175
1060,610,16,0,79,323,254,292,0,2001-07-20 16:16:27,995645787,17,171
1061,1147,11,0,117,652,344,329,0,2001-07-20 16:21:27,995646087,16,275
1062,1095,12,0,139,725,374,301,0,2001-07-20 16:26:27,995646387,6,192
1063,558,12,0,36,382,184,250,0,2001-07-20 16:31:27,995646687,2,141
1064,505,13,0,75,268,185,180,0,2001-07-20 16:36:27,995646987,0,57
1065,471,15,0,33,291,183,219,0,2001-07-20 16:41:27,995647287,1,102
1066,556,16,0,48,274,265,205,0,2001-07-20 16:46:27,995647587,2,143
1067,4870,13,0,384,2741,1250,1006,0,2001-07-20 16:51:27,995647887,37,412
1068,1778,13,0,267,1258,802,470,0,2001-07-20 16:56:27,995648187,10,198
1069,771,14,0,45,413,290,244,0,2001-07-20 17:01:27,995648487,2,259
1070,295,10,0,19,164,131,163,0,2001-07-20 17:06:27,995648787,2,78
1071,460,12,0,29,265,177,204,0,2001-07-20 17:11:27,995649087,1,114
1072,510,13,0,39,345,184,254,0,2001-07-20 17:16:27,995649387,5,124
1073,1534,15,0,140,1017,525,294,0,2001-07-20 17:21:27,995649687,12,443
1074,2087,15,0,139,1181,475,450,0,2001-07-20 17:26:27,995649987,7,418
1075,856,11,0,48,464,267,269,0,2001-07-20 17:31:27,995650287,4,155
1076,373,16,0,24,184,162,192,0,2001-07-20 17:36:27,995650587,7,93
1077,407,13,0,44,234,142,216,0,2001-07-20 17:41:27,995650887,5,95
1078,463,15,0,59,242,168,206,0,2001-07-20 17:46:27,995651187,0,126
1079,551,14,0,32,310,256,259,0,2001-07-20 17:51:27,995651487,8,134
1080,662,14,0,44,431,154,333,0,2001-07-20 17:56:27,995651787,2,138
1081,659,16,0,33,429,170,278,0,2001-07-20 18:01:27,995652087,9,95
1082,767,16,0,66,397,242,362,0,2001-07-20 18:06:27,995652387,13,161
1083,617,20,0,59,433,214,311,0,2001-07-20 18:11:27,995652687,7,66
1084,895,19,0,117,529,286,524,0,2001-07-20 18:16:27,995652987,6,72
1085,1216,20,0,124,866,307,643,0,2001-07-20 18:21:27,995653287,3,206
1086,917,13,0,50,655,275,434,0,2001-07-20 18:26:27,995653587,23,196
1087,590,16,0,22,389,253,319,0,2001-07-20 18:31:27,995653887,1,127
1088,455,14,0,40,323,135,257,0,2001-07-20 18:36:27,995654187,0,55
1089,370,13,0,20,244,107,215,0,2001-07-20 18:41:27,995654487,1,74
1090,760,13,0,46,402,343,259,0,2001-07-20 18:46:27,995654787,3,193
1091,443,11,0,31,283,172,167,0,2001-07-20 18:51:27,995655087,2,80
1092,488,15,0,35,282,213,229,0,2001-07-20 18:56:27,995655387,1,126
1093,552,16,0,48,269,257,258,0,2001-07-20 19:01:27,995655687,4,193
1094,470,13,0,34,287,166,237,0,2001-07-20 19:06:27,995655987,1,103
1095,1057,14,0,156,632,226,218,0,2001-07-20 19:11:27,995656287,1,231
1096,505,15,0,50,259,180,250,0,2001-07-20 19:16:27,995656587,1,66
1097,663,16,0,28,445,191,285,0,2001-07-20 19:21:27,995656887,7,94
1098,370,19,0,18,250,151,162,0,2001-07-20 19:26:27,995657187,0,78
1099,833,18,0,56,423,330,242,0,2001-07-20 19:31:27,995657487,7,113
1100,898,13,0,66,614,317,343,0,2001-07-20 19:36:27,995657787,4,203
1101,497,23,0,33,262,235,254,0,2001-07-20 19:41:27,995658087,2,108
1102,451,15,0,23,301,161,256,0,2001-07-20 19:46:27,995658387,0,94
1103,681,13,0,36,385,253,348,0,2001-07-20 19:51:27,995658687,26,175
1104,1185,14,0,64,764,488,374,0,2001-07-20 19:56:27,995658987,29,258
1105,814,15,0,76,505,300,328,0,2001-07-20 20:01:27,995659287,14,151
1106,773,15,0,157,426,282,311,0,2001-07-20 20:06:27,995659587,0,153
1107,999,15,0,105,586,297,362,0,2001-07-20 20:11:27,995659887,14,282
1108,681,15,0,47,384,228,282,0,2001-07-20 20:16:27,995660187,8,102
1109,766,15,0,60,502,225,364,0,2001-07-20 20:21:27,995660487,1,136
1110,850,13,0,66,578,315,287,0,2001-07-20 20:26:27,995660787,12,152
1111,690,14,0,42,400,240,261,0,2001-07-20 20:31:27,995661087,3,172
1112,953,15,0,42,653,430,317,0,2001-07-20 20:36:27,995661387,2,185
1113,768,14,0,79,478,242,299,0,2001-07-20 20:41:27,995661687,3,207
1114,733,16,0,24,479,288,274,0,2001-07-20 20:46:27,995661987,9,142
1115,600,17,0,99,364,222,292,0,2001-07-20 20:51:27,995662287,3,78
1116,473,19,0,25,347,189,251,0,2001-07-20 20:56:27,995662587,8,114
1117,831,19,0,43,551,283,260,5,2001-07-20 21:01:27,995662887,2,131
1118,482,12,0,44,306,192,159,0,2001-07-20 21:06:27,995663187,12,95
1119,700,11,0,97,367,217,287,0,2001-07-20 21:11:27,995663487,6,89
1120,388,14,0,25,273,122,229,12,2001-07-20 21:16:27,995663787,0,70
1121,345,11,0,41,242,133,171,0,2001-07-20 21:21:27,995664087,8,53
1122,606,15,0,66,399,164,223,0,2001-07-20 21:26:27,995664387,2,102
1123,668,16,0,45,498,254,281,0,2001-07-20 21:31:27,995664687,1,156
1124,983,16,0,51,621,382,462,0,2001-07-20 21:36:27,995664987,8,163
1125,714,14,0,83,472,202,319,0,2001-07-20 21:41:27,995665287,4,121
1126,526,20,0,36,331,172,284,0,2001-07-20 21:46:27,995665587,0,121
1127,586,15,0,65,305,203,232,0,2001-07-20 21:51:27,995665887,6,120
1128,619,14,0,73,250,254,238,0,2001-07-20 21:56:27,995666187,4,192
1129,485,10,0,21,321,180,225,0,2001-07-20 22:01:27,995666487,7,123
1130,1295,14,0,60,964,471,482,0,2001-07-20 22:06:27,995666787,3,132
1131,723,17,0,112,440,231,341,0,2001-07-20 22:11:27,995667087,3,141
1132,790,17,0,75,576,241,334,0,2001-07-20 22:16:27,995667387,0,156
1133,651,11,0,50,388,214,268,0,2001-07-20 22:21:27,995667687,4,128
1134,831,15,0,56,491,230,347,0,2001-07-20 22:26:27,995667987,4,239
1135,1081,13,0,70,755,245,433,0,2001-07-20 22:31:27,995668287,3,174
1136,460,13,0,48,321,135,233,0,2001-07-20 22:36:27,995668587,1,125
1137,449,15,0,31,302,158,235,0,2001-07-20 22:41:27,995668887,4,88
1138,750,11,0,115,492,242,328,0,2001-07-20 22:46:27,995669187,2,130
1139,622,12,0,115,344,185,260,0,2001-07-20 22:51:27,995669487,0,120
1140,403,14,0,49,230,162,224,0,2001-07-20 22:56:27,995669787,1,124
1141,501,13,0,28,303,180,249,0,2001-07-20 23:01:27,995670087,0,79
1142,552,14,0,32,394,197,249,5,2001-07-20 23:06:27,995670387,0,131
1143,658,14,0,64,443,196,319,5,2001-07-20 23:11:27,995670687,7,126
1144,503,14,0,47,290,155,229,0,2001-07-20 23:16:27,995670987,2,79
1145,456,13,0,48,297,153,207,0,2001-07-20 23:21:27,995671287,3,79
1146,517,17,0,53,373,130,247,0,2001-07-20 23:26:27,995671587,1,105
1147,500,17,0,57,305,168,250,0,2001-07-20 23:31:27,995671887,1,67
1148,382,12,0,55,257,125,218,0,2001-07-20 23:36:27,995672187,2,81
1149,372,13,0,33,209,140,190,0,2001-07-20 23:41:27,995672487,5,95
1150,483,14,0,39,334,135,225,0,2001-07-20 23:46:27,995672787,15,106
1151,324,15,0,25,201,110,193,0,2001-07-20 23:51:27,995673087,1,63
1152,327,12,0,23,178,94,195,0,2001-07-20 23:56:27,995673387,4,108
1153,463,15,0,40,277,144,257,0,2001-07-21 00:01:27,995673687,1,97
1154,14,5,0,0,14,14,3,0,2001-07-21 00:06:27,995673987,0,0
1155,395,15,0,30,132,131,186,0,2001-07-21 00:06:35,995673995,1,109
1156,567,14,0,46,229,178,225,0,2001-07-21 00:11:35,995674295,10,99
1157,451,9,0,51,226,130,200,0,2001-07-21 00:16:35,995674595,22,155
1158,390,11,0,26,193,112,186,0,2001-07-21 00:21:35,995674895,3,76
1159,293,13,0,28,129,119,167,0,2001-07-21 00:26:35,995675195,1,82
1160,358,11,0,17,185,120,154,0,2001-07-21 00:31:35,995675495,2,69
1161,294,13,0,24,191,96,157,0,2001-07-21 00:36:35,995675795,1,76
1162,387,11,0,15,245,125,182,0,2001-07-21 00:41:35,995676095,17,56
1163,302,15,0,19,150,103,190,0,2001-07-21 00:46:35,995676395,5,96
1164,895,15,0,34,347,409,319,0,2001-07-21 00:51:35,995676695,0,286
1165,1636,17,0,65,571,701,452,0,2001-07-21 00:56:35,995676995,5,482
1166,1128,18,0,68,546,689,306,0,2001-07-21 01:01:35,995677295,3,128
1167,358,16,0,37,196,115,194,0,2001-07-21 01:06:35,995677595,2,88
1168,679,16,0,26,223,356,284,0,2001-07-21 01:11:35,995677895,0,109
1169,505,14,0,28,314,137,295,0,2001-07-21 01:16:35,995678195,2,87
1170,319,15,0,37,180,114,151,0,2001-07-21 01:21:35,995678495,0,54
1171,3194,16,0,22,1873,365,624,0,2001-07-21 01:26:35,995678795,13,931
1172,1479,14,0,29,860,330,366,0,2001-07-21 01:31:35,995679095,3,97
1173,805,14,0,19,686,281,257,0,2001-07-21 01:36:35,995679395,13,73
1174,1038,14,0,12,801,318,329,0,2001-07-21 01:41:35,995679695,35,153
1175,478,14,0,26,213,175,167,0,2001-07-21 01:46:35,995679995,0,137
1176,472,16,0,13,322,174,233,0,2001-07-21 01:51:35,995680295,9,101
1177,348,16,0,33,220,99,214,0,2001-07-21 01:56:35,995680595,9,89
1178,853,16,0,80,251,248,313,1,2001-07-21 02:01:35,995680895,3,280
1179,881,15,0,20,588,246,288,0,2001-07-21 02:06:35,995681195,4,99
1180,652,14,0,75,338,167,179,0,2001-07-21 02:11:35,995681495,1,120
1181,436,11,0,46,247,156,176,0,2001-07-21 02:16:35,995681795,18,84
1182,356,14,0,29,243,101,182,0,2001-07-21 02:21:35,995682095,2,67
1183,473,13,0,33,243,177,211,0,2001-07-21 02:26:35,995682395,4,168
1184,701,16,0,76,414,190,295,0,2001-07-21 02:31:35,995682695,2,126
1185,439,13,0,22,242,136,205,0,2001-07-21 02:36:35,995682995,0,109
1186,398,12,0,15,278,139,221,0,2001-07-21 02:41:35,995683295,3,93
1187,609,15,0,37,407,164,276,0,2001-07-21 02:46:35,995683595,2,129
1188,507,13,0,60,271,191,266,0,2001-07-21 02:51:35,995683895,3,96
1189,592,14,0,55,308,177,263,7,2001-07-21 02:56:35,995684195,1,153
1190,579,14,0,26,334,255,235,0,2001-07-21 03:01:35,995684495,2,113
1191,592,17,0,22,401,199,297,0,2001-07-21 03:06:35,995684795,2,122
1192,600,15,0,32,345,199,284,0,2001-07-21 03:11:35,995685095,2,146
1193,440,15,0,50,252,127,251,0,2001-07-21 03:16:35,995685395,6,121
1194,341,16,0,20,193,111,204,0,2001-07-21 03:21:35,995685695,8,104
1195,352,15,0,31,212,115,220,0,2001-07-21 03:26:35,995685995,1,79
1196,289,14,0,42,147,98,181,0,2001-07-21 03:31:35,995686295,5,106
1197,572,14,0,47,267,161,250,0,2001-07-21 03:36:35,995686595,16,144
1198,349,15,0,25,199,122,204,0,2001-07-21 03:41:35,995686895,9,66
1199,525,17,0,40,323,229,235,0,2001-07-21 03:46:35,995687195,0,101
1200,670,14,0,73,362,250,239,0,2001-07-21 03:51:35,995687495,1,79
1201,390,13,0,13,312,150,191,0,2001-07-21 03:56:35,995687795,0,52
1202,555,11,0,42,385,185,223,0,2001-07-21 04:01:35,995688095,1,56
1203,572,17,0,57,361,154,246,0,2001-07-21 04:06:35,995688395,2,90
1204,406,17,0,13,262,123,190,0,2001-07-21 04:11:35,995688695,3,70
1205,501,17,0,24,323,169,231,0,2001-07-21 04:16:35,995688995,0,127
1206,581,22,0,57,276,170,195,0,2001-07-21 04:21:35,995689295,10,111
1207,465,15,0,16,299,155,197,0,2001-07-21 04:26:35,995689595,1,120
1208,399,17,0,43,231,127,189,0,2001-07-21 04:31:35,995689895,2,49
1209,656,17,0,30,395,244,256,0,2001-07-21 04:36:35,995690195,4,112
1210,363,17,0,10,238,107,189,0,2001-07-21 04:41:35,995690495,0,84
1211,367,17,0,24,201,137,161,0,2001-07-21 04:46:35,995690795,5,106
1212,506,16,0,3,317,162,152,0,2001-07-21 04:51:35,995691095,1,99
1213,229,16,0,9,163,80,137,0,2001-07-21 04:56:35,995691395,0,78
1214,352,11,0,21,191,118,132,0,2001-07-21 05:01:35,995691695,33,90
1215,521,11,0,86,251,186,256,3,2001-07-21 05:06:35,995691995,45,124
1216,674,16,0,30,329,202,239,1,2001-07-21 05:11:35,995692295,2,188
1217,399,17,0,22,218,150,162,4,2001-07-21 05:16:35,995692595,3,133
1218,956,11,0,55,588,433,268,0,2001-07-21 05:21:35,995692895,0,70
1219,2306,13,0,486,1499,692,449,0,2001-07-21 05:26:35,995693195,61,264
1220,19961,15,0,2549,8918,8916,6186,5,2001-07-21 05:31:35,995693495,0,328
1221,1883,13,0,26,1326,1064,412,0,2001-07-21 05:36:35,995693795,2,97
1222,410,14,0,6,261,126,187,6,2001-07-21 05:41:35,995694095,15,105
1223,405,11,0,55,170,162,161,0,2001-07-21 05:46:35,995694395,1,118
1224,510,14,0,33,277,220,217,0,2001-07-21 05:51:35,995694695,5,72
1225,647,10,0,109,350,179,208,2,2001-07-21 05:56:35,995694995,2,109
1226,348,11,0,31,189,165,144,0,2001-07-21 06:01:35,995695295,0,178
1227,492,15,0,14,213,159,172,0,2001-07-21 06:06:35,995695595,0,47
1228,338,11,0,38,188,104,128,0,2001-07-21 06:11:35,995695895,0,70
1229,286,15,0,20,204,114,123,0,2001-07-21 06:16:35,995696195,0,48
1230,321,16,0,18,221,115,165,0,2001-07-21 06:21:35,995696495,2,50
1231,331,16,0,14,163,158,141,0,2001-07-21 06:26:35,995696795,7,71
1232,444,8,0,28,283,191,182,0,2001-07-21 06:31:35,995697095,3,106
1233,812,15,0,56,455,274,242,0,2001-07-21 06:36:35,995697395,6,55
1234,761,11,0,91,595,179,268,0,2001-07-21 06:41:35,995697695,1,70
1235,364,15,0,33,231,131,171,0,2001-07-21 06:46:35,995697995,0,44
1236,355,11,0,33,199,127,142,0,2001-07-21 06:51:35,995698295,5,99
1237,284,15,0,13,188,103,142,0,2001-07-21 06:56:35,995698595,0,69
1238,287,13,0,12,202,76,167,0,2001-07-21 07:01:35,995698895,8,46
1239,540,14,0,28,275,260,200,0,2001-07-21 07:06:35,995699195,0,68
1240,475,15,0,14,377,232,187,0,2001-07-21 07:11:35,995699495,1,59
1241,288,10,0,5,186,132,131,0,2001-07-21 07:16:35,995699795,0,41
1242,390,13,0,41,249,106,177,0,2001-07-21 07:21:35,995700095,13,89
1243,393,12,0,33,232,148,154,0,2001-07-21 07:26:35,995700395,6,49
1244,295,13,0,23,144,106,138,0,2001-07-21 07:31:35,995700695,0,68
1245,271,16,0,19,162,96,150,0,2001-07-21 07:36:35,995700995,0,51
1246,429,15,0,20,265,132,251,0,2001-07-21 07:41:35,995701295,0,72
1247,332,10,0,12,176,98,179,0,2001-07-21 07:46:35,995701595,7,84
1248,294,18,0,15,181,76,150,0,2001-07-21 07:51:35,995701895,0,87
1249,287,13,0,26,166,114,152,0,2001-07-21 07:56:35,995702195,2,51
1250,356,15,0,25,239,105,199,0,2001-07-21 08:01:35,995702495,1,79
1251,368,18,0,4,266,92,166,0,2001-07-21 08:06:35,995702795,0,72
1252,497,13,0,39,252,155,179,2,2001-07-21 08:11:35,995703095,1,109
1253,479,16,0,33,284,165,199,0,2001-07-21 08:16:35,995703395,31,154
1254,545,13,0,36,320,222,170,0,2001-07-21 08:21:35,995703695,0,47
1255,192,14,0,16,114,73,118,0,2001-07-21 08:26:35,995703995,1,50
1256,453,14,0,28,264,117,238,0,2001-07-21 08:31:35,995704295,1,53
1257,538,15,0,64,333,134,275,4,2001-07-21 08:36:35,995704595,1,136
1258,299,12,0,22,119,148,170,0,2001-07-21 08:41:35,995704895,2,78
1259,383,10,0,11,237,145,144,0,2001-07-21 08:46:35,995705195,0,38
1260,724,13,0,73,478,235,269,0,2001-07-21 08:51:35,995705495,12,73
1261,631,17,0,41,301,200,245,0,2001-07-21 08:56:35,995705795,1,131
1262,1062,19,0,135,690,245,367,0,2001-07-21 09:01:35,995706095,0,211
1263,582,14,0,89,269,170,218,0,2001-07-21 09:06:35,995706395,0,50
1264,330,13,0,6,255,119,152,0,2001-07-21 09:11:35,995706695,4,53
1265,396,12,0,45,208,165,176,0,2001-07-21 09:16:35,995706995,0,147
1266,476,9,0,83,208,225,177,0,2001-07-21 09:21:35,995707295,46,97
1267,249,13,0,7,180,78,118,1,2001-07-21 09:26:35,995707595,0,84
1268,386,13,0,52,237,107,168,0,2001-07-21 09:31:35,995707895,0,78
1269,320,12,0,21,162,132,156,0,2001-07-21 09:36:35,995708195,1,94
1270,320,11,0,17,191,99,163,0,2001-07-21 09:41:35,995708495,4,101
1271,293,14,0,17,164,97,165,0,2001-07-21 09:46:35,995708795,7,108
1272,373,11,0,22,183,130,172,0,2001-07-21 09:51:35,995709095,9,112
1273,416,14,0,37,257,117,179,0,2001-07-21 09:56:35,995709395,4,106
1274,331,13,0,28,185,158,147,0,2001-07-21 10:01:35,995709695,0,72
1275,251,13,0,13,150,75,147,0,2001-07-21 10:06:35,995709995,1,62
1276,330,11,0,35,222,94,170,0,2001-07-21 10:11:35,995710295,1,78
1277,341,11,0,36,204,106,195,0,2001-07-21 10:16:35,995710595,0,46
1278,644,13,0,70,416,172,298,0,2001-07-21 10:21:35,995710895,3,104
1279,590,15,0,36,381,207,218,0,2001-07-21 10:26:35,995711195,6,109
1280,233,16,0,5,156,104,110,0,2001-07-21 10:31:35,995711495,0,54
1281,487,11,0,11,257,144,165,0,2001-07-21 10:36:35,995711795,0,67
1282,263,11,0,31,156,111,129,0,2001-07-21 10:41:35,995712095,0,50
1283,634,15,0,16,411,205,268,0,2001-07-21 10:46:35,995712395,2,87
1284,588,15,0,23,377,191,213,0,2001-07-21 10:51:35,995712695,2,86
1285,252,10,0,7,157,113,129,0,2001-07-21 10:56:35,995712995,0,37
1286,485,13,0,46,317,147,209,0,2001-07-21 11:01:35,995713295,0,87
1287,241,11,0,21,151,95,122,0,2001-07-21 11:06:35,995713595,1,48
1288,531,11,0,33,364,189,268,0,2001-07-21 11:11:35,995713895,4,93
1289,707,11,0,12,517,234,261,0,2001-07-21 11:16:35,995714195,0,75
1290,372,14,0,17,223,160,172,0,2001-07-21 11:21:35,995714495,11,74
1291,350,11,0,23,241,85,135,0,2001-07-21 11:26:35,995714795,2,51
1292,477,15,0,26,348,144,172,0,2001-07-21 11:31:35,995715095,0,75
1293,420,14,0,23,275,127,151,0,2001-07-21 11:36:35,995715395,0,136
1294,362,18,0,25,185,150,188,0,2001-07-21 11:41:35,995715695,0,86
1295,325,11,0,14,203,103,128,0,2001-07-21 11:46:35,995715995,0,89
1296,312,14,0,17,230,89,184,0,2001-07-21 11:51:35,995716295,0,70
1297,433,16,0,16,269,151,173,0,2001-07-21 11:56:35,995716595,0,92
1298,536,19,0,41,325,158,222,0,2001-07-21 12:01:35,995716895,13,125
1299,356,13,0,29,227,124,133,0,2001-07-21 12:06:35,995717195,2,97
1300,406,12,0,32,232,118,189,0,2001-07-21 12:11:35,995717495,3,115
1301,456,15,0,15,272,165,184,0,2001-07-21 12:16:35,995717795,3,103
1302,253,11,0,37,119,119,128,0,2001-07-21 12:21:35,995718095,1,90
1303,466,12,0,35,325,115,211,0,2001-07-21 12:26:35,995718395,2,53
1304,357,14,0,34,239,108,176,0,2001-07-21 12:31:35,995718695,0,72
1305,518,12,0,39,263,168,185,0,2001-07-21 12:36:35,995718995,16,193
1306,560,15,0,33,342,162,256,0,2001-07-21 12:41:35,995719295,10,167
1307,403,11,0,23,257,134,205,0,2001-07-21 12:46:35,995719595,0,68
1308,359,12,0,17,262,137,167,0,2001-07-21 12:51:35,995719895,4,63
1309,385,14,0,12,301,113,197,7,2001-07-21 12:56:35,995720195,1,79
1310,550,13,0,16,353,181,223,0,2001-07-21 13:01:35,995720495,2,87
1311,275,14,0,48,140,119,125,0,2001-07-21 13:06:35,995720795,0,33
1312,341,14,0,21,244,117,171,6,2001-07-21 13:11:35,995721095,0,44
1313,603,14,0,56,444,155,270,0,2001-07-21 13:16:35,995721395,2,97
1314,527,17,0,15,393,111,200,0,2001-07-21 13:21:35,995721695,29,97
1315,430,16,0,23,291,123,190,0,2001-07-21 13:26:35,995721995,1,55
1316,456,14,0,27,275,164,234,9,2001-07-21 13:31:35,995722295,1,116
1317,508,14,0,37,350,154,225,4,2001-07-21 13:36:35,995722595,9,91
1318,467,14,0,30,336,191,196,4,2001-07-21 13:41:35,995722895,0,101
1319,595,14,0,32,368,214,245,7,2001-07-21 13:46:35,995723195,0,87
1320,644,14,0,23,317,348,270,4,2001-07-21 13:51:35,995723495,0,197
1321,971,14,0,29,668,341,303,4,2001-07-21 13:56:35,995723795,0,108
1322,317,14,0,13,218,116,186,4,2001-07-21 14:01:35,995724095,2,99
1323,769,15,0,19,528,348,311,6,2001-07-21 14:06:35,995724395,1,124
1324,590,14,0,9,249,409,217,2,2001-07-21 14:11:35,995724695,0,308
1325,462,11,0,53,230,170,200,0,2001-07-21 14:16:35,995724995,1,134
1326,687,14,0,27,408,234,279,5,2001-07-21 14:21:35,995725295,8,159
1327,491,14,0,14,334,182,241,3,2001-07-21 14:26:35,995725595,2,115
1328,405,12,0,38,180,162,170,2,2001-07-21 14:31:35,995725895,1,82
1329,480,17,0,56,259,172,213,4,2001-07-21 14:36:35,995726195,0,144
1330,372,17,0,17,252,139,198,7,2001-07-21 14:41:35,995726495,21,94
1331,430,14,0,11,307,129,199,2,2001-07-21 14:46:35,995726795,19,121
1332,545,16,0,30,294,208,265,3,2001-07-21 14:51:35,995727095,3,82
1333,670,17,0,30,456,279,298,3,2001-07-21 14:56:35,995727395,4,89
1334,426,14,0,27,300,182,217,8,2001-07-21 15:01:35,995727695,4,75
1335,789,14,0,39,568,209,304,7,2001-07-21 15:06:35,995727995,15,164
1336,401,13,0,17,248,145,205,1,2001-07-21 15:11:35,995728295,6,165
1337,721,14,0,35,358,269,296,3,2001-07-21 15:16:35,995728595,9,166
1338,916,14,0,45,640,322,342,9,2001-07-21 15:21:35,995728895,6,110
1339,491,14,0,39,304,139,237,4,2001-07-21 15:26:35,995729195,2,103
1340,2776,14,0,53,1344,1263,658,6,2001-07-21 15:31:35,995729495,10,164
1341,598,14,0,39,370,224,263,7,2001-07-21 15:36:35,995729795,4,126
1342,468,15,0,25,300,165,224,5,2001-07-21 15:41:35,995730095,1,97
1343,337,16,0,46,211,113,175,2,2001-07-21 15:46:35,995730395,0,52
1344,448,14,0,26,259,176,209,2,2001-07-21 15:51:35,995730695,0,172
1345,455,14,0,29,265,154,207,0,2001-07-21 15:56:35,995730995,2,158
1346,804,16,0,19,524,198,359,3,2001-07-21 16:01:35,995731295,0,80
1347,568,14,0,33,431,158,301,3,2001-07-21 16:06:35,995731595,1,133
1348,329,14,0,27,189,120,183,3,2001-07-21 16:11:35,995731895,2,102
1349,308,14,0,49,157,91,181,0,2001-07-21 16:16:35,995732195,0,104
1350,300,13,0,10,156,119,194,0,2001-07-21 16:21:35,995732495,0,67
1351,3446,11,0,216,1928,1832,562,0,2001-07-21 16:26:35,995732795,29,293
1352,328,13,0,20,223,130,160,0,2001-07-21 16:31:35,995733095,0,96
1353,352,12,0,21,192,124,186,0,2001-07-21 16:36:35,995733395,0,66
1354,371,15,0,24,235,126,163,0,2001-07-21 16:41:35,995733695,13,109
1355,555,16,0,35,365,180,240,0,2001-07-21 16:46:35,995733995,7,88
1356,401,11,0,16,248,172,194,0,2001-07-21 16:51:35,995734295,12,75
1357,346,18,0,62,214,122,165,0,2001-07-21 16:56:35,995734595,4,49
1358,693,14,0,65,408,211,246,0,2001-07-21 17:01:35,995734895,1,156
1359,942,13,0,35,494,232,235,0,2001-07-21 17:06:35,995735195,0,253
1360,837,14,0,37,569,245,199,0,2001-07-21 17:11:35,995735495,1,249
1361,297,14,0,26,139,116,131,0,2001-07-21 17:16:35,995735795,4,65
1362,358,16,0,9,274,102,151,0,2001-07-21 17:21:35,995736095,0,67
1363,516,11,0,29,372,162,194,0,2001-07-21 17:26:35,995736395,1,92
1364,693,15,0,13,351,179,205,0,2001-07-21 17:31:35,995736695,0,71
1365,328,12,0,19,219,115,166,0,2001-07-21 17:36:35,995736995,2,52
1366,306,10,0,20,201,106,135,0,2001-07-21 17:41:35,995737295,2,90
1367,279,13,0,18,183,104,152,0,2001-07-21 17:46:35,995737595,1,75
1368,324,14,0,34,221,104,183,0,2001-07-21 17:51:35,995737895,2,48
1369,343,14,0,11,261,104,177,0,2001-07-21 17:56:35,995738195,11,46
1370,434,10,0,38,274,169,204,0,2001-07-21 18:01:35,995738495,0,64
1371,246,10,0,20,152,70,96,0,2001-07-21 18:06:35,995738795,0,69
1372,308,14,0,33,192,114,174,0,2001-07-21 18:11:35,995739095,5,69
1373,218,10,0,7,134,102,99,0,2001-07-21 18:16:35,995739395,0,46
1374,354,11,0,12,201,112,161,0,2001-07-21 18:21:35,995739695,2,131
1375,350,13,0,4,183,139,178,0,2001-07-21 18:26:35,995739995,7,72
1376,521,16,0,37,374,143,243,0,2001-07-21 18:31:35,995740295,1,138
1377,373,13,0,20,250,111,198,0,2001-07-21 18:36:35,995740595,0,44
1378,213,18,0,17,153,76,132,0,2001-07-21 18:41:35,995740895,1,42
1379,729,15,0,89,395,235,238,0,2001-07-21 18:46:35,995741195,10,170
1380,517,12,0,26,279,241,208,0,2001-07-21 18:51:35,995741495,3,80
1381,328,13,0,12,207,104,157,0,2001-07-21 18:56:35,995741795,3,114
1382,261,13,0,21,170,87,170,0,2001-07-21 19:01:35,995742095,3,66
1383,419,14,0,13,242,157,198,0,2001-07-21 19:06:35,995742395,9,95
1384,473,15,0,45,357,160,226,0,2001-07-21 19:11:35,995742695,0,79
1385,348,14,0,30,211,130,170,0,2001-07-21 19:16:35,995742995,2,77
1386,232,16,0,22,132,66,134,0,2001-07-21 19:21:35,995743295,1,62
1387,293,13,0,29,184,94,163,0,2001-07-21 19:26:35,995743595,0,55
1388,411,17,0,5,246,158,217,0,2001-07-21 19:31:35,995743895,1,57
1389,288,15,0,23,186,120,152,0,2001-07-21 19:36:35,995744195,0,57
1390,346,17,0,21,260,103,192,0,2001-07-21 19:41:35,995744495,0,84
1391,478,18,0,27,284,175,240,0,2001-07-21 19:46:35,995744795,0,168
1392,220,15,0,10,147,84,127,0,2001-07-21 19:51:35,995745095,1,37
1393,278,15,0,19,187,105,118,0,2001-07-21 19:56:35,995745395,0,55
1394,269,14,0,18,180,96,152,0,2001-07-21 20:01:35,995745695,0,44
1395,313,15,0,16,227,101,134,0,2001-07-21 20:06:35,995745995,0,53
1396,321,16,0,25,221,121,189,0,2001-07-21 20:11:35,995746295,2,67
1397,322,12,0,9,181,154,134,0,2001-07-21 20:16:35,995746595,0,61
1398,390,15,0,25,225,165,169,0,2001-07-21 20:21:35,995746895,0,133
1399,409,14,0,23,280,135,182,0,2001-07-21 20:26:35,995747195,0,96
1400,350,14,0,26,193,126,181,0,2001-07-21 20:31:35,995747495,0,81
1401,504,14,0,21,319,136,210,0,2001-07-21 20:36:35,995747795,13,95
1402,358,14,0,27,194,133,172,0,2001-07-21 20:41:35,995748095,1,71
1403,495,17,0,21,356,137,247,0,2001-07-21 20:46:35,995748395,1,57
1404,471,15,0,38,348,150,247,0,2001-07-21 20:51:35,995748695,8,188
1405,1569,14,0,102,1109,196,240,0,2001-07-21 20:56:35,995748995,13,246
1406,636,22,0,26,490,187,308,0,2001-07-21 21:01:35,995749295,3,97
1407,417,17,0,16,286,123,211,2,2001-07-21 21:06:35,995749595,4,106
1408,392,15,0,20,259,101,192,1,2001-07-21 21:11:35,995749895,0,78
1409,764,17,0,41,434,359,205,0,2001-07-21 21:16:35,995750195,0,134
1410,518,15,0,60,236,193,180,0,2001-07-21 21:21:35,995750495,0,102
1411,645,17,0,39,502,210,274,0,2001-07-21 21:26:35,995750795,0,143
1412,827,14,0,27,695,251,259,2,2001-07-21 21:31:35,995751095,11,153
1413,658,13,0,35,484,217,228,0,2001-07-21 21:36:35,995751395,12,122
1414,512,13,0,26,317,168,159,0,2001-07-21 21:41:35,995751695,0,88
1415,581,17,0,52,344,189,240,0,2001-07-21 21:46:35,995751995,2,199
1416,597,14,0,63,380,138,296,0,2001-07-21 21:51:35,995752295,0,122
1417,335,18,0,16,238,121,168,0,2001-07-21 21:56:35,995752595,0,69
1418,612,23,0,25,379,223,248,0,2001-07-21 22:01:35,995752895,9,129
1419,527,15,0,25,322,193,191,0,2001-07-21 22:06:35,995753195,1,169
1420,503,14,0,30,302,129,175,0,2001-07-21 22:11:35,995753495,0,130
1421,468,10,0,31,366,136,217,0,2001-07-21 22:16:35,995753795,0,70
1422,615,14,0,13,319,246,205,0,2001-07-21 22:21:35,995754095,16,210
1423,584,16,0,45,339,252,192,0,2001-07-21 22:26:35,995754395,1,190
1424,522,15,0,60,288,226,197,0,2001-07-21 22:31:35,995754695,2,140
1425,350,17,0,25,240,90,172,0,2001-07-21 22:36:35,995754995,0,61
1426,657,12,0,85,283,237,230,0,2001-07-21 22:41:35,995755295,0,125
1427,444,14,0,22,289,139,202,0,2001-07-21 22:46:35,995755595,1,104
1428,374,15,0,22,225,122,189,0,2001-07-21 22:51:35,995755895,1,95
1429,572,14,0,93,357,200,234,0,2001-07-21 22:56:35,995756195,0,81
1430,746,14,0,309,306,352,221,0,2001-07-21 23:01:35,995756495,1,69
1431,435,14,0,29,323,153,255,0,2001-07-21 23:06:35,995756795,3,94
1432,541,17,0,47,364,134,271,0,2001-07-21 23:11:35,995757095,8,107
1433,1167,14,0,27,689,330,242,0,2001-07-21 23:16:35,995757395,1,137
1434,670,14,0,71,404,233,209,0,2001-07-21 23:21:35,995757695,14,272
1435,277,16,0,23,183,108,172,0,2001-07-21 23:26:35,995757995,2,154
1436,765,15,0,26,449,193,302,0,2001-07-21 23:31:35,995758295,4,294
1437,9,7,0,1,4,9,5,0,2001-07-21 23:36:35,995758595,0,0
