,accuracy,epoch,lag,precision_0,recall_0,f1_0
dataset_nimda_513_1_rrc04.csv,0.6580882352941176,64.0,20.0,1.0,0.0002828854314002829,0.0005656108597285067
dataset_nimda_513_5_rrc04.csv,0.65478515625,64.0,20.0,0.0,0.0,0.0
dataset_nimda_559_1_rrc04.csv,0.6601199690402477,64.0,20.0,1.0,0.0062234794908062226,0.012369974697779026
dataset_nimda_559_5_rrc04.csv,0.80126953125,64.0,20.0,0.9310344827586208,0.4582743988684583,0.614218009478673
dataset_nimda_6893_1_rrc04.csv,0.6590557275541795,64.0,20.0,1.0,0.003111739745403112,0.006204173716864073
dataset_nimda_6893_5_rrc04.csv,0.65478515625,64.0,20.0,0.0,0.0,0.0
dataset_nimda_513_1_rrc04.csv,0.6584752321981424,46.0,20.0,1.0,0.0014144271570014145,0.0028248587570621478
dataset_nimda_513_5_rrc04.csv,0.66015625,46.0,20.0,1.0,0.01555869872701556,0.030640668523676882
dataset_nimda_559_1_rrc04.csv,0.6736648606811145,46.0,20.0,0.9655172413793104,0.047524752475247525,0.09059045564842276
dataset_nimda_559_5_rrc04.csv,0.81591796875,46.0,20.0,0.9104477611940298,0.5176803394625177,0.6600541027953111
dataset_nimda_6893_1_rrc04.csv,0.6595394736842105,46.0,20.0,1.0,0.004526166902404526,0.009011546043368065
dataset_nimda_6893_5_rrc04.csv,0.65478515625,46.0,20.0,0.0,0.0,0.0
dataset_nimda_513_1_rrc04.csv,0.6579914860681114,11.0,20.0,0.0,0.0,0.0
dataset_nimda_513_5_rrc04.csv,0.65478515625,11.0,20.0,0.0,0.0,0.0
dataset_nimda_559_1_rrc04.csv,0.6578947368421053,11.0,20.0,0.0,0.0,0.0
dataset_nimda_559_5_rrc04.csv,0.654296875,11.0,20.0,0.0,0.0,0.0
dataset_nimda_6893_1_rrc04.csv,0.6579914860681114,11.0,20.0,0.0,0.0,0.0
dataset_nimda_6893_5_rrc04.csv,0.65478515625,11.0,20.0,0.0,0.0,0.0
dataset_nimda_513_1_rrc04.csv,0.6584752321981424,63.0,20.0,1.0,0.0014144271570014145,0.0028248587570621478
dataset_nimda_513_5_rrc04.csv,0.66259765625,63.0,20.0,1.0,0.02263083451202263,0.0442600276625173
dataset_nimda_559_1_rrc04.csv,0.6841137770897833,63.0,20.0,0.9560810810810809,0.08005657708628006,0.1477421038893239
dataset_nimda_559_5_rrc04.csv,0.82080078125,63.0,20.0,0.8695652173913043,0.5657708628005658,0.6855184233076265
dataset_nimda_6893_1_rrc04.csv,0.66031346749226,63.0,20.0,1.0,0.006789250353606789,0.013486934532171957
dataset_nimda_6893_5_rrc04.csv,0.65576171875,63.0,20.0,1.0,0.002828854314002829,0.005641748942172072
dataset_nimda_513_1_rrc04.csv,0.6579914860681114,12.0,20.0,0.0,0.0,0.0
dataset_nimda_513_5_rrc04.csv,0.65478515625,12.0,20.0,0.0,0.0,0.0
dataset_nimda_559_1_rrc04.csv,0.6576044891640866,12.0,20.0,0.0,0.0,0.0
dataset_nimda_559_5_rrc04.csv,0.65478515625,12.0,20.0,0.5,0.0014144271570014145,0.002820874471086037
dataset_nimda_6893_1_rrc04.csv,0.6581849845201239,12.0,20.0,1.0,0.0005657708628005657,0.0011309018942606726
dataset_nimda_6893_5_rrc04.csv,0.6552734375,12.0,20.0,1.0,0.0014144271570014145,0.0028248587570621478
dataset_nimda_513_1_rrc04.csv,0.6579914860681114,58.0,20.0,0.0,0.0,0.0
dataset_nimda_513_5_rrc04.csv,0.65478515625,58.0,20.0,0.0,0.0,0.0
dataset_nimda_559_1_rrc04.csv,0.6579914860681114,58.0,20.0,0.0,0.0,0.0
dataset_nimda_559_5_rrc04.csv,0.70654296875,58.0,20.0,0.9274193548387096,0.16265912305516267,0.2767749699157641
dataset_nimda_6893_1_rrc04.csv,0.6588622291021672,58.0,20.0,1.0,0.002545968882602546,0.005079006772009029
dataset_nimda_6893_5_rrc04.csv,0.65478515625,58.0,20.0,0.0,0.0,0.0
dataset_nimda_513_1_rrc04.csv,0.6584752321981424,21.0,20.0,1.0,0.0014144271570014145,0.0028248587570621478
dataset_nimda_513_5_rrc04.csv,0.6572265625,21.0,20.0,1.0,0.007072135785007072,0.01404494382022472
dataset_nimda_559_1_rrc04.csv,0.9236648606811144,21.0,20.0,0.884593837535014,0.8933521923620934,0.8889514426460239
dataset_nimda_559_5_rrc04.csv,0.7724609375,21.0,20.0,0.6114708603145236,0.9349363507779348,0.7393736017897091
dataset_nimda_6893_1_rrc04.csv,0.6584752321981424,21.0,20.0,1.0,0.0014144271570014145,0.0028248587570621478
dataset_nimda_6893_5_rrc04.csv,0.65478515625,21.0,20.0,0.0,0.0,0.0
dataset_nimda_513_1_rrc04.csv,0.6579914860681114,98.0,20.0,0.0,0.0,0.0
dataset_nimda_513_5_rrc04.csv,0.65478515625,98.0,20.0,0.0,0.0,0.0
dataset_nimda_559_1_rrc04.csv,0.6579914860681114,98.0,20.0,0.0,0.0,0.0
dataset_nimda_559_5_rrc04.csv,0.71923828125,98.0,20.0,0.9125,0.2065063649222065,0.3367935409457901
dataset_nimda_6893_1_rrc04.csv,0.6588622291021672,98.0,20.0,1.0,0.002545968882602546,0.005079006772009029
dataset_nimda_6893_5_rrc04.csv,0.65478515625,98.0,20.0,0.0,0.0,0.0
dataset_nimda_513_1_rrc04.csv,0.6579914860681114,10.0,20.0,0.0,0.0,0.0
dataset_nimda_513_5_rrc04.csv,0.65478515625,10.0,20.0,0.0,0.0,0.0
dataset_nimda_559_1_rrc04.csv,0.6578947368421053,10.0,20.0,0.0,0.0,0.0
dataset_nimda_559_5_rrc04.csv,0.65478515625,10.0,20.0,0.0,0.0,0.0
dataset_nimda_6893_1_rrc04.csv,0.6579914860681114,10.0,20.0,0.0,0.0,0.0
dataset_nimda_6893_5_rrc04.csv,0.65478515625,10.0,20.0,0.0,0.0,0.0
dataset_nimda_513_1_rrc04.csv,0.6580882352941176,81.0,20.0,1.0,0.0002828854314002829,0.0005656108597285067
dataset_nimda_513_5_rrc04.csv,0.65478515625,81.0,20.0,0.0,0.0,0.0
dataset_nimda_559_1_rrc04.csv,0.6649574303405573,81.0,20.0,0.9,0.022913719943422915,0.0446896551724138
dataset_nimda_559_5_rrc04.csv,0.802734375,81.0,20.0,0.908355795148248,0.4766619519094767,0.6252319109461968
dataset_nimda_6893_1_rrc04.csv,0.6592492260061921,81.0,20.0,1.0,0.0036775106082036772,0.007328072153325819
dataset_nimda_6893_5_rrc04.csv,0.65478515625,81.0,20.0,0.0,0.0,0.0
dataset_nimda_513_1_rrc04.csv,0.6579914860681114,54.0,20.0,0.0,0.0,0.0
dataset_nimda_513_5_rrc04.csv,0.65478515625,54.0,20.0,0.0,0.0,0.0
dataset_nimda_559_1_rrc04.csv,0.6585719814241486,54.0,20.0,1.0,0.0016973125884016972,0.0033888731996611124
dataset_nimda_559_5_rrc04.csv,0.7548828125,54.0,20.0,0.9361702127659576,0.31117397454031115,0.4670912951167728
dataset_nimda_6893_1_rrc04.csv,0.6589589783281734,54.0,20.0,1.0,0.002828854314002829,0.005641748942172072
dataset_nimda_6893_5_rrc04.csv,0.65478515625,54.0,20.0,0.0,0.0,0.0
dataset_nimda_513_1_rrc04.csv,0.6579914860681114,42.0,20.0,0.0,0.0,0.0
dataset_nimda_513_5_rrc04.csv,0.65478515625,42.0,20.0,0.0,0.0,0.0
dataset_nimda_559_1_rrc04.csv,0.6579914860681114,42.0,20.0,0.0,0.0,0.0
dataset_nimda_559_5_rrc04.csv,0.69189453125,42.0,20.0,0.9871794871794872,0.10891089108910892,0.19617834394904454
dataset_nimda_6893_1_rrc04.csv,0.6588622291021672,42.0,20.0,1.0,0.002545968882602546,0.005079006772009029
dataset_nimda_6893_5_rrc04.csv,0.65478515625,42.0,20.0,0.0,0.0,0.0
dataset_nimda_513_1_rrc04.csv,0.658765479876161,60.0,20.0,1.0,0.002263083451202263,0.004515946937623482
dataset_nimda_513_5_rrc04.csv,0.66650390625,60.0,20.0,1.0,0.033946251768033946,0.06566347469220246
dataset_nimda_559_1_rrc04.csv,0.7067530959752322,60.0,20.0,0.9144736842105264,0.1572842998585573,0.2684045377745595
dataset_nimda_559_5_rrc04.csv,0.810546875,60.0,20.0,0.7671691792294807,0.6478076379066479,0.7024539877300614
dataset_nimda_6893_1_rrc04.csv,0.6605069659442725,60.0,20.0,1.0,0.0073550212164073545,0.01460263970794721
dataset_nimda_6893_5_rrc04.csv,0.65869140625,60.0,20.0,1.0,0.011315417256011316,0.02237762237762238
dataset_nimda_513_1_rrc04.csv,0.6579914860681114,19.0,20.0,0.0,0.0,0.0
dataset_nimda_513_5_rrc04.csv,0.65478515625,19.0,20.0,0.0,0.0,0.0
dataset_nimda_559_1_rrc04.csv,0.6579914860681114,19.0,20.0,0.0,0.0,0.0
dataset_nimda_559_5_rrc04.csv,0.65478515625,19.0,20.0,0.0,0.0,0.0
dataset_nimda_6893_1_rrc04.csv,0.6579914860681114,19.0,20.0,0.0,0.0,0.0
dataset_nimda_6893_5_rrc04.csv,0.65478515625,19.0,20.0,0.0,0.0,0.0
dataset_nimda_513_1_rrc04.csv,0.6579914860681114,17.0,20.0,0.0,0.0,0.0
dataset_nimda_513_5_rrc04.csv,0.65478515625,17.0,20.0,0.0,0.0,0.0
dataset_nimda_559_1_rrc04.csv,0.6579914860681114,17.0,20.0,0.0,0.0,0.0
dataset_nimda_559_5_rrc04.csv,0.65478515625,17.0,20.0,0.0,0.0,0.0
dataset_nimda_6893_1_rrc04.csv,0.6579914860681114,17.0,20.0,0.0,0.0,0.0
dataset_nimda_6893_5_rrc04.csv,0.65478515625,17.0,20.0,0.0,0.0,0.0
dataset_nimda_513_1_rrc04.csv,0.6579914860681114,14.0,20.0,0.0,0.0,0.0
dataset_nimda_513_5_rrc04.csv,0.65478515625,14.0,20.0,0.0,0.0,0.0
dataset_nimda_559_1_rrc04.csv,0.6579914860681114,14.0,20.0,0.0,0.0,0.0
dataset_nimda_559_5_rrc04.csv,0.65478515625,14.0,20.0,0.0,0.0,0.0
dataset_nimda_6893_1_rrc04.csv,0.6579914860681114,14.0,20.0,0.0,0.0,0.0
dataset_nimda_6893_5_rrc04.csv,0.65478515625,14.0,20.0,0.0,0.0,0.0
dataset_nimda_513_1_rrc04.csv,0.6584752321981424,90.0,20.0,1.0,0.0014144271570014145,0.0028248587570621478
dataset_nimda_513_5_rrc04.csv,0.6552734375,90.0,20.0,1.0,0.0014144271570014145,0.0028248587570621478
dataset_nimda_559_1_rrc04.csv,0.6843072755417957,90.0,20.0,0.9276729559748428,0.08345120226308345,0.15312743316895924
dataset_nimda_559_5_rrc04.csv,0.806640625,90.0,20.0,0.8273684210526315,0.5558698727015559,0.6649746192893401
dataset_nimda_6893_1_rrc04.csv,0.6597329721362231,90.0,20.0,1.0,0.005091937765205092,0.010132282578103013
dataset_nimda_6893_5_rrc04.csv,0.65478515625,90.0,20.0,0.0,0.0,0.0
dataset_nimda_513_1_rrc04.csv,0.6579914860681114,77.0,20.0,0.0,0.0,0.0
dataset_nimda_513_5_rrc04.csv,0.65478515625,77.0,20.0,0.0,0.0,0.0
dataset_nimda_559_1_rrc04.csv,0.6591524767801857,77.0,20.0,1.0,0.0033946251768033945,0.006766281364533409
dataset_nimda_559_5_rrc04.csv,0.7841796875,77.0,20.0,0.9288025889967636,0.405940594059406,0.5649606299212597
dataset_nimda_6893_1_rrc04.csv,0.6590557275541795,77.0,20.0,1.0,0.003111739745403112,0.006204173716864073
dataset_nimda_6893_5_rrc04.csv,0.65478515625,77.0,20.0,0.0,0.0,0.0
dataset_nimda_513_1_rrc04.csv,0.6580882352941176,76.0,20.0,1.0,0.0002828854314002829,0.0005656108597285067
dataset_nimda_513_5_rrc04.csv,0.65478515625,76.0,20.0,0.0,0.0,0.0
dataset_nimda_559_1_rrc04.csv,0.6606037151702786,76.0,20.0,0.8857142857142857,0.00876944837340877,0.017366946778711485
dataset_nimda_559_5_rrc04.csv,0.79931640625,76.0,20.0,0.9134078212290504,0.4625176803394625,0.6140845070422536
dataset_nimda_6893_1_rrc04.csv,0.6591524767801857,76.0,20.0,1.0,0.0033946251768033945,0.006766281364533409
dataset_nimda_6893_5_rrc04.csv,0.65478515625,76.0,20.0,0.0,0.0,0.0
dataset_nimda_513_1_rrc04.csv,0.6580882352941176,59.0,20.0,1.0,0.0002828854314002829,0.0005656108597285067
dataset_nimda_513_5_rrc04.csv,0.65478515625,59.0,20.0,0.0,0.0,0.0
dataset_nimda_559_1_rrc04.csv,0.6593459752321982,59.0,20.0,1.0,0.0039603960396039604,0.007889546351084813
dataset_nimda_559_5_rrc04.csv,0.77978515625,59.0,20.0,0.9383561643835616,0.3875530410183876,0.5485485485485485
dataset_nimda_6893_1_rrc04.csv,0.6590557275541795,59.0,20.0,1.0,0.003111739745403112,0.006204173716864073
dataset_nimda_6893_5_rrc04.csv,0.65478515625,59.0,20.0,0.0,0.0,0.0
dataset_nimda_513_1_rrc04.csv,0.6586687306501547,66.0,20.0,1.0,0.0019801980198019802,0.003952569169960474
dataset_nimda_513_5_rrc04.csv,0.66357421875,66.0,20.0,1.0,0.02545968882602546,0.049655172413793115
dataset_nimda_559_1_rrc04.csv,0.6838235294117647,66.0,20.0,0.9494949494949496,0.07977369165487977,0.14718162839248433
dataset_nimda_559_5_rrc04.csv,0.814453125,66.0,20.0,0.8471337579617835,0.5643564356435643,0.6774193548387096
dataset_nimda_6893_1_rrc04.csv,0.6602167182662538,66.0,20.0,1.0,0.006506364922206506,0.012928611579539066
dataset_nimda_6893_5_rrc04.csv,0.65771484375,66.0,20.0,1.0,0.008486562942008486,0.016830294530154274
dataset_nimda_513_1_rrc04.csv,0.6582817337461301,47.0,20.0,1.0,0.0008486562942008486,0.0016958733747880154
dataset_nimda_513_5_rrc04.csv,0.65478515625,47.0,20.0,0.0,0.0,0.0
dataset_nimda_559_1_rrc04.csv,0.6598297213622291,47.0,20.0,1.0,0.005374823196605375,0.010692177827799665
dataset_nimda_559_5_rrc04.csv,0.77880859375,47.0,20.0,0.9349315068493149,0.38613861386138615,0.5465465465465466
dataset_nimda_6893_1_rrc04.csv,0.6590557275541795,47.0,20.0,1.0,0.003111739745403112,0.006204173716864073
dataset_nimda_6893_5_rrc04.csv,0.65478515625,47.0,20.0,0.0,0.0,0.0
dataset_nimda_513_1_rrc04.csv,0.6579914860681114,96.0,20.0,0.0,0.0,0.0
dataset_nimda_513_5_rrc04.csv,0.65478515625,96.0,20.0,0.0,0.0,0.0
dataset_nimda_559_1_rrc04.csv,0.6579914860681114,96.0,20.0,0.0,0.0,0.0
dataset_nimda_559_5_rrc04.csv,0.76318359375,96.0,20.0,0.9370078740157479,0.33663366336633666,0.4953173777315297
dataset_nimda_6893_1_rrc04.csv,0.6589589783281734,96.0,20.0,1.0,0.002828854314002829,0.005641748942172072
dataset_nimda_6893_5_rrc04.csv,0.65478515625,96.0,20.0,0.0,0.0,0.0
dataset_nimda_513_1_rrc04.csv,0.6579914860681114,23.0,20.0,0.0,0.0,0.0
dataset_nimda_513_5_rrc04.csv,0.65478515625,23.0,20.0,0.0,0.0,0.0
dataset_nimda_559_1_rrc04.csv,0.6811145510835913,23.0,20.0,1.0,0.0676096181046676,0.1266560678325384
dataset_nimda_559_5_rrc04.csv,0.751953125,23.0,20.0,1.0,0.2814710042432815,0.4392935982339956
dataset_nimda_6893_1_rrc04.csv,0.6579914860681114,23.0,20.0,0.0,0.0,0.0
dataset_nimda_6893_5_rrc04.csv,0.65478515625,23.0,20.0,0.0,0.0,0.0
dataset_nimda_513_1_rrc04.csv,0.6584752321981424,57.0,20.0,1.0,0.0014144271570014145,0.0028248587570621478
dataset_nimda_513_5_rrc04.csv,0.6552734375,57.0,20.0,1.0,0.0014144271570014145,0.0028248587570621478
dataset_nimda_559_1_rrc04.csv,0.6667956656346751,57.0,20.0,0.9026548672566372,0.02885431400282885,0.05592105263157894
dataset_nimda_559_5_rrc04.csv,0.8076171875,57.0,20.0,0.9064935064935064,0.4936350777934936,0.6391941391941391
dataset_nimda_6893_1_rrc04.csv,0.6591524767801857,57.0,20.0,1.0,0.0033946251768033945,0.006766281364533409
dataset_nimda_6893_5_rrc04.csv,0.65478515625,57.0,20.0,0.0,0.0,0.0
dataset_nimda_513_1_rrc04.csv,0.6580882352941176,84.0,20.0,1.0,0.0002828854314002829,0.0005656108597285067
dataset_nimda_513_5_rrc04.csv,0.65478515625,84.0,20.0,0.0,0.0,0.0
dataset_nimda_559_1_rrc04.csv,0.6613777089783281,84.0,20.0,0.8723404255319149,0.011598302687411598,0.02289223897264098
dataset_nimda_559_5_rrc04.csv,0.79638671875,84.0,20.0,0.9119318181818182,0.4540311173974541,0.6062322946175638
dataset_nimda_6893_1_rrc04.csv,0.6591524767801857,84.0,20.0,1.0,0.0033946251768033945,0.006766281364533409
dataset_nimda_6893_5_rrc04.csv,0.65478515625,84.0,20.0,0.0,0.0,0.0
dataset_nimda_513_1_rrc04.csv,0.6579914860681114,34.0,20.0,0.0,0.0,0.0
dataset_nimda_513_5_rrc04.csv,0.65478515625,34.0,20.0,0.0,0.0,0.0
dataset_nimda_559_1_rrc04.csv,0.6579914860681114,34.0,20.0,0.0,0.0,0.0
dataset_nimda_559_5_rrc04.csv,0.69287109375,34.0,20.0,1.0,0.11032531824611032,0.19872611464968154
dataset_nimda_6893_1_rrc04.csv,0.658765479876161,34.0,20.0,1.0,0.002263083451202263,0.004515946937623482
dataset_nimda_6893_5_rrc04.csv,0.65478515625,34.0,20.0,0.0,0.0,0.0
dataset_nimda_513_1_rrc04.csv,0.6580882352941176,80.0,20.0,1.0,0.0002828854314002829,0.0005656108597285067
dataset_nimda_513_5_rrc04.csv,0.65478515625,80.0,20.0,0.0,0.0,0.0
dataset_nimda_559_1_rrc04.csv,0.6615712074303406,80.0,20.0,0.8775510204081632,0.012164073550212163,0.023995535714285712
dataset_nimda_559_5_rrc04.csv,0.798828125,80.0,20.0,0.9085872576177284,0.4639321074964639,0.6142322097378277
dataset_nimda_6893_1_rrc04.csv,0.6593459752321982,80.0,20.0,1.0,0.0039603960396039604,0.007889546351084813
dataset_nimda_6893_5_rrc04.csv,0.65478515625,80.0,20.0,0.0,0.0,0.0
dataset_nimda_513_1_rrc04.csv,0.6583784829721362,36.0,20.0,1.0,0.0011315417256011315,0.0022605255721955355
dataset_nimda_513_5_rrc04.csv,0.65771484375,36.0,20.0,1.0,0.008486562942008486,0.016830294530154274
dataset_nimda_559_1_rrc04.csv,0.6759868421052632,36.0,20.0,1.0,0.05261669024045262,0.0999731255038968
dataset_nimda_559_5_rrc04.csv,0.81298828125,36.0,20.0,0.9331550802139036,0.4936350777934936,0.6456984273820536
dataset_nimda_6893_1_rrc04.csv,0.6591524767801857,36.0,20.0,1.0,0.0033946251768033945,0.006766281364533409
dataset_nimda_6893_5_rrc04.csv,0.65478515625,36.0,20.0,0.0,0.0,0.0
dataset_nimda_513_1_rrc04.csv,0.6580882352941176,82.0,20.0,1.0,0.0002828854314002829,0.0005656108597285067
dataset_nimda_513_5_rrc04.csv,0.65478515625,82.0,20.0,0.0,0.0,0.0
dataset_nimda_559_1_rrc04.csv,0.6602167182662538,82.0,20.0,0.8108108108108109,0.008486562942008486,0.0167973124300112
dataset_nimda_559_5_rrc04.csv,0.78857421875,82.0,20.0,0.9101796407185628,0.42998585572843,0.5840537944284342
dataset_nimda_6893_1_rrc04.csv,0.6590557275541795,82.0,20.0,1.0,0.003111739745403112,0.006204173716864073
dataset_nimda_6893_5_rrc04.csv,0.65478515625,82.0,20.0,0.0,0.0,0.0
dataset_nimda_513_1_rrc04.csv,0.6579914860681114,86.0,20.0,0.0,0.0,0.0
dataset_nimda_513_5_rrc04.csv,0.65478515625,86.0,20.0,0.0,0.0,0.0
dataset_nimda_559_1_rrc04.csv,0.6594427244582043,86.0,20.0,0.9411764705882352,0.004526166902404526,0.009009009009009007
dataset_nimda_559_5_rrc04.csv,0.79638671875,86.0,20.0,0.9289940828402368,0.44413012729844414,0.600956937799043
dataset_nimda_6893_1_rrc04.csv,0.6590557275541795,86.0,20.0,1.0,0.003111739745403112,0.006204173716864073
dataset_nimda_6893_5_rrc04.csv,0.65478515625,86.0,20.0,0.0,0.0,0.0
dataset_nimda_513_1_rrc04.csv,0.6580882352941176,99.0,20.0,1.0,0.0002828854314002829,0.0005656108597285067
dataset_nimda_513_5_rrc04.csv,0.65478515625,99.0,20.0,0.0,0.0,0.0
dataset_nimda_559_1_rrc04.csv,0.6773413312693498,99.0,20.0,0.9424778761061948,0.060254596888260264,0.11326774793937786
dataset_nimda_559_5_rrc04.csv,0.8115234375,99.0,20.0,0.8943488943488943,0.5148514851485149,0.6535008976660682
dataset_nimda_6893_1_rrc04.csv,0.6598297213622291,99.0,20.0,1.0,0.005374823196605375,0.010692177827799665
dataset_nimda_6893_5_rrc04.csv,0.65478515625,99.0,20.0,0.0,0.0,0.0
dataset_nimda_513_1_rrc04.csv,0.6579914860681114,89.0,20.0,0.0,0.0,0.0
dataset_nimda_513_5_rrc04.csv,0.65478515625,89.0,20.0,0.0,0.0,0.0
dataset_nimda_559_1_rrc04.csv,0.660797213622291,89.0,20.0,0.8918918918918919,0.009335219236209336,0.018477043673012318
dataset_nimda_559_5_rrc04.csv,0.80078125,89.0,20.0,0.9118457300275482,0.4681753889674682,0.6186915887850467
dataset_nimda_6893_1_rrc04.csv,0.6590557275541795,89.0,20.0,1.0,0.003111739745403112,0.006204173716864073
dataset_nimda_6893_5_rrc04.csv,0.65478515625,89.0,20.0,0.0,0.0,0.0
dataset_nimda_513_1_rrc04.csv,0.6584752321981424,65.0,20.0,1.0,0.0014144271570014145,0.0028248587570621478
dataset_nimda_513_5_rrc04.csv,0.65771484375,65.0,20.0,1.0,0.008486562942008486,0.016830294530154274
dataset_nimda_559_1_rrc04.csv,0.6720201238390093,65.0,20.0,0.9289940828402368,0.044413012729844416,0.0847732181425486
dataset_nimda_559_5_rrc04.csv,0.81298828125,65.0,20.0,0.8894230769230769,0.5233380480905233,0.6589492430988424
dataset_nimda_6893_1_rrc04.csv,0.6596362229102167,65.0,20.0,1.0,0.00480905233380481,0.00957207207207207
dataset_nimda_6893_5_rrc04.csv,0.6552734375,65.0,20.0,1.0,0.0014144271570014145,0.0028248587570621478
dataset_nimda_513_1_rrc04.csv,0.6579914860681114,22.0,20.0,0.0,0.0,0.0
dataset_nimda_513_5_rrc04.csv,0.65478515625,22.0,20.0,0.0,0.0,0.0
dataset_nimda_559_1_rrc04.csv,0.6579914860681114,22.0,20.0,0.0,0.0,0.0
dataset_nimda_559_5_rrc04.csv,0.65478515625,22.0,20.0,0.0,0.0,0.0
dataset_nimda_6893_1_rrc04.csv,0.6579914860681114,22.0,20.0,0.0,0.0,0.0
dataset_nimda_6893_5_rrc04.csv,0.65478515625,22.0,20.0,0.0,0.0,0.0
dataset_nimda_513_1_rrc04.csv,0.6579914860681114,7.0,20.0,0.0,0.0,0.0
dataset_nimda_513_5_rrc04.csv,0.65478515625,7.0,20.0,0.0,0.0,0.0
dataset_nimda_559_1_rrc04.csv,0.6579914860681114,7.0,20.0,0.0,0.0,0.0
dataset_nimda_559_5_rrc04.csv,0.65478515625,7.0,20.0,0.0,0.0,0.0
dataset_nimda_6893_1_rrc04.csv,0.6579914860681114,7.0,20.0,0.0,0.0,0.0
dataset_nimda_6893_5_rrc04.csv,0.65478515625,7.0,20.0,0.0,0.0,0.0
dataset_nimda_513_1_rrc04.csv,0.6580882352941176,53.0,20.0,1.0,0.0002828854314002829,0.0005656108597285067
dataset_nimda_513_5_rrc04.csv,0.65478515625,53.0,20.0,0.0,0.0,0.0
dataset_nimda_559_1_rrc04.csv,0.6596362229102167,53.0,20.0,1.0,0.00480905233380481,0.00957207207207207
dataset_nimda_559_5_rrc04.csv,0.79248046875,53.0,20.0,0.9433962264150944,0.4243281471004243,0.5853658536585366
dataset_nimda_6893_1_rrc04.csv,0.6589589783281734,53.0,20.0,1.0,0.002828854314002829,0.005641748942172072
dataset_nimda_6893_5_rrc04.csv,0.65478515625,53.0,20.0,0.0,0.0,0.0
dataset_nimda_513_1_rrc04.csv,0.6584752321981424,79.0,20.0,1.0,0.0014144271570014145,0.0028248587570621478
dataset_nimda_513_5_rrc04.csv,0.6611328125,79.0,20.0,1.0,0.018387553041018388,0.036111111111111115
dataset_nimda_559_1_rrc04.csv,0.6904024767801857,79.0,20.0,0.9539295392953928,0.09957567185289956,0.18032786885245905
dataset_nimda_559_5_rrc04.csv,0.810546875,79.0,20.0,0.8261758691206544,0.5714285714285714,0.6755852842809364
dataset_nimda_6893_1_rrc04.csv,0.6606037151702786,79.0,20.0,1.0,0.007637906647807637,0.015160022459292532
dataset_nimda_6893_5_rrc04.csv,0.658203125,79.0,20.0,1.0,0.0099009900990099,0.0196078431372549
dataset_nimda_513_1_rrc04.csv,0.6579914860681114,26.0,20.0,0.0,0.0,0.0
dataset_nimda_513_5_rrc04.csv,0.65478515625,26.0,20.0,0.0,0.0,0.0
dataset_nimda_559_1_rrc04.csv,0.6579914860681114,26.0,20.0,0.0,0.0,0.0
dataset_nimda_559_5_rrc04.csv,0.66748046875,26.0,20.0,1.0,0.036775106082036775,0.07094133697135062
dataset_nimda_6893_1_rrc04.csv,0.6579914860681114,26.0,20.0,0.0,0.0,0.0
dataset_nimda_6893_5_rrc04.csv,0.65478515625,26.0,20.0,0.0,0.0,0.0
dataset_nimda_513_1_rrc04.csv,0.6579914860681114,88.0,20.0,0.0,0.0,0.0
dataset_nimda_513_5_rrc04.csv,0.65478515625,88.0,20.0,0.0,0.0,0.0
dataset_nimda_559_1_rrc04.csv,0.6670859133126935,88.0,20.0,0.9196428571428572,0.029137199434229138,0.05648478201261311
dataset_nimda_559_5_rrc04.csv,0.8037109375,88.0,20.0,0.9023746701846964,0.4837340876944837,0.6298342541436465
dataset_nimda_6893_1_rrc04.csv,0.6594427244582043,88.0,20.0,1.0,0.004243281471004243,0.008450704225352112
dataset_nimda_6893_5_rrc04.csv,0.65478515625,88.0,20.0,0.0,0.0,0.0
dataset_nimda_513_1_rrc04.csv,0.6584752321981424,40.0,20.0,1.0,0.0014144271570014145,0.0028248587570621478
dataset_nimda_513_5_rrc04.csv,0.658203125,40.0,20.0,1.0,0.0099009900990099,0.0196078431372549
dataset_nimda_559_1_rrc04.csv,0.6730843653250774,40.0,20.0,0.9875,0.044695898161244696,0.08552097428958053
dataset_nimda_559_5_rrc04.csv,0.80419921875,40.0,20.0,0.9112903225806452,0.4794908062234795,0.6283595922150139
dataset_nimda_6893_1_rrc04.csv,0.6593459752321982,40.0,20.0,1.0,0.0039603960396039604,0.007889546351084813
dataset_nimda_6893_5_rrc04.csv,0.65478515625,40.0,20.0,0.0,0.0,0.0
dataset_nimda_513_1_rrc04.csv,0.6580882352941176,97.0,20.0,1.0,0.0002828854314002829,0.0005656108597285067
dataset_nimda_513_5_rrc04.csv,0.65478515625,97.0,20.0,0.0,0.0,0.0
dataset_nimda_559_1_rrc04.csv,0.6808243034055728,97.0,20.0,0.946969696969697,0.07072135785007072,0.13161358252171626
dataset_nimda_559_5_rrc04.csv,0.8134765625,97.0,20.0,0.8896882494004796,0.5247524752475248,0.6601423487544484
dataset_nimda_6893_1_rrc04.csv,0.6602167182662538,97.0,20.0,1.0,0.006506364922206506,0.012928611579539066
dataset_nimda_6893_5_rrc04.csv,0.65478515625,97.0,20.0,0.0,0.0,0.0
dataset_nimda_513_1_rrc04.csv,0.6582817337461301,56.0,20.0,1.0,0.0008486562942008486,0.0016958733747880154
dataset_nimda_513_5_rrc04.csv,0.65478515625,56.0,20.0,0.0,0.0,0.0
dataset_nimda_559_1_rrc04.csv,0.6629256965944272,56.0,20.0,0.9047619047619048,0.016124469589816125,0.03168426903835464
dataset_nimda_559_5_rrc04.csv,0.80322265625,56.0,20.0,0.9130434782608696,0.4752475247524752,0.6251162790697674
dataset_nimda_6893_1_rrc04.csv,0.6590557275541795,56.0,20.0,1.0,0.003111739745403112,0.006204173716864073
dataset_nimda_6893_5_rrc04.csv,0.65478515625,56.0,20.0,0.0,0.0,0.0
dataset_nimda_513_1_rrc04.csv,0.6580882352941176,32.0,20.0,1.0,0.0002828854314002829,0.0005656108597285067
dataset_nimda_513_5_rrc04.csv,0.6552734375,32.0,20.0,1.0,0.0014144271570014145,0.0028248587570621478
dataset_nimda_559_1_rrc04.csv,0.6742453560371517,32.0,20.0,1.0,0.047524752475247525,0.09073724007561436
dataset_nimda_559_5_rrc04.csv,0.80859375,32.0,20.0,0.9758308157099698,0.4568599717114569,0.6223506743737957
dataset_nimda_6893_1_rrc04.csv,0.6590557275541795,32.0,20.0,1.0,0.003111739745403112,0.006204173716864073
dataset_nimda_6893_5_rrc04.csv,0.65478515625,32.0,20.0,0.0,0.0,0.0
dataset_nimda_513_1_rrc04.csv,0.6579914860681114,15.0,20.0,0.0,0.0,0.0
dataset_nimda_513_5_rrc04.csv,0.65478515625,15.0,20.0,0.0,0.0,0.0
dataset_nimda_559_1_rrc04.csv,0.6579914860681114,15.0,20.0,0.0,0.0,0.0
dataset_nimda_559_5_rrc04.csv,0.65478515625,15.0,20.0,0.0,0.0,0.0
dataset_nimda_6893_1_rrc04.csv,0.6579914860681114,15.0,20.0,0.0,0.0,0.0
dataset_nimda_6893_5_rrc04.csv,0.65478515625,15.0,20.0,0.0,0.0,0.0
dataset_nimda_513_1_rrc04.csv,0.6579914860681114,85.0,20.0,0.0,0.0,0.0
dataset_nimda_513_5_rrc04.csv,0.65478515625,85.0,20.0,0.0,0.0,0.0
dataset_nimda_559_1_rrc04.csv,0.6579914860681114,85.0,20.0,0.0,0.0,0.0
dataset_nimda_559_5_rrc04.csv,0.72021484375,85.0,20.0,0.91875,0.2079207920792079,0.3391003460207612
dataset_nimda_6893_1_rrc04.csv,0.6588622291021672,85.0,20.0,1.0,0.002545968882602546,0.005079006772009029
dataset_nimda_6893_5_rrc04.csv,0.65478515625,85.0,20.0,0.0,0.0,0.0
dataset_nimda_513_1_rrc04.csv,0.6579914860681114,9.0,20.0,0.0,0.0,0.0
dataset_nimda_513_5_rrc04.csv,0.65478515625,9.0,20.0,0.0,0.0,0.0
dataset_nimda_559_1_rrc04.csv,0.6579914860681114,9.0,20.0,0.0,0.0,0.0
dataset_nimda_559_5_rrc04.csv,0.65478515625,9.0,20.0,0.0,0.0,0.0
dataset_nimda_6893_1_rrc04.csv,0.6579914860681114,9.0,20.0,0.0,0.0,0.0
dataset_nimda_6893_5_rrc04.csv,0.65478515625,9.0,20.0,0.0,0.0,0.0
dataset_nimda_513_1_rrc04.csv,0.6582817337461301,48.0,20.0,1.0,0.0008486562942008486,0.0016958733747880154
dataset_nimda_513_5_rrc04.csv,0.6552734375,48.0,20.0,1.0,0.0014144271570014145,0.0028248587570621478
dataset_nimda_559_1_rrc04.csv,0.6656346749226006,48.0,20.0,1.0,0.022347949080622348,0.04371887105700055
dataset_nimda_559_5_rrc04.csv,0.8037109375,48.0,20.0,0.9178082191780822,0.4738330975954738,0.625
dataset_nimda_6893_1_rrc04.csv,0.6590557275541795,48.0,20.0,1.0,0.003111739745403112,0.006204173716864073
dataset_nimda_6893_5_rrc04.csv,0.65478515625,48.0,20.0,0.0,0.0,0.0
dataset_nimda_513_1_rrc04.csv,0.6584752321981424,52.0,20.0,1.0,0.0014144271570014145,0.0028248587570621478
dataset_nimda_513_5_rrc04.csv,0.66015625,52.0,20.0,1.0,0.01555869872701556,0.030640668523676882
dataset_nimda_559_1_rrc04.csv,0.6782120743034056,52.0,20.0,0.9644444444444444,0.061386138613861385,0.1154255319148936
dataset_nimda_559_5_rrc04.csv,0.822265625,52.0,20.0,0.9054373522458627,0.5417256011315418,0.6778761061946903
dataset_nimda_6893_1_rrc04.csv,0.6599264705882353,52.0,20.0,1.0,0.005657708628005658,0.011251758087201124
dataset_nimda_6893_5_rrc04.csv,0.65478515625,52.0,20.0,0.0,0.0,0.0
dataset_nimda_513_1_rrc04.csv,0.6580882352941176,78.0,20.0,1.0,0.0002828854314002829,0.0005656108597285067
dataset_nimda_513_5_rrc04.csv,0.65478515625,78.0,20.0,0.0,0.0,0.0
dataset_nimda_559_1_rrc04.csv,0.6674729102167183,78.0,20.0,0.9224137931034484,0.03026874115983027,0.05861407833470283
dataset_nimda_559_5_rrc04.csv,0.8046875,78.0,20.0,0.9028871391076116,0.4865629420084866,0.6323529411764706
dataset_nimda_6893_1_rrc04.csv,0.6597329721362231,78.0,20.0,1.0,0.005091937765205092,0.010132282578103013
dataset_nimda_6893_5_rrc04.csv,0.65478515625,78.0,20.0,0.0,0.0,0.0
dataset_nimda_513_1_rrc04.csv,0.6579914860681114,35.0,20.0,0.0,0.0,0.0
dataset_nimda_513_5_rrc04.csv,0.65478515625,35.0,20.0,0.0,0.0,0.0
dataset_nimda_559_1_rrc04.csv,0.6585719814241486,35.0,20.0,1.0,0.0016973125884016972,0.0033888731996611124
dataset_nimda_559_5_rrc04.csv,0.7275390625,35.0,20.0,0.9745222929936306,0.2164073550212164,0.3541666666666667
dataset_nimda_6893_1_rrc04.csv,0.6589589783281734,35.0,20.0,1.0,0.002828854314002829,0.005641748942172072
dataset_nimda_6893_5_rrc04.csv,0.65478515625,35.0,20.0,0.0,0.0,0.0
dataset_nimda_513_1_rrc04.csv,0.6580882352941176,51.0,20.0,1.0,0.0002828854314002829,0.0005656108597285067
dataset_nimda_513_5_rrc04.csv,0.65478515625,51.0,20.0,0.0,0.0,0.0
dataset_nimda_559_1_rrc04.csv,0.6589589783281734,51.0,20.0,1.0,0.002828854314002829,0.005641748942172072
dataset_nimda_559_5_rrc04.csv,0.77294921875,51.0,20.0,0.9448529411764706,0.3635077793493635,0.5250255362614913
dataset_nimda_6893_1_rrc04.csv,0.6589589783281734,51.0,20.0,1.0,0.002828854314002829,0.005641748942172072
dataset_nimda_6893_5_rrc04.csv,0.65478515625,51.0,20.0,0.0,0.0,0.0
dataset_nimda_513_1_rrc04.csv,0.6580882352941176,73.0,20.0,1.0,0.0002828854314002829,0.0005656108597285067
dataset_nimda_513_5_rrc04.csv,0.65478515625,73.0,20.0,0.0,0.0,0.0
dataset_nimda_559_1_rrc04.csv,0.6619582043343654,73.0,20.0,0.9019607843137256,0.013012729844413012,0.0256553262688232
dataset_nimda_559_5_rrc04.csv,0.80126953125,73.0,20.0,0.9098360655737704,0.471004243281471,0.6206896551724138
dataset_nimda_6893_1_rrc04.csv,0.6594427244582043,73.0,20.0,1.0,0.004243281471004243,0.008450704225352112
dataset_nimda_6893_5_rrc04.csv,0.65478515625,73.0,20.0,0.0,0.0,0.0
dataset_nimda_513_1_rrc04.csv,0.6579914860681114,6.0,20.0,0.0,0.0,0.0
dataset_nimda_513_5_rrc04.csv,0.65478515625,6.0,20.0,0.0,0.0,0.0
dataset_nimda_559_1_rrc04.csv,0.6579914860681114,6.0,20.0,0.0,0.0,0.0
dataset_nimda_559_5_rrc04.csv,0.65478515625,6.0,20.0,0.0,0.0,0.0
dataset_nimda_6893_1_rrc04.csv,0.6579914860681114,6.0,20.0,0.0,0.0,0.0
dataset_nimda_6893_5_rrc04.csv,0.65478515625,6.0,20.0,0.0,0.0,0.0
dataset_nimda_513_1_rrc04.csv,0.6579914860681114,74.0,20.0,0.0,0.0,0.0
dataset_nimda_513_5_rrc04.csv,0.65478515625,74.0,20.0,0.0,0.0,0.0
dataset_nimda_559_1_rrc04.csv,0.6591524767801857,74.0,20.0,1.0,0.0033946251768033945,0.006766281364533409
dataset_nimda_559_5_rrc04.csv,0.77734375,74.0,20.0,0.9312714776632304,0.3833097595473833,0.5430861723446894
dataset_nimda_6893_1_rrc04.csv,0.6590557275541795,74.0,20.0,1.0,0.003111739745403112,0.006204173716864073
dataset_nimda_6893_5_rrc04.csv,0.65478515625,74.0,20.0,0.0,0.0,0.0
dataset_nimda_513_1_rrc04.csv,0.7031733746130031,20.0,20.0,1.0,0.1321074964639321,0.2333833083458271
dataset_nimda_513_5_rrc04.csv,0.70947265625,20.0,20.0,1.0,0.15841584158415842,0.27350427350427353
dataset_nimda_559_1_rrc04.csv,0.6536377708978328,20.0,20.0,0.4968376669009136,1.0,0.6638497652582159
dataset_nimda_559_5_rrc04.csv,0.728515625,20.0,20.0,0.5629691409507923,0.9547383309759548,0.7082896117523609
dataset_nimda_6893_1_rrc04.csv,0.6600232198142415,20.0,20.0,1.0,0.005940594059405941,0.011811023622047244
dataset_nimda_6893_5_rrc04.csv,0.65478515625,20.0,20.0,0.0,0.0,0.0
dataset_nimda_513_1_rrc04.csv,0.6584752321981424,45.0,20.0,1.0,0.0014144271570014145,0.0028248587570621478
dataset_nimda_513_5_rrc04.csv,0.66015625,45.0,20.0,1.0,0.01555869872701556,0.030640668523676882
dataset_nimda_559_1_rrc04.csv,0.6689241486068112,45.0,20.0,0.9448818897637796,0.033946251768033946,0.0655379574003277
dataset_nimda_559_5_rrc04.csv,0.80517578125,45.0,20.0,0.9074074074074074,0.4851485148514851,0.6322580645161291
dataset_nimda_6893_1_rrc04.csv,0.6591524767801857,45.0,20.0,1.0,0.0033946251768033945,0.006766281364533409
dataset_nimda_6893_5_rrc04.csv,0.65478515625,45.0,20.0,0.0,0.0,0.0
dataset_nimda_513_1_rrc04.csv,0.6581849845201239,55.0,20.0,1.0,0.0005657708628005657,0.0011309018942606726
dataset_nimda_513_5_rrc04.csv,0.65478515625,55.0,20.0,0.0,0.0,0.0
dataset_nimda_559_1_rrc04.csv,0.6600232198142415,55.0,20.0,0.8888888888888888,0.006789250353606789,0.01347557551937114
dataset_nimda_559_5_rrc04.csv,0.787109375,55.0,20.0,0.9247648902821316,0.4172560113154172,0.5750487329434698
dataset_nimda_6893_1_rrc04.csv,0.6590557275541795,55.0,20.0,1.0,0.003111739745403112,0.006204173716864073
dataset_nimda_6893_5_rrc04.csv,0.65478515625,55.0,20.0,0.0,0.0,0.0
dataset_nimda_513_1_rrc04.csv,0.6665054179566563,33.0,20.0,1.0,0.02489391796322489,0.04857852608335634
dataset_nimda_513_5_rrc04.csv,0.6982421875,33.0,20.0,1.0,0.12588401697312587,0.22361809045226128
dataset_nimda_559_1_rrc04.csv,0.7876354489164087,33.0,20.0,0.743282498184459,0.5790664780763791,0.6509778979169979
dataset_nimda_559_5_rrc04.csv,0.861328125,33.0,20.0,0.7276641550053822,0.9561527581329562,0.8264058679706602
dataset_nimda_6893_1_rrc04.csv,0.6608939628482973,33.0,20.0,1.0,0.008486562942008486,0.016830294530154274
dataset_nimda_6893_5_rrc04.csv,0.6591796875,33.0,20.0,1.0,0.01272984441301273,0.025139664804469268
dataset_nimda_513_1_rrc04.csv,0.6581849845201239,28.0,20.0,1.0,0.0005657708628005657,0.0011309018942606726
dataset_nimda_513_5_rrc04.csv,0.65625,28.0,20.0,1.0,0.004243281471004243,0.008450704225352112
dataset_nimda_559_1_rrc04.csv,0.677921826625387,28.0,20.0,1.0,0.058274398868458276,0.11013098102111736
dataset_nimda_559_5_rrc04.csv,0.79052734375,28.0,20.0,0.9727891156462584,0.4045261669024045,0.5714285714285714
dataset_nimda_6893_1_rrc04.csv,0.6589589783281734,28.0,20.0,1.0,0.002828854314002829,0.005641748942172072
dataset_nimda_6893_5_rrc04.csv,0.65478515625,28.0,20.0,0.0,0.0,0.0
dataset_nimda_513_1_rrc04.csv,0.6579914860681114,1.0,20.0,0.0,0.0,0.0
dataset_nimda_513_5_rrc04.csv,0.65478515625,1.0,20.0,0.0,0.0,0.0
dataset_nimda_559_1_rrc04.csv,0.6579914860681114,1.0,20.0,0.0,0.0,0.0
dataset_nimda_559_5_rrc04.csv,0.65478515625,1.0,20.0,0.0,0.0,0.0
dataset_nimda_6893_1_rrc04.csv,0.6579914860681114,1.0,20.0,0.0,0.0,0.0
dataset_nimda_6893_5_rrc04.csv,0.65478515625,1.0,20.0,0.0,0.0,0.0
dataset_nimda_513_1_rrc04.csv,0.6584752321981424,91.0,20.0,1.0,0.0014144271570014145,0.0028248587570621478
dataset_nimda_513_5_rrc04.csv,0.6611328125,91.0,20.0,1.0,0.018387553041018388,0.036111111111111115
dataset_nimda_559_1_rrc04.csv,0.7093653250773994,91.0,20.0,0.9234449760765552,0.1637906647807638,0.27823161941374336
dataset_nimda_559_5_rrc04.csv,0.80615234375,91.0,20.0,0.7574750830564784,0.6449787835926449,0.6967150496562261
dataset_nimda_6893_1_rrc04.csv,0.6607004643962848,91.0,20.0,1.0,0.007920792079207921,0.015717092337917484
dataset_nimda_6893_5_rrc04.csv,0.65771484375,91.0,20.0,1.0,0.008486562942008486,0.016830294530154274
dataset_nimda_513_1_rrc04.csv,0.6579914860681114,13.0,20.0,0.0,0.0,0.0
dataset_nimda_513_5_rrc04.csv,0.65478515625,13.0,20.0,0.0,0.0,0.0
dataset_nimda_559_1_rrc04.csv,0.6578947368421053,13.0,20.0,0.0,0.0,0.0
dataset_nimda_559_5_rrc04.csv,0.65478515625,13.0,20.0,0.0,0.0,0.0
dataset_nimda_6893_1_rrc04.csv,0.6579914860681114,13.0,20.0,0.0,0.0,0.0
dataset_nimda_6893_5_rrc04.csv,0.65478515625,13.0,20.0,0.0,0.0,0.0
dataset_nimda_513_1_rrc04.csv,0.6579914860681114,5.0,20.0,0.0,0.0,0.0
dataset_nimda_513_5_rrc04.csv,0.65478515625,5.0,20.0,0.0,0.0,0.0
dataset_nimda_559_1_rrc04.csv,0.6579914860681114,5.0,20.0,0.0,0.0,0.0
dataset_nimda_559_5_rrc04.csv,0.65478515625,5.0,20.0,0.0,0.0,0.0
dataset_nimda_6893_1_rrc04.csv,0.6579914860681114,5.0,20.0,0.0,0.0,0.0
dataset_nimda_6893_5_rrc04.csv,0.65478515625,5.0,20.0,0.0,0.0,0.0
dataset_nimda_513_1_rrc04.csv,0.6579914860681114,16.0,20.0,0.0,0.0,0.0
dataset_nimda_513_5_rrc04.csv,0.65478515625,16.0,20.0,0.0,0.0,0.0
dataset_nimda_559_1_rrc04.csv,0.6579914860681114,16.0,20.0,0.0,0.0,0.0
dataset_nimda_559_5_rrc04.csv,0.65478515625,16.0,20.0,0.0,0.0,0.0
dataset_nimda_6893_1_rrc04.csv,0.6579914860681114,16.0,20.0,0.0,0.0,0.0
dataset_nimda_6893_5_rrc04.csv,0.65478515625,16.0,20.0,0.0,0.0,0.0
dataset_nimda_513_1_rrc04.csv,0.6579914860681114,87.0,20.0,0.0,0.0,0.0
dataset_nimda_513_5_rrc04.csv,0.65478515625,87.0,20.0,0.0,0.0,0.0
dataset_nimda_559_1_rrc04.csv,0.6636029411764706,87.0,20.0,0.8815789473684209,0.018953323903818955,0.03710883411797286
dataset_nimda_559_5_rrc04.csv,0.80224609375,87.0,20.0,0.9059139784946236,0.4766619519094767,0.6246524559777572
dataset_nimda_6893_1_rrc04.csv,0.6591524767801857,87.0,20.0,1.0,0.0033946251768033945,0.006766281364533409
dataset_nimda_6893_5_rrc04.csv,0.65478515625,87.0,20.0,0.0,0.0,0.0
dataset_nimda_513_1_rrc04.csv,0.6579914860681114,39.0,20.0,0.0,0.0,0.0
dataset_nimda_513_5_rrc04.csv,0.65478515625,39.0,20.0,0.0,0.0,0.0
dataset_nimda_559_1_rrc04.csv,0.6580882352941176,39.0,20.0,1.0,0.0002828854314002829,0.0005656108597285067
dataset_nimda_559_5_rrc04.csv,0.7236328125,39.0,20.0,0.9731543624161074,0.2050919377652051,0.338785046728972
dataset_nimda_6893_1_rrc04.csv,0.6588622291021672,39.0,20.0,1.0,0.002545968882602546,0.005079006772009029
dataset_nimda_6893_5_rrc04.csv,0.65478515625,39.0,20.0,0.0,0.0,0.0
dataset_nimda_513_1_rrc04.csv,0.6579914860681114,31.0,20.0,0.0,0.0,0.0
dataset_nimda_513_5_rrc04.csv,0.65478515625,31.0,20.0,0.0,0.0,0.0
dataset_nimda_559_1_rrc04.csv,0.6580882352941176,31.0,20.0,1.0,0.0002828854314002829,0.0005656108597285067
dataset_nimda_559_5_rrc04.csv,0.6982421875,31.0,20.0,1.0,0.12588401697312587,0.22361809045226128
dataset_nimda_6893_1_rrc04.csv,0.658765479876161,31.0,20.0,1.0,0.002263083451202263,0.004515946937623482
dataset_nimda_6893_5_rrc04.csv,0.65478515625,31.0,20.0,0.0,0.0,0.0
dataset_nimda_513_1_rrc04.csv,0.6579914860681114,2.0,20.0,0.0,0.0,0.0
dataset_nimda_513_5_rrc04.csv,0.65478515625,2.0,20.0,0.0,0.0,0.0
dataset_nimda_559_1_rrc04.csv,0.6579914860681114,2.0,20.0,0.0,0.0,0.0
dataset_nimda_559_5_rrc04.csv,0.65478515625,2.0,20.0,0.0,0.0,0.0
dataset_nimda_6893_1_rrc04.csv,0.6579914860681114,2.0,20.0,0.0,0.0,0.0
dataset_nimda_6893_5_rrc04.csv,0.65478515625,2.0,20.0,0.0,0.0,0.0
dataset_nimda_513_1_rrc04.csv,0.6579914860681114,61.0,20.0,0.0,0.0,0.0
dataset_nimda_513_5_rrc04.csv,0.65478515625,61.0,20.0,0.0,0.0,0.0
dataset_nimda_559_1_rrc04.csv,0.6592492260061921,61.0,20.0,1.0,0.0036775106082036772,0.007328072153325819
dataset_nimda_559_5_rrc04.csv,0.787109375,61.0,20.0,0.9385113268608414,0.4101838755304102,0.5708661417322834
dataset_nimda_6893_1_rrc04.csv,0.6589589783281734,61.0,20.0,1.0,0.002828854314002829,0.005641748942172072
dataset_nimda_6893_5_rrc04.csv,0.65478515625,61.0,20.0,0.0,0.0,0.0
dataset_nimda_513_1_rrc04.csv,0.6580882352941176,71.0,20.0,1.0,0.0002828854314002829,0.0005656108597285067
dataset_nimda_513_5_rrc04.csv,0.65478515625,71.0,20.0,0.0,0.0,0.0
dataset_nimda_559_1_rrc04.csv,0.6626354489164087,71.0,20.0,0.875,0.015841584158415842,0.03111975548763545
dataset_nimda_559_5_rrc04.csv,0.80419921875,71.0,20.0,0.9090909090909092,0.4809052333804809,0.6290471785383903
dataset_nimda_6893_1_rrc04.csv,0.6591524767801857,71.0,20.0,1.0,0.0033946251768033945,0.006766281364533409
dataset_nimda_6893_5_rrc04.csv,0.65478515625,71.0,20.0,0.0,0.0,0.0
dataset_nimda_513_1_rrc04.csv,0.6651509287925697,29.0,20.0,1.0,0.02093352192362093,0.04100858963701857
dataset_nimda_513_5_rrc04.csv,0.69091796875,29.0,20.0,1.0,0.10466760961810467,0.1895006402048656
dataset_nimda_559_1_rrc04.csv,0.7725425696594427,29.0,20.0,0.7603342128408092,0.4891089108910891,0.5952831812704423
dataset_nimda_559_5_rrc04.csv,0.841796875,29.0,20.0,0.7496740547588006,0.8132956152758133,0.7801899592944369
dataset_nimda_6893_1_rrc04.csv,0.6604102167182663,29.0,20.0,1.0,0.007072135785007072,0.01404494382022472
dataset_nimda_6893_5_rrc04.csv,0.6552734375,29.0,20.0,1.0,0.0014144271570014145,0.0028248587570621478
dataset_nimda_513_1_rrc04.csv,0.6581849845201239,37.0,20.0,1.0,0.0005657708628005657,0.0011309018942606726
dataset_nimda_513_5_rrc04.csv,0.65478515625,37.0,20.0,0.0,0.0,0.0
dataset_nimda_559_1_rrc04.csv,0.6625386996904025,37.0,20.0,1.0,0.013295615275813296,0.026242322724734788
dataset_nimda_559_5_rrc04.csv,0.78125,37.0,20.0,0.9450171821305842,0.38896746817538896,0.5511022044088176
dataset_nimda_6893_1_rrc04.csv,0.6589589783281734,37.0,20.0,1.0,0.002828854314002829,0.005641748942172072
dataset_nimda_6893_5_rrc04.csv,0.65478515625,37.0,20.0,0.0,0.0,0.0
dataset_nimda_513_1_rrc04.csv,0.6580882352941176,95.0,20.0,1.0,0.0002828854314002829,0.0005656108597285067
dataset_nimda_513_5_rrc04.csv,0.65478515625,95.0,20.0,0.0,0.0,0.0
dataset_nimda_559_1_rrc04.csv,0.6676664086687306,95.0,20.0,0.923728813559322,0.030834512022630836,0.05967697782644401
dataset_nimda_559_5_rrc04.csv,0.802734375,95.0,20.0,0.9018567639257294,0.4809052333804809,0.6273062730627306
dataset_nimda_6893_1_rrc04.csv,0.6593459752321982,95.0,20.0,1.0,0.0039603960396039604,0.007889546351084813
dataset_nimda_6893_5_rrc04.csv,0.65478515625,95.0,20.0,0.0,0.0,0.0
dataset_nimda_513_1_rrc04.csv,0.6584752321981424,49.0,20.0,1.0,0.0014144271570014145,0.0028248587570621478
dataset_nimda_513_5_rrc04.csv,0.66015625,49.0,20.0,1.0,0.01555869872701556,0.030640668523676882
dataset_nimda_559_1_rrc04.csv,0.6792763157894737,49.0,20.0,0.97008547008547,0.06421499292786421,0.12045635447068187
dataset_nimda_559_5_rrc04.csv,0.81884765625,49.0,20.0,0.9057971014492754,0.5304101838755304,0.6690454950936664
dataset_nimda_6893_1_rrc04.csv,0.6598297213622291,49.0,20.0,1.0,0.005374823196605375,0.010692177827799665
dataset_nimda_6893_5_rrc04.csv,0.65478515625,49.0,20.0,0.0,0.0,0.0
dataset_nimda_513_1_rrc04.csv,0.6579914860681114,25.0,20.0,0.0,0.0,0.0
dataset_nimda_513_5_rrc04.csv,0.65478515625,25.0,20.0,0.0,0.0,0.0
dataset_nimda_559_1_rrc04.csv,0.6581849845201239,25.0,20.0,1.0,0.0005657708628005657,0.0011309018942606726
dataset_nimda_559_5_rrc04.csv,0.68701171875,25.0,20.0,1.0,0.09335219236209336,0.17076326002587325
dataset_nimda_6893_1_rrc04.csv,0.6579914860681114,25.0,20.0,0.0,0.0,0.0
dataset_nimda_6893_5_rrc04.csv,0.65478515625,25.0,20.0,0.0,0.0,0.0
dataset_nimda_513_1_rrc04.csv,0.662828947368421,30.0,20.0,1.0,0.014144271570014143,0.027894002789400275
dataset_nimda_513_5_rrc04.csv,0.6865234375,30.0,20.0,1.0,0.09193776520509192,0.16839378238341968
dataset_nimda_559_1_rrc04.csv,0.7654798761609907,30.0,20.0,0.7821229050279329,0.4356435643564357,0.5595930232558138
dataset_nimda_559_5_rrc04.csv,0.841796875,30.0,20.0,0.7570469798657719,0.7977369165487977,0.7768595041322314
dataset_nimda_6893_1_rrc04.csv,0.6604102167182663,30.0,20.0,1.0,0.007072135785007072,0.01404494382022472
dataset_nimda_6893_5_rrc04.csv,0.6552734375,30.0,20.0,1.0,0.0014144271570014145,0.0028248587570621478
dataset_nimda_513_1_rrc04.csv,0.6584752321981424,68.0,20.0,1.0,0.0014144271570014145,0.0028248587570621478
dataset_nimda_513_5_rrc04.csv,0.65625,68.0,20.0,1.0,0.004243281471004243,0.008450704225352112
dataset_nimda_559_1_rrc04.csv,0.6755998452012384,68.0,20.0,0.9460784313725491,0.0545968882602546,0.10323615940090934
dataset_nimda_559_5_rrc04.csv,0.8173828125,68.0,20.0,0.8973747016706444,0.5318246110325319,0.6678507992895204
dataset_nimda_6893_1_rrc04.csv,0.6601199690402477,68.0,20.0,1.0,0.0062234794908062226,0.012369974697779026
dataset_nimda_6893_5_rrc04.csv,0.6552734375,68.0,20.0,1.0,0.0014144271570014145,0.0028248587570621478
dataset_nimda_513_1_rrc04.csv,0.6584752321981424,50.0,20.0,1.0,0.0014144271570014145,0.0028248587570621478
dataset_nimda_513_5_rrc04.csv,0.66015625,50.0,20.0,1.0,0.01555869872701556,0.030640668523676882
dataset_nimda_559_1_rrc04.csv,0.6712461300309598,50.0,20.0,0.9477124183006536,0.04101838755304102,0.07863340563991324
dataset_nimda_559_5_rrc04.csv,0.80810546875,50.0,20.0,0.9046391752577321,0.4964639321074965,0.6410958904109588
dataset_nimda_6893_1_rrc04.csv,0.6592492260061921,50.0,20.0,1.0,0.0036775106082036772,0.007328072153325819
dataset_nimda_6893_5_rrc04.csv,0.65478515625,50.0,20.0,0.0,0.0,0.0
dataset_nimda_513_1_rrc04.csv,0.6580882352941176,94.0,20.0,1.0,0.0002828854314002829,0.0005656108597285067
dataset_nimda_513_5_rrc04.csv,0.65478515625,94.0,20.0,0.0,0.0,0.0
dataset_nimda_559_1_rrc04.csv,0.6772445820433437,94.0,20.0,0.9383259911894272,0.060254596888260264,0.11323763955342905
dataset_nimda_559_5_rrc04.csv,0.81103515625,94.0,20.0,0.8902439024390244,0.5162659123055162,0.6535362578334826
dataset_nimda_6893_1_rrc04.csv,0.6597329721362231,94.0,20.0,1.0,0.005091937765205092,0.010132282578103013
dataset_nimda_6893_5_rrc04.csv,0.65478515625,94.0,20.0,0.0,0.0,0.0
dataset_nimda_513_1_rrc04.csv,0.6582817337461301,93.0,20.0,1.0,0.0008486562942008486,0.0016958733747880154
dataset_nimda_513_5_rrc04.csv,0.6552734375,93.0,20.0,1.0,0.0014144271570014145,0.0028248587570621478
dataset_nimda_559_1_rrc04.csv,0.6860487616099071,93.0,20.0,0.9559748427672956,0.08599717114568599,0.15779911757072415
dataset_nimda_559_5_rrc04.csv,0.81591796875,93.0,20.0,0.8618421052631579,0.5558698727015559,0.6758383490971624
dataset_nimda_6893_1_rrc04.csv,0.66031346749226,93.0,20.0,1.0,0.006789250353606789,0.013486934532171957
dataset_nimda_6893_5_rrc04.csv,0.6552734375,93.0,20.0,1.0,0.0014144271570014145,0.0028248587570621478
dataset_nimda_513_1_rrc04.csv,0.6579914860681114,3.0,20.0,0.0,0.0,0.0
dataset_nimda_513_5_rrc04.csv,0.65478515625,3.0,20.0,0.0,0.0,0.0
dataset_nimda_559_1_rrc04.csv,0.6579914860681114,3.0,20.0,0.0,0.0,0.0
dataset_nimda_559_5_rrc04.csv,0.65478515625,3.0,20.0,0.0,0.0,0.0
dataset_nimda_6893_1_rrc04.csv,0.6579914860681114,3.0,20.0,0.0,0.0,0.0
dataset_nimda_6893_5_rrc04.csv,0.65478515625,3.0,20.0,0.0,0.0,0.0
dataset_nimda_513_1_rrc04.csv,0.6579914860681114,27.0,20.0,0.0,0.0,0.0
dataset_nimda_513_5_rrc04.csv,0.65478515625,27.0,20.0,0.0,0.0,0.0
dataset_nimda_559_1_rrc04.csv,0.6579914860681114,27.0,20.0,0.0,0.0,0.0
dataset_nimda_559_5_rrc04.csv,0.70263671875,27.0,20.0,1.0,0.13861386138613865,0.2434782608695652
dataset_nimda_6893_1_rrc04.csv,0.6579914860681114,27.0,20.0,0.0,0.0,0.0
dataset_nimda_6893_5_rrc04.csv,0.65478515625,27.0,20.0,0.0,0.0,0.0
dataset_nimda_513_1_rrc04.csv,0.6579914860681114,24.0,20.0,0.0,0.0,0.0
dataset_nimda_513_5_rrc04.csv,0.65478515625,24.0,20.0,0.0,0.0,0.0
dataset_nimda_559_1_rrc04.csv,0.6579914860681114,24.0,20.0,0.0,0.0,0.0
dataset_nimda_559_5_rrc04.csv,0.65478515625,24.0,20.0,0.0,0.0,0.0
dataset_nimda_6893_1_rrc04.csv,0.6579914860681114,24.0,20.0,0.0,0.0,0.0
dataset_nimda_6893_5_rrc04.csv,0.65478515625,24.0,20.0,0.0,0.0,0.0
dataset_nimda_513_1_rrc04.csv,0.6579914860681114,18.0,20.0,0.0,0.0,0.0
dataset_nimda_513_5_rrc04.csv,0.65478515625,18.0,20.0,0.0,0.0,0.0
dataset_nimda_559_1_rrc04.csv,0.8384287925696594,18.0,20.0,1.0,0.5275813295615276,0.6907407407407408
dataset_nimda_559_5_rrc04.csv,0.75439453125,18.0,20.0,0.6939163498098859,0.5162659123055162,0.592051905920519
dataset_nimda_6893_1_rrc04.csv,0.6579914860681114,18.0,20.0,0.0,0.0,0.0
dataset_nimda_6893_5_rrc04.csv,0.65478515625,18.0,20.0,0.0,0.0,0.0
dataset_nimda_513_1_rrc04.csv,0.6579914860681114,43.0,20.0,0.0,0.0,0.0
dataset_nimda_513_5_rrc04.csv,0.65478515625,43.0,20.0,0.0,0.0,0.0
dataset_nimda_559_1_rrc04.csv,0.6579914860681114,43.0,20.0,0.0,0.0,0.0
dataset_nimda_559_5_rrc04.csv,0.7021484375,43.0,20.0,1.0,0.1371994342291372,0.24129353233830844
dataset_nimda_6893_1_rrc04.csv,0.6588622291021672,43.0,20.0,1.0,0.002545968882602546,0.005079006772009029
dataset_nimda_6893_5_rrc04.csv,0.65478515625,43.0,20.0,0.0,0.0,0.0
dataset_nimda_513_1_rrc04.csv,0.6580882352941176,67.0,20.0,1.0,0.0002828854314002829,0.0005656108597285067
dataset_nimda_513_5_rrc04.csv,0.65478515625,67.0,20.0,0.0,0.0,0.0
dataset_nimda_559_1_rrc04.csv,0.6666989164086687,67.0,20.0,0.9411764705882352,0.02715700141442716,0.05279076161671707
dataset_nimda_559_5_rrc04.csv,0.8046875,67.0,20.0,0.9050131926121372,0.4851485148514851,0.6316758747697975
dataset_nimda_6893_1_rrc04.csv,0.6595394736842105,67.0,20.0,1.0,0.004526166902404526,0.009011546043368065
dataset_nimda_6893_5_rrc04.csv,0.65478515625,67.0,20.0,0.0,0.0,0.0
dataset_nimda_513_1_rrc04.csv,0.6584752321981424,38.0,20.0,1.0,0.0014144271570014145,0.0028248587570621478
dataset_nimda_513_5_rrc04.csv,0.6572265625,38.0,20.0,1.0,0.007072135785007072,0.01404494382022472
dataset_nimda_559_1_rrc04.csv,0.6744388544891641,38.0,20.0,0.9885057471264368,0.04865629420084865,0.09274737125909947
dataset_nimda_559_5_rrc04.csv,0.81005859375,38.0,20.0,0.9184210526315788,0.4936350777934936,0.6421343146274149
dataset_nimda_6893_1_rrc04.csv,0.6591524767801857,38.0,20.0,1.0,0.0033946251768033945,0.006766281364533409
dataset_nimda_6893_5_rrc04.csv,0.65478515625,38.0,20.0,0.0,0.0,0.0
dataset_nimda_513_1_rrc04.csv,0.6579914860681114,83.0,20.0,0.0,0.0,0.0
dataset_nimda_513_5_rrc04.csv,0.65478515625,83.0,20.0,0.0,0.0,0.0
dataset_nimda_559_1_rrc04.csv,0.6604102167182663,83.0,20.0,0.9032258064516128,0.007920792079207921,0.015703869882220976
dataset_nimda_559_5_rrc04.csv,0.79931640625,83.0,20.0,0.9134078212290504,0.4625176803394625,0.6140845070422536
dataset_nimda_6893_1_rrc04.csv,0.6592492260061921,83.0,20.0,1.0,0.0036775106082036772,0.007328072153325819
dataset_nimda_6893_5_rrc04.csv,0.65478515625,83.0,20.0,0.0,0.0,0.0
dataset_nimda_513_1_rrc04.csv,0.6584752321981424,72.0,20.0,1.0,0.0014144271570014145,0.0028248587570621478
dataset_nimda_513_5_rrc04.csv,0.6552734375,72.0,20.0,1.0,0.0014144271570014145,0.0028248587570621478
dataset_nimda_559_1_rrc04.csv,0.6758900928792569,72.0,20.0,0.9383886255924172,0.05601131541725601,0.10571276027762946
dataset_nimda_559_5_rrc04.csv,0.8154296875,72.0,20.0,0.8963855421686747,0.5261669024045261,0.6631016042780749
dataset_nimda_6893_1_rrc04.csv,0.6601199690402477,72.0,20.0,1.0,0.0062234794908062226,0.012369974697779026
dataset_nimda_6893_5_rrc04.csv,0.65478515625,72.0,20.0,0.0,0.0,0.0
dataset_nimda_513_1_rrc04.csv,0.6586687306501547,70.0,20.0,1.0,0.0019801980198019802,0.003952569169960474
dataset_nimda_513_5_rrc04.csv,0.66796875,70.0,20.0,1.0,0.03818953323903819,0.07356948228882833
dataset_nimda_559_1_rrc04.csv,0.716234520123839,70.0,20.0,0.9024064171122996,0.19094766619519093,0.3151996264300724
dataset_nimda_559_5_rrc04.csv,0.81982421875,70.0,20.0,0.7522388059701492,0.7128712871287128,0.7320261437908496
dataset_nimda_6893_1_rrc04.csv,0.660797213622291,70.0,20.0,1.0,0.008203677510608205,0.016273849607182943
dataset_nimda_6893_5_rrc04.csv,0.65869140625,70.0,20.0,1.0,0.011315417256011316,0.02237762237762238
dataset_nimda_513_1_rrc04.csv,0.6584752321981424,62.0,20.0,1.0,0.0014144271570014145,0.0028248587570621478
dataset_nimda_513_5_rrc04.csv,0.6591796875,62.0,20.0,1.0,0.01272984441301273,0.025139664804469268
dataset_nimda_559_1_rrc04.csv,0.6766640866873065,62.0,20.0,0.9488372093023256,0.057708628005657715,0.10879999999999998
dataset_nimda_559_5_rrc04.csv,0.8212890625,62.0,20.0,0.8974358974358975,0.5445544554455446,0.6778169014084507
dataset_nimda_6893_1_rrc04.csv,0.6599264705882353,62.0,20.0,1.0,0.005657708628005658,0.011251758087201124
dataset_nimda_6893_5_rrc04.csv,0.65478515625,62.0,20.0,0.0,0.0,0.0
dataset_nimda_513_1_rrc04.csv,0.6579914860681114,41.0,20.0,0.0,0.0,0.0
dataset_nimda_513_5_rrc04.csv,0.65478515625,41.0,20.0,0.0,0.0,0.0
dataset_nimda_559_1_rrc04.csv,0.6579914860681114,41.0,20.0,0.0,0.0,0.0
dataset_nimda_559_5_rrc04.csv,0.7001953125,41.0,20.0,0.9894736842105264,0.13295615275813294,0.23441396508728185
dataset_nimda_6893_1_rrc04.csv,0.6588622291021672,41.0,20.0,1.0,0.002545968882602546,0.005079006772009029
dataset_nimda_6893_5_rrc04.csv,0.65478515625,41.0,20.0,0.0,0.0,0.0
dataset_nimda_513_1_rrc04.csv,0.6582817337461301,69.0,20.0,1.0,0.0008486562942008486,0.0016958733747880154
dataset_nimda_513_5_rrc04.csv,0.65478515625,69.0,20.0,0.0,0.0,0.0
dataset_nimda_559_1_rrc04.csv,0.6629256965944272,69.0,20.0,0.8805970149253731,0.01669024045261669,0.032759578012215435
dataset_nimda_559_5_rrc04.csv,0.7998046875,69.0,20.0,0.9113573407202216,0.4653465346534654,0.6161048689138577
dataset_nimda_6893_1_rrc04.csv,0.6591524767801857,69.0,20.0,1.0,0.0033946251768033945,0.006766281364533409
dataset_nimda_6893_5_rrc04.csv,0.65478515625,69.0,20.0,0.0,0.0,0.0
dataset_nimda_513_1_rrc04.csv,0.6580882352941176,92.0,20.0,1.0,0.0002828854314002829,0.0005656108597285067
dataset_nimda_513_5_rrc04.csv,0.65478515625,92.0,20.0,0.0,0.0,0.0
dataset_nimda_559_1_rrc04.csv,0.6725038699690402,92.0,20.0,0.9411764705882352,0.04526166902404526,0.0863697705802969
dataset_nimda_559_5_rrc04.csv,0.80908203125,92.0,20.0,0.903061224489796,0.5007072135785007,0.6442220200181983
dataset_nimda_6893_1_rrc04.csv,0.6600232198142415,92.0,20.0,1.0,0.005940594059405941,0.011811023622047244
dataset_nimda_6893_5_rrc04.csv,0.65478515625,92.0,20.0,0.0,0.0,0.0
dataset_nimda_513_1_rrc04.csv,0.6579914860681114,4.0,20.0,0.0,0.0,0.0
dataset_nimda_513_5_rrc04.csv,0.65478515625,4.0,20.0,0.0,0.0,0.0
dataset_nimda_559_1_rrc04.csv,0.6579914860681114,4.0,20.0,0.0,0.0,0.0
dataset_nimda_559_5_rrc04.csv,0.65478515625,4.0,20.0,0.0,0.0,0.0
dataset_nimda_6893_1_rrc04.csv,0.6579914860681114,4.0,20.0,0.0,0.0,0.0
dataset_nimda_6893_5_rrc04.csv,0.65478515625,4.0,20.0,0.0,0.0,0.0
dataset_nimda_513_1_rrc04.csv,0.6579914860681114,75.0,20.0,0.0,0.0,0.0
dataset_nimda_513_5_rrc04.csv,0.65478515625,75.0,20.0,0.0,0.0,0.0
dataset_nimda_559_1_rrc04.csv,0.6592492260061921,75.0,20.0,0.9333333333333332,0.0039603960396039604,0.00788732394366197
dataset_nimda_559_5_rrc04.csv,0.783203125,75.0,20.0,0.9283387622149836,0.4031117397454031,0.5621301775147929
dataset_nimda_6893_1_rrc04.csv,0.6590557275541795,75.0,20.0,1.0,0.003111739745403112,0.006204173716864073
dataset_nimda_6893_5_rrc04.csv,0.65478515625,75.0,20.0,0.0,0.0,0.0
dataset_nimda_513_1_rrc04.csv,0.6579914860681114,44.0,20.0,0.0,0.0,0.0
dataset_nimda_513_5_rrc04.csv,0.65478515625,44.0,20.0,0.0,0.0,0.0
dataset_nimda_559_1_rrc04.csv,0.6584752321981424,44.0,20.0,1.0,0.0014144271570014145,0.0028248587570621478
dataset_nimda_559_5_rrc04.csv,0.76123046875,44.0,20.0,0.9618644067796609,0.32107496463932106,0.4814422057264051
dataset_nimda_6893_1_rrc04.csv,0.6588622291021672,44.0,20.0,1.0,0.002545968882602546,0.005079006772009029
dataset_nimda_6893_5_rrc04.csv,0.65478515625,44.0,20.0,0.0,0.0,0.0
dataset_nimda_513_1_rrc04.csv,0.6579914860681114,8.0,20.0,0.0,0.0,0.0
dataset_nimda_513_5_rrc04.csv,0.65478515625,8.0,20.0,0.0,0.0,0.0
dataset_nimda_559_1_rrc04.csv,0.6579914860681114,8.0,20.0,0.0,0.0,0.0
dataset_nimda_559_5_rrc04.csv,0.65478515625,8.0,20.0,0.0,0.0,0.0
dataset_nimda_6893_1_rrc04.csv,0.6579914860681114,8.0,20.0,0.0,0.0,0.0
dataset_nimda_6893_5_rrc04.csv,0.65478515625,8.0,20.0,0.0,0.0,0.0
